{"stats":{"results":[{"command":"ruby benchmarks/json/stringify/main.rb","mean":0.05469513418000001,"stddev":0.0004597075160766724,"median":0.05468076728000001,"user":0.04820734000000001,"system":0.006397518199999997,"min":0.05345759128000001,"max":0.05681501128000001,"times":[0.05410431928000001,0.05416111928000001,0.05479091828,0.05441011828000001,0.05440501828000001,0.05433331928000001,0.05475751728000001,0.054672718280000004,0.054688417280000005,0.05463091828000001,0.05539891528000001,0.054722918280000005,0.05467311728000001,0.054454119280000005,0.05479181728000001,0.054628818280000005,0.05473361728000001,0.05491031728000001,0.05421651928000001,0.054243719280000005,0.054640817280000004,0.05470691828000001,0.05462841728000001,0.054917917280000006,0.05481041828000001,0.05429831928000001,0.05537981628000001,0.055109216280000005,0.05493941728000001,0.05484871728000001,0.05541171628000001,0.054887217280000004,0.054735218280000004,0.05579081428,0.055458916280000006,0.05514601628000001,0.055133616280000006,0.054647118280000004,0.05572001428000001,0.05516441728000001,0.05475611828000001,0.054932117280000005,0.05681501128000001,0.05503481728000001,0.054652017280000006,0.05430711228000001,0.05461388728000001,0.055368985280000005,0.05493208628000001,0.055325285280000004,0.05452508728000001,0.05498418628000001,0.05422848928000001,0.05430788828000001,0.054709987280000004,0.05498978628000001,0.054627787280000006,0.054657687280000006,0.055144886280000006,0.05496948628000001,0.055008486280000005,0.05472048728000001,0.05443818828000001,0.054498388280000004,0.054660087280000005,0.05475218728,0.05491518628000001,0.05501388628000001,0.054892386280000004,0.05488558628000001,0.054869987280000004,0.055017686280000005,0.054532687280000006,0.05440398828000001,0.054348088280000005,0.05445818828000001,0.05411868928000001,0.054810187280000006,0.05497938628000001,0.054242189280000006,0.054322488280000004,0.05476368728000001,0.054716487280000004,0.054550487280000004,0.05437818828,0.05417668928000001,0.053779390280000006,0.05405118928000001,0.054004990280000005,0.05345759128000001,0.053566991280000004,0.054631587280000005,0.05455598728000001,0.054011490280000005,0.05438268828000001,0.05445271528000001,0.054389828280000004,0.054456427280000004,0.054539927280000004,0.05477262728000001],"exit_codes":[0,0,0,0,0,0,0,0,0,0,0,0,0,0,0,0,0,0,0,0,0,0,0,0,0,0,0,0,0,0,0,0,0,0,0,0,0,0,0,0,0,0,0,0,0,0,0,0,0,0,0,0,0,0,0,0,0,0,0,0,0,0,0,0,0,0,0,0,0,0,0,0,0,0,0,0,0,0,0,0,0,0,0,0,0,0,0,0,0,0,0,0,0,0,0,0,0,0,0,0]}],"latency":null},"language":"JavaScript","tool":"server","type":"/iter","version":"1.37.1 (x64-linux)","additionalInfo":null,"runtime":"deno"}