{"stats":{"results":[{"command":"ruby benchmarks/json/stringify/main.rb","mean":0.040821429570000005,"stddev":0.00039312843739317525,"median":0.04073483272,"user":0.03672663000000001,"system":0.0040775788,"min":0.04028569622000001,"max":0.04195925022000001,"times":[0.04049795122000001,0.040525894220000004,0.04028569622000001,0.04099111322000001,0.04064284122,0.04057658822000001,0.041085466220000005,0.04069467822,0.04093408422000001,0.040735814220000006,0.040757975220000006,0.04041225222000001,0.04088993122000001,0.04101424422,0.04066629522,0.04090132322000001,0.040909749220000007,0.04124421122000001,0.040887958220000006,0.04092490722000001,0.040704786220000004,0.04051171722000001,0.04048079022000001,0.04045779722000001,0.04087456322000001,0.040756513220000005,0.04066566422000001,0.040461694220000004,0.04081642422000001,0.04045753622000001,0.041036635220000006,0.041064517220000006,0.04156465822000001,0.04142491922000001,0.04137581722000001,0.04145880222000001,0.041837657220000005,0.04195925022000001,0.040963198220000004,0.04099415622000001,0.04067481122,0.04103279722000001,0.041115141220000005,0.04081872922,0.040660214220000004,0.04048164222,0.040294492220000006,0.04041260322,0.040354975220000006,0.04051639622000001,0.040424685220000006,0.040671695220000005,0.04107563722,0.040346289220000005,0.04081200722000001,0.04150217222000001,0.04125494122000001,0.04050977322,0.04031028122000001,0.040733851220000006,0.04047867622,0.040800886220000006,0.04052148522000001,0.04064679822000001,0.04071951422,0.040535922220000006,0.040980370220000006,0.041924389220000004,0.04145391222000001,0.04084860522000001,0.04066185722000001,0.04053013122000001,0.040532576220000005,0.040358802220000004,0.040698775220000004,0.04070857422000001,0.04134105222000001,0.041179250220000005,0.04095303922000001,0.04091275422000001,0.041326225220000005,0.040453398220000006,0.04068686422000001,0.040388567220000005,0.040295084220000006,0.040418494220000004,0.040568552220000005,0.040754128220000005,0.04099925522,0.04147054322,0.040839397220000004,0.04170890722000001,0.04158457522,0.04138755822000001,0.04084928522,0.040382026220000006,0.04042506622000001,0.040447798220000004,0.040365785220000006,0.040554867220000006],"exit_codes":[0,0,0,0,0,0,0,0,0,0,0,0,0,0,0,0,0,0,0,0,0,0,0,0,0,0,0,0,0,0,0,0,0,0,0,0,0,0,0,0,0,0,0,0,0,0,0,0,0,0,0,0,0,0,0,0,0,0,0,0,0,0,0,0,0,0,0,0,0,0,0,0,0,0,0,0,0,0,0,0,0,0,0,0,0,0,0,0,0,0,0,0,0,0,0,0,0,0,0,0]}],"latency":null},"language":"Python","tool":"server","type":"/iter","version":"3.8.10 (x64-linux)","additionalInfo":null,"runtime":null}