{"stats":{"results":[{"command":"ruby benchmarks/json/stringify/main.rb","mean":0.04168669230000001,"stddev":0.0005399781767816311,"median":0.0416296223,"user":0.03687947000000002,"system":0.004765949,"min":0.040432137800000004,"max":0.04349402680000001,"times":[0.041877285800000004,0.042199299800000006,0.041842560800000005,0.04114294980000001,0.041486043800000004,0.04120359380000001,0.04084590380000001,0.04135953580000001,0.041688571800000004,0.04152036680000001,0.041076134800000004,0.040533838800000006,0.04227097380000001,0.04298535280000001,0.0422113828,0.041738215800000006,0.04222368480000001,0.041698379800000004,0.040988319800000006,0.0409739438,0.04142903580000001,0.04219605380000001,0.041758783800000004,0.041387066800000004,0.041326332800000004,0.0416907768,0.04124887780000001,0.04088986580000001,0.040432137800000004,0.0418233958,0.041930475800000006,0.041906680800000005,0.041622468800000006,0.0410946998,0.041066796800000006,0.0407815128,0.04124403880000001,0.041387578800000005,0.041790972800000006,0.041977524800000006,0.041636775800000005,0.041222357800000005,0.04138475280000001,0.041777688800000004,0.042430202800000004,0.04230432580000001,0.042582567800000005,0.042176075800000004,0.042391178800000005,0.04246552780000001,0.041571953800000006,0.0413257028,0.04180939880000001,0.04172908780000001,0.041657643800000005,0.04190832380000001,0.04238781280000001,0.042606562800000004,0.041933100800000005,0.04240472380000001,0.042770619800000007,0.042201042800000005,0.04205141280000001,0.04349402680000001,0.042018720800000006,0.042626560800000005,0.0418886768,0.04149436780000001,0.0414279238,0.041365446800000004,0.04161608680000001,0.041370335800000005,0.041261551800000004,0.0415370778,0.04185994380000001,0.041454984800000004,0.042041583800000004,0.04212267580000001,0.04134739380000001,0.04126015980000001,0.04140883880000001,0.04108929880000001,0.041620373800000006,0.04113844080000001,0.04242956080000001,0.041173807800000004,0.041898665800000005,0.04209065580000001,0.04160490580000001,0.04187159580000001,0.041435998800000005,0.04132172480000001,0.04147087480000001,0.0414890788,0.04119291280000001,0.04178005280000001,0.042519289800000006,0.04146957180000001,0.041101691800000006,0.0407941158],"exit_codes":[0,0,0,0,0,0,0,0,0,0,0,0,0,0,0,0,0,0,0,0,0,0,0,0,0,0,0,0,0,0,0,0,0,0,0,0,0,0,0,0,0,0,0,0,0,0,0,0,0,0,0,0,0,0,0,0,0,0,0,0,0,0,0,0,0,0,0,0,0,0,0,0,0,0,0,0,0,0,0,0,0,0,0,0,0,0,0,0,0,0,0,0,0,0,0,0,0,0,0,0]}],"latency":null},"language":"Python","tool":"server","type":"/iter","version":"3.8.10 (x64-linux)","additionalInfo":null,"runtime":null}