{"stats":{"results":[{"command":"ruby benchmarks/json/stringify/main.rb","mean":0.05505311957000002,"stddev":0.00025541393730129795,"median":0.05503223988000001,"user":0.04837125000000001,"system":0.006627368400000001,"min":0.05453904188000001,"max":0.05562832688000001,"times":[0.055250830880000004,0.055206730880000006,0.05533902988000001,0.055435228880000006,0.05527912988000001,0.05559142788000001,0.05543962888000001,0.05537662888000001,0.055319129880000005,0.05562832688000001,0.055330929880000004,0.055271629880000006,0.055501327880000006,0.055497927880000006,0.05549782788,0.055509227880000005,0.05544922788000001,0.055212030880000006,0.05520563088000001,0.05534932888000001,0.05541062888000001,0.05526972988000001,0.055410128880000006,0.055043632880000005,0.05518943088000001,0.05533152988000001,0.055076131880000004,0.055148530880000005,0.054798934880000004,0.055178230880000005,0.055255229880000006,0.055057832880000004,0.05469583588000001,0.05525073088000001,0.05493613388000001,0.054875233880000006,0.05489263388000001,0.05467653588000001,0.054841133880000004,0.054670135880000005,0.05469003588000001,0.05521603088,0.05477883588000001,0.054929033880000006,0.05469363588000001,0.05480726088000001,0.054887440880000006,0.054971340880000004,0.054647041880000004,0.054861540880000004,0.054944140880000006,0.05505303988000001,0.05514883988000001,0.054924040880000004,0.05475894188000001,0.054778841880000005,0.05453904188000001,0.05464264188000001,0.054905940880000004,0.054842740880000004,0.05496014088000001,0.05477944088000001,0.055207139880000006,0.05513053988,0.05510323988000001,0.055093439880000004,0.05475384088000001,0.054763341880000004,0.05480264088,0.05478984188000001,0.055295639880000004,0.05494473988,0.05491354088000001,0.054783941880000006,0.054927939880000005,0.05499784088,0.05498163988000001,0.05508893988000001,0.054895340880000004,0.05501754088000001,0.05508663988,0.05478204088000001,0.054697741880000005,0.05517923988000001,0.05476274088000001,0.054955940880000005,0.05503493988000001,0.05497924088000001,0.055029539880000006,0.05481274088000001,0.05502174088,0.05502284088000001,0.05517533988000001,0.05471574188000001,0.055202739880000004,0.05515723988000001,0.05544543888,0.05530473888,0.055193639880000006,0.054801040880000006],"exit_codes":[0,0,0,0,0,0,0,0,0,0,0,0,0,0,0,0,0,0,0,0,0,0,0,0,0,0,0,0,0,0,0,0,0,0,0,0,0,0,0,0,0,0,0,0,0,0,0,0,0,0,0,0,0,0,0,0,0,0,0,0,0,0,0,0,0,0,0,0,0,0,0,0,0,0,0,0,0,0,0,0,0,0,0,0,0,0,0,0,0,0,0,0,0,0,0,0,0,0,0,0]}],"latency":null},"language":"Python","tool":"server","type":"/iter","version":"3.8.10 (x64-linux)","additionalInfo":null,"runtime":null}