{"stats":{"results":[{"command":"ruby benchmarks/json/stringify/main.rb","mean":0.06083892026999999,"stddev":0.0007323302105882514,"median":0.061078992260000006,"user":0.04922911999999999,"system":0.011526280999999998,"min":0.058703003260000004,"max":0.06197008826000001,"times":[0.061229491260000005,0.06107129226000001,0.059527999260000006,0.06154709026000001,0.05956120026000001,0.06116719226000001,0.06126659126000001,0.06103729226000001,0.06122629126000001,0.061255091260000005,0.059431900260000003,0.06152429026000001,0.06120119126000001,0.061091292260000006,0.06130969126000001,0.061220791260000004,0.061103792260000005,0.061430490260000005,0.06139799026000001,0.061469090260000005,0.061016192260000005,0.061602289260000005,0.06187468826000001,0.05980129826,0.06092489226000001,0.061372091260000004,0.05934670126000001,0.06155809026000001,0.060882593260000006,0.06116009126000001,0.06111699226000001,0.06074439426000001,0.059375000260000005,0.06072319326000001,0.06089399326000001,0.061095791260000004,0.061383491260000006,0.06155038926000001,0.06142739026000001,0.06113959226000001,0.060967993260000006,0.061227791260000004,0.059133501260000006,0.05941180026000001,0.06150229026,0.059810998260000005,0.06105329226000001,0.060908592260000005,0.061230691260000004,0.059231001260000006,0.06077069326000001,0.059405200260000006,0.06141929026,0.06168038926,0.06099829226,0.06131389126,0.06136759126000001,0.06116839126,0.061270091260000006,0.06093019226000001,0.06118359226000001,0.06119029226000001,0.06138229026000001,0.061392090260000004,0.06115319226000001,0.060861593260000006,0.06057749426,0.060514795260000004,0.06087979326000001,0.06091189326000001,0.061252391260000004,0.06105449226000001,0.06048189426000001,0.06033669626000001,0.058703003260000004,0.06026599526,0.061086692260000006,0.06077869326000001,0.06067859426,0.060936092260000005,0.06080549326000001,0.059401500260000004,0.060792493260000004,0.060890793260000006,0.060627794260000006,0.061154491260000006,0.058885702260000006,0.06081969326000001,0.061220091260000005,0.06125399126000001,0.06197008826000001,0.06085759326000001,0.06100399326000001,0.061762488260000005,0.05975049826000001,0.061501390260000004,0.06144459026000001,0.061389990260000006,0.059369700260000005,0.05950689926000001],"exit_codes":[0,0,0,0,0,0,0,0,0,0,0,0,0,0,0,0,0,0,0,0,0,0,0,0,0,0,0,0,0,0,0,0,0,0,0,0,0,0,0,0,0,0,0,0,0,0,0,0,0,0,0,0,0,0,0,0,0,0,0,0,0,0,0,0,0,0,0,0,0,0,0,0,0,0,0,0,0,0,0,0,0,0,0,0,0,0,0,0,0,0,0,0,0,0,0,0,0,0,0,0]}],"latency":null},"language":"JavaScript","tool":"server","type":"/iter","version":"1.30.0 (x64-linux)","additionalInfo":null,"runtime":"deno"}