{"stats":{"results":[{"command":"ruby benchmarks/json/stringify/main.rb","mean":0.06107410175,"stddev":0.0005838525483913278,"median":0.06103674152000001,"user":0.04904019,"system":0.011929686599999998,"min":0.06006988202000001,"max":0.06421804102,"times":[0.06122469402000001,0.06113959302000001,0.06104889202000001,0.060592984020000004,0.06092799002000001,0.06035038102,0.060863889020000006,0.060971690020000004,0.060754487020000005,0.06066728602000001,0.060803788020000006,0.06048048302,0.06102999202000001,0.061094593020000004,0.06118159402000001,0.06145489802000001,0.061051892020000005,0.061258695020000004,0.060940590020000004,0.06145729902000001,0.06090649002000001,0.06145749802,0.06117969402000001,0.06139499702000001,0.06156790002000001,0.061469698020000005,0.061601500020000005,0.060638185020000006,0.06150769902,0.061731402020000006,0.06119539402000001,0.06095379102000001,0.060416382020000006,0.06034338102,0.060519383020000005,0.060402781020000004,0.060927790020000004,0.061274696020000005,0.06209750802000001,0.06219470902,0.06142149702000001,0.06171840202000001,0.06180970302000001,0.061190394020000004,0.06127829602000001,0.061051392020000005,0.06124009502000001,0.061364497020000006,0.06086008802000001,0.061027991020000005,0.06079328802000001,0.06062808502000001,0.06207760802000001,0.06222351002000001,0.061235094020000005,0.06104349102000001,0.06093079002000001,0.06070268702000001,0.06093669002,0.060659686020000006,0.06143959702,0.06140079702000001,0.061634301020000004,0.06132309602000001,0.06138099602000001,0.06084098902000001,0.060866489020000004,0.06140819802000001,0.06181090402,0.06421804102,0.06080368802,0.060867489020000005,0.06142789802000001,0.06151429902000001,0.06201320702,0.060811988020000006,0.061314695020000004,0.06192650502000001,0.06075148702000001,0.06138699702,0.06133579602,0.060663485020000005,0.060732787020000005,0.060452783020000005,0.06121059402000001,0.06055958402000001,0.060159778020000006,0.060354281020000004,0.06016528302000001,0.06042288702,0.060238984020000004,0.06006988202000001,0.060664291020000004,0.060312386020000004,0.060416187020000005,0.06061139002000001,0.06046148802000001,0.061242000020000006,0.06027818402000001,0.06064659002000001],"exit_codes":[0,0,0,0,0,0,0,0,0,0,0,0,0,0,0,0,0,0,0,0,0,0,0,0,0,0,0,0,0,0,0,0,0,0,0,0,0,0,0,0,0,0,0,0,0,0,0,0,0,0,0,0,0,0,0,0,0,0,0,0,0,0,0,0,0,0,0,0,0,0,0,0,0,0,0,0,0,0,0,0,0,0,0,0,0,0,0,0,0,0,0,0,0,0,0,0,0,0,0,0]}],"latency":null},"language":"JavaScript","tool":"server","type":"/iter","version":"0.6.8 (x64-linux)","additionalInfo":null,"runtime":"bun"}