{"stats":{"results":[{"command":"ruby benchmarks/json/stringify/main.rb","mean":0.06112613846000002,"stddev":0.0005254220493241984,"median":0.06104738844000001,"user":0.04695376999999998,"system":0.014070180000000003,"min":0.05966372944000001,"max":0.06237604544000001,"times":[0.061007664440000005,0.06104576544000001,0.060785359440000006,0.061153969440000004,0.060986664440000005,0.06057535344000001,0.06078375944000001,0.06039164844000001,0.06119996944000001,0.061595280440000004,0.06139937544000001,0.061204470440000006,0.06132067244000001,0.06166508244000001,0.06199869044000001,0.06160558044000001,0.061210470440000005,0.06091366244000001,0.06165428144000001,0.06207789244000001,0.061222070440000005,0.06095346344000001,0.061133468440000005,0.060833660440000006,0.06103676544000001,0.06127507144000001,0.06168548244,0.061311672440000006,0.06148387744000001,0.061098467440000005,0.06073205744000001,0.06065235544000001,0.061160468440000004,0.061890788440000004,0.06126347144000001,0.062305098440000005,0.06134367444000001,0.06149397744000001,0.06204799244000001,0.06099206444000001,0.061041765440000006,0.06101646544000001,0.061748884440000006,0.06142737544000001,0.06142237644,0.061281171440000004,0.06099456544000001,0.061363574440000006,0.061023365440000005,0.06090876244000001,0.06052585244000001,0.060173043440000004,0.05966372944000001,0.06027484544000001,0.061013265440000006,0.06063305444000001,0.061622381440000006,0.06170998344000001,0.06181138644000001,0.061461576440000006,0.06094556344000001,0.06082696044000001,0.06087666144000001,0.060525052440000005,0.05982583344000001,0.06026784544000001,0.060359748440000006,0.060632555440000006,0.06081876044000001,0.06050635144000001,0.060559353440000005,0.06196428944000001,0.060678856440000005,0.06206729244000001,0.061530972440000005,0.06167402844000001,0.062138239440000013,0.06128121844000001,0.060958110440000005,0.061435722440000014,0.060828006440000006,0.06073520344000001,0.060988810440000006,0.06093140944000001,0.06050139744000001,0.06072450344000001,0.060542899440000006,0.060507398440000006,0.06054329944000001,0.06104901144000001,0.06155342544000001,0.061147114440000004,0.060916109440000005,0.060766705440000006,0.061363020440000006,0.06130581844000001,0.06078820544000001,0.06159542544000001,0.06196763544000001,0.06237604544000001],"exit_codes":[0,0,0,0,0,0,0,0,0,0,0,0,0,0,0,0,0,0,0,0,0,0,0,0,0,0,0,0,0,0,0,0,0,0,0,0,0,0,0,0,0,0,0,0,0,0,0,0,0,0,0,0,0,0,0,0,0,0,0,0,0,0,0,0,0,0,0,0,0,0,0,0,0,0,0,0,0,0,0,0,0,0,0,0,0,0,0,0,0,0,0,0,0,0,0,0,0,0,0,0]}],"latency":null},"language":"Python","tool":"server","type":"/iter","version":"3.8.10 (x64-linux)","additionalInfo":null,"runtime":null}