{"stats":{"results":[{"command":"ruby benchmarks/json/stringify/main.rb","mean":0.05893490127999998,"stddev":0.0007482715991177485,"median":0.058997269180000006,"user":0.04908605000000002,"system":0.009795368399999999,"min":0.057229077180000004,"max":0.06029366718,"times":[0.057229077180000004,0.059324270180000006,0.05756217618000001,0.05921047118000001,0.05920277018,0.059735369180000004,0.05970437018000001,0.05797797418,0.05916987118000001,0.059404370180000006,0.059198970180000005,0.05930557118000001,0.05733657618000001,0.05887097218000001,0.058528872180000004,0.059017572180000005,0.057528275180000005,0.05889727218000001,0.057272076180000006,0.058931172180000005,0.059566770180000006,0.06029366718,0.06007256818000001,0.05926137118000001,0.059222371180000004,0.057637876180000006,0.05909637218000001,0.05741937718000001,0.058795772180000004,0.05888787218000001,0.058735472180000005,0.058920272180000004,0.059057571180000004,0.058830272180000004,0.057332876180000006,0.05736647618000001,0.05896477118000001,0.058899072180000005,0.05857567318,0.05879977218000001,0.05877467218000001,0.05929087118,0.05892167118,0.05895257218,0.05897157118000001,0.05909247118000001,0.05906357118,0.05729627718000001,0.05899137118000001,0.05934066618000001,0.058125670180000005,0.059431465180000004,0.05947266518000001,0.05926916518000001,0.059413866180000004,0.05947606518000001,0.05925886518000001,0.058967967180000004,0.05988066418000001,0.059595564180000005,0.059730965180000005,0.05784497118,0.057836571180000004,0.05956026418,0.059662965180000006,0.05946736518000001,0.05924026518000001,0.058946567180000006,0.058906667180000004,0.058683467180000004,0.05861096818000001,0.05888006718000001,0.05982016418,0.05996056318000001,0.06006186318000001,0.05968546518000001,0.05991716318,0.05968356518000001,0.057818270180000006,0.06009376318000001,0.058125169180000005,0.05945286518000001,0.059133466180000004,0.05924316618000001,0.05884336718000001,0.05880116718000001,0.058878467180000005,0.058892467180000005,0.058896766180000004,0.05878646718,0.05900316718,0.05886796718000001,0.05905876618000001,0.05785847018,0.05743447118000001,0.05966376518000001,0.05986526418000001,0.06002016318000001,0.059614164180000005,0.05790667018000001],"exit_codes":[0,0,0,0,0,0,0,0,0,0,0,0,0,0,0,0,0,0,0,0,0,0,0,0,0,0,0,0,0,0,0,0,0,0,0,0,0,0,0,0,0,0,0,0,0,0,0,0,0,0,0,0,0,0,0,0,0,0,0,0,0,0,0,0,0,0,0,0,0,0,0,0,0,0,0,0,0,0,0,0,0,0,0,0,0,0,0,0,0,0,0,0,0,0,0,0,0,0,0,0]}],"latency":null},"language":"Python","tool":"server","type":"/iter","version":"3.8.10 (x64-linux)","additionalInfo":null,"runtime":null}