{"stats":{"results":[{"command":"ruby benchmarks/json/stringify/main.rb","mean":0.056051978920000016,"stddev":0.0008762565115885451,"median":0.05590823684,"user":0.04785023000000001,"system":0.008067158000000001,"min":0.055075215840000004,"max":0.06300361084,"times":[0.06300361084,0.055075215840000004,0.055298320840000005,0.055497925840000004,0.05529862084000001,0.05513551784000001,0.05683755984000001,0.055508326840000004,0.055236319840000006,0.05533882284000001,0.055839334840000004,0.055707031840000004,0.05550192584000001,0.05574583184000001,0.055762832840000005,0.056331146840000006,0.05616944284000001,0.056176142840000005,0.05569823184000001,0.05614774284000001,0.05569733084,0.05600533884000001,0.055532226840000004,0.05534702284000001,0.05572723184000001,0.05556352784000001,0.056032738840000006,0.05714266684000001,0.05644884984000001,0.055986637840000006,0.055908136840000004,0.05552702684000001,0.05637204784000001,0.056294445840000006,0.05614144184000001,0.05534382184000001,0.05599923884000001,0.056449949840000006,0.05586793484000001,0.05586043484000001,0.05550432684000001,0.056333046840000005,0.055422423840000005,0.055661930840000005,0.05580253384000001,0.05682815984,0.05579073284000001,0.05521081984000001,0.05612054184,0.055744231840000005,0.05539122384,0.055456924840000005,0.05509101684000001,0.05546072584000001,0.055697931840000006,0.05587103484000001,0.055529826840000004,0.056121341840000005,0.05665615484000001,0.056221043840000005,0.05604513984000001,0.05609834184,0.05578513284000001,0.055417323840000005,0.05656685284000001,0.05638054784,0.056626853840000005,0.05580903384000001,0.05782588384000001,0.057498375840000004,0.05685295984000001,0.05618514384000001,0.05627744484000001,0.056736456840000005,0.056146941840000006,0.05590833684,0.05602363884000001,0.05598433784000001,0.05597563784000001,0.055694230840000004,0.05526302084,0.055859634840000005,0.05572983184000001,0.05589113584000001,0.05570303184000001,0.055819334840000005,0.05661495384000001,0.055977738840000006,0.05620614384000001,0.05620614384000001,0.05626774484000001,0.05597413784000001,0.056334546840000006,0.05559352884,0.055676629840000005,0.05662215384000001,0.05652625184000001,0.05705596484000001,0.056961462840000004,0.056601952840000004],"exit_codes":[0,0,0,0,0,0,0,0,0,0,0,0,0,0,0,0,0,0,0,0,0,0,0,0,0,0,0,0,0,0,0,0,0,0,0,0,0,0,0,0,0,0,0,0,0,0,0,0,0,0,0,0,0,0,0,0,0,0,0,0,0,0,0,0,0,0,0,0,0,0,0,0,0,0,0,0,0,0,0,0,0,0,0,0,0,0,0,0,0,0,0,0,0,0,0,0,0,0,0,0]}],"latency":null},"language":"Python","tool":"server","type":"/iter","version":"3.8.10 (x64-linux)","additionalInfo":null,"runtime":null}