{"stats":{"results":[{"command":"ruby benchmarks/json/stringify/main.rb","mean":0.06038976775999999,"stddev":0.0006804323258867734,"median":0.060219070080000006,"user":0.047583320000000005,"system":0.012721770000000004,"min":0.05921928958000001,"max":0.06244508658,"times":[0.06079213658,0.06065613358000001,0.060975942580000005,0.06059703058000001,0.06005551558,0.060417725580000005,0.06076943658000001,0.06084713958000001,0.060784936580000004,0.060903040580000005,0.06062263158000001,0.06105024458,0.06244508658,0.061413255580000006,0.061237950580000006,0.06121854958,0.06156695958000001,0.06142415558,0.062197378580000004,0.061316153580000005,0.06155545958,0.06135735458000001,0.06080543758,0.060825037580000005,0.06022422058000001,0.060229920580000006,0.060213919580000004,0.061122546580000006,0.06209367558000001,0.06077643658000001,0.06084323858000001,0.060976242580000006,0.060823837580000005,0.059799607580000004,0.05983550858000001,0.05984100858000001,0.05980560758,0.05921928958000001,0.060026614580000005,0.06043232558000001,0.06070803458000001,0.060178218580000005,0.060601230580000005,0.06078563758,0.06170036358,0.06061973258000001,0.060032414580000006,0.05950859858000001,0.060209119580000005,0.06005561458000001,0.060406425580000006,0.06032352358,0.05994341158000001,0.05999201358,0.06061053158000001,0.06026692158000001,0.059781007580000003,0.05992291058000001,0.059959212580000004,0.060483428580000005,0.061056144580000006,0.060458527580000004,0.06017571958000001,0.05957650158,0.060037914580000004,0.060107916580000004,0.059838008580000004,0.059248690580000006,0.05959430158000001,0.059544200580000005,0.05975530658000001,0.059999313580000005,0.059651403580000005,0.05968480358000001,0.05977580658000001,0.06009861558000001,0.05935719458000001,0.05990581058,0.060048314580000005,0.05988740958000001,0.060607531580000006,0.05973500358000001,0.059829806580000006,0.059634500580000006,0.060059413580000005,0.05968670158000001,0.05993590958000001,0.06001361258000001,0.05987530858000001,0.05983930758000001,0.05976550558,0.06022661858000001,0.06079863558,0.06121744758000001,0.06030072058000001,0.059795005580000005,0.06207537358000001,0.060137815580000004,0.059747504580000006,0.05970610358],"exit_codes":[0,0,0,0,0,0,0,0,0,0,0,0,0,0,0,0,0,0,0,0,0,0,0,0,0,0,0,0,0,0,0,0,0,0,0,0,0,0,0,0,0,0,0,0,0,0,0,0,0,0,0,0,0,0,0,0,0,0,0,0,0,0,0,0,0,0,0,0,0,0,0,0,0,0,0,0,0,0,0,0,0,0,0,0,0,0,0,0,0,0,0,0,0,0,0,0,0,0,0,0]}],"latency":null},"language":"Python","tool":"server","type":"/iter","version":"3.8.10 (x64-linux)","additionalInfo":null,"runtime":null}