{"stats":{"results":[{"command":"ruby benchmarks/json/stringify/main.rb","mean":0.055790584410000045,"stddev":0.0008920990900821136,"median":0.05571184782000001,"user":0.04715500000000002,"system":0.0085472008,"min":0.054296680820000005,"max":0.058510630820000006,"times":[0.056197902820000006,0.05643480682000001,0.058510630820000006,0.05777672182000001,0.05647920682000001,0.05514489082000001,0.05575319782,0.057739420820000005,0.054576883820000005,0.05527019182000001,0.054921787820000005,0.05632850482000001,0.056099601820000004,0.05515049082000001,0.055720497820000006,0.056569807820000005,0.054903187820000005,0.05469968582,0.054296680820000005,0.05571399782000001,0.05582019882000001,0.05473078582000001,0.054605584820000004,0.05624450382000001,0.05607320182000001,0.05467328482000001,0.05440028182000001,0.055409593820000005,0.055831198820000004,0.05475828582000001,0.055195690820000004,0.05564259682000001,0.056473506820000005,0.05537059282000001,0.05663840782000001,0.05532469282000001,0.057188214820000006,0.055635496820000005,0.055138289820000005,0.05489048782000001,0.05672150982000001,0.05586759982000001,0.05454228382000001,0.054836086820000005,0.05656000782000001,0.056386905820000006,0.05492958882000001,0.05555839582000001,0.05645860582000001,0.057115514820000005,0.055945200820000006,0.055743597820000004,0.05559099682000001,0.05730921682000001,0.056680108820000005,0.056524907820000005,0.05583859882000001,0.05710231382000001,0.056899011820000005,0.05544999382000001,0.05522529082000001,0.05650360682,0.05637560582000001,0.055151790820000005,0.055397292820000006,0.05661040782000001,0.05685421082000001,0.05546669482000001,0.055296192820000006,0.05570969782000001,0.05656370782,0.055218691820000006,0.056350604820000004,0.05644920582000001,0.05692521182000001,0.055907299820000006,0.055628695820000004,0.055144590820000006,0.056344104820000004,0.055624396820000005,0.05472448582000001,0.05455498382000001,0.05665510882000001,0.05509418982000001,0.05495538782000001,0.055554195820000006,0.058370128820000006,0.05571959682000001,0.05509998982000001,0.054781586820000006,0.05634520582000001,0.056416005820000004,0.05451888382000001,0.054659884820000004,0.05564739682000001,0.056228303820000006,0.05464528482000001,0.05462888482000001,0.05507928982000001,0.056238903820000005],"exit_codes":[0,0,0,0,0,0,0,0,0,0,0,0,0,0,0,0,0,0,0,0,0,0,0,0,0,0,0,0,0,0,0,0,0,0,0,0,0,0,0,0,0,0,0,0,0,0,0,0,0,0,0,0,0,0,0,0,0,0,0,0,0,0,0,0,0,0,0,0,0,0,0,0,0,0,0,0,0,0,0,0,0,0,0,0,0,0,0,0,0,0,0,0,0,0,0,0,0,0,0,0]}],"latency":null},"language":"JavaScript","tool":"server","type":"/iter","version":"21.0.0 (x64-linux)","additionalInfo":null,"runtime":"node"}