{"stats":{"results":[{"command":"ruby benchmarks/json/stringify/main.rb","mean":0.060575245430000015,"stddev":0.00044356498272717017,"median":0.060589345200000005,"user":0.048056289999999995,"system":0.012420760199999993,"min":0.059631844200000006,"max":0.06206526220000001,"times":[0.0615206462,0.060916242200000005,0.06089194120000001,0.06056183920000001,0.060375838200000004,0.061194944200000004,0.060757940200000006,0.060863842200000004,0.060997542200000004,0.06096244220000001,0.0607684402,0.060968141200000006,0.0608350402,0.06100634220000001,0.06057533920000001,0.060470539200000006,0.06061443920000001,0.06020273720000001,0.060644040200000006,0.0610339422,0.06100154220000001,0.060670039200000005,0.060530139200000006,0.060681440200000006,0.06024253720000001,0.0601728362,0.060745840200000005,0.06078194020000001,0.061003342200000005,0.061010342200000005,0.060423545200000005,0.06093345320000001,0.060622251200000005,0.06028424820000001,0.060286048200000004,0.06077465220000001,0.06091415420000001,0.0611012552,0.060652151200000004,0.06043345020000001,0.060774753200000003,0.06060335120000001,0.061014954200000006,0.06141895720000001,0.06099425420000001,0.06206526220000001,0.06133455620000001,0.06075725320000001,0.060802752200000004,0.06178025920000001,0.06096215320000001,0.060696152200000006,0.0610119542,0.06120665520000001,0.06080535320000001,0.060628751200000004,0.0607100522,0.06030384920000001,0.060716152200000005,0.059977346200000003,0.05987564520000001,0.060566950200000004,0.060488750200000004,0.060458450200000007,0.06036005020000001,0.059854346200000005,0.059985646200000006,0.060094247200000006,0.059949446200000006,0.060236848200000005,0.060785653200000005,0.06046835020000001,0.060466650200000006,0.060574251200000005,0.06030044920000001,0.060180648200000006,0.059631844200000006,0.06055725120000001,0.060426050200000005,0.06033224920000001,0.060152848200000004,0.06040105020000001,0.05992634620000001,0.0604059502,0.060137148200000004,0.05994874620000001,0.060080247200000006,0.05998574720000001,0.05991984620000001,0.060143248200000006,0.0599370462,0.06010374820000001,0.059867646200000006,0.059905746200000005,0.06069165220000001,0.061027454200000004,0.060407249200000006,0.0600386472,0.060101647200000004,0.06075655220000001],"exit_codes":[0,0,0,0,0,0,0,0,0,0,0,0,0,0,0,0,0,0,0,0,0,0,0,0,0,0,0,0,0,0,0,0,0,0,0,0,0,0,0,0,0,0,0,0,0,0,0,0,0,0,0,0,0,0,0,0,0,0,0,0,0,0,0,0,0,0,0,0,0,0,0,0,0,0,0,0,0,0,0,0,0,0,0,0,0,0,0,0,0,0,0,0,0,0,0,0,0,0,0,0]}],"latency":null},"language":"Python","tool":"server","type":"/iter","version":"3.8.10 (x64-linux)","additionalInfo":null,"runtime":null}