{"stats":{"results":[{"command":"ruby benchmarks/json/stringify/main.rb","mean":0.06131426256000003,"stddev":0.0005489744097409531,"median":0.06126873622000001,"user":0.04904398000000001,"system":0.012185149999999995,"min":0.06045118422000001,"max":0.06452108722,"times":[0.062167486220000005,0.06177428522000001,0.06105378622,0.06315168622,0.06168528622,0.06183188622,0.06156088522000001,0.06167108622000001,0.06181598522,0.06210538622000001,0.06176628622,0.061353585220000006,0.061148185220000005,0.061301685220000006,0.06118378522000001,0.06075308522000001,0.060633185220000003,0.06165758622000001,0.06198608622000001,0.06125278522000001,0.06187968622,0.06141568522000001,0.06121968622000001,0.061320985220000006,0.061219585220000004,0.061349686220000005,0.060882785220000006,0.06122918522000001,0.06115068622000001,0.06092748522000001,0.06066228522000001,0.060974485220000006,0.061333285220000006,0.06127158622000001,0.06166248522,0.061469586220000004,0.06114878522000001,0.060466685220000004,0.060785485220000005,0.06046488522000001,0.06048278422000001,0.06097218622000001,0.060839285220000004,0.06148608522000001,0.061090485220000004,0.060729085220000006,0.06060808522,0.06080448522000001,0.060967685220000005,0.06104718622000001,0.060554285220000004,0.06187768522000001,0.061013785220000005,0.060791485220000004,0.06045118422000001,0.060785485220000005,0.060799685220000003,0.06068908522000001,0.061166986220000004,0.06171308522000001,0.061017185220000006,0.06098398522000001,0.060910485220000005,0.061154685220000005,0.06174258622000001,0.06162148522,0.06185318622,0.06187908622000001,0.06165678522,0.06166608522000001,0.061309586220000004,0.06100998522000001,0.06142498522000001,0.06120838522000001,0.06126588622000001,0.06162228522000001,0.061110586220000006,0.06452108722,0.06136748622,0.060762385220000006,0.06121858522,0.06136068522000001,0.061181986220000005,0.06142948522,0.061590286220000005,0.06138908522000001,0.061271986220000005,0.061726785220000004,0.062047286220000004,0.061200285220000004,0.06133918622000001,0.060998785220000004,0.06141208522,0.06122848622000001,0.06161078522000001,0.061282586220000004,0.06132518522000001,0.06097268522000001,0.061670386220000005,0.06152228522000001],"exit_codes":[0,0,0,0,0,0,0,0,0,0,0,0,0,0,0,0,0,0,0,0,0,0,0,0,0,0,0,0,0,0,0,0,0,0,0,0,0,0,0,0,0,0,0,0,0,0,0,0,0,0,0,0,0,0,0,0,0,0,0,0,0,0,0,0,0,0,0,0,0,0,0,0,0,0,0,0,0,0,0,0,0,0,0,0,0,0,0,0,0,0,0,0,0,0,0,0,0,0,0,0]}],"latency":null},"language":"Python","tool":"server","type":"/iter","version":"3.8.10 (x64-linux)","additionalInfo":null,"runtime":null}