{"stats":{"results":[{"command":"ruby benchmarks/json/stringify/main.rb","mean":0.04217216559000001,"stddev":0.0006638511632927896,"median":0.042138663480000005,"user":0.037070439999999996,"system":0.005101777199999998,"min":0.040629734980000005,"max":0.04354932998,"times":[0.04294303798000001,0.04235071398,0.04203680798000001,0.04110337798000001,0.04152386198000001,0.04144605698000001,0.04153780798000001,0.041667519980000005,0.042482669980000005,0.041960695980000004,0.041631791980000006,0.04087438098000001,0.040889939980000005,0.043059660980000004,0.042808918980000006,0.04324698498000001,0.043233780980000004,0.04339787598000001,0.043339466980000005,0.04233771998000001,0.04242721698000001,0.04275809298000001,0.04210569598,0.04220164598000001,0.041867633980000006,0.04164503798000001,0.04187135998000001,0.042134960980000004,0.041935248980000006,0.042071402980000006,0.041810055980000004,0.041163288980000004,0.041740655980000006,0.04271447198000001,0.04306681198000001,0.041477793980000004,0.041699568980000004,0.04178390698000001,0.041551733980000005,0.041621142980000005,0.04172380398000001,0.04155162298000001,0.04167325998000001,0.041495679980000005,0.042311580980000006,0.04169269598000001,0.041422001980000005,0.04298928498000001,0.04253470698,0.04290139098000001,0.043119376980000006,0.04273471098000001,0.042780575980000006,0.042338109980000004,0.042196245980000005,0.04320179098000001,0.04259122298,0.042142365980000006,0.041752838980000005,0.04132539198000001,0.04215282498,0.04166123898000001,0.041823290980000004,0.04157980698000001,0.042342167980000005,0.04187603898000001,0.04150058898,0.041900805980000004,0.041789447980000005,0.04145728898000001,0.04295051298000001,0.04214368898,0.04156587098,0.040671893980000005,0.040629734980000005,0.04252738398000001,0.04354932998,0.04339846898000001,0.042097621980000006,0.041748330980000005,0.04252802498000001,0.04214396998000001,0.042035125980000004,0.042390550980000004,0.042326508980000004,0.04157180198,0.04150621898000001,0.042436082980000005,0.04284383398,0.04257158598000001,0.042501114980000004,0.04297372598000001,0.043529301980000004,0.04292819198000001,0.04251725498000001,0.042034955980000004,0.04251187598000001,0.043202300980000004,0.042525990980000004,0.042772340980000004],"exit_codes":[0,0,0,0,0,0,0,0,0,0,0,0,0,0,0,0,0,0,0,0,0,0,0,0,0,0,0,0,0,0,0,0,0,0,0,0,0,0,0,0,0,0,0,0,0,0,0,0,0,0,0,0,0,0,0,0,0,0,0,0,0,0,0,0,0,0,0,0,0,0,0,0,0,0,0,0,0,0,0,0,0,0,0,0,0,0,0,0,0,0,0,0,0,0,0,0,0,0,0,0]}],"latency":null},"language":"Python","tool":"server","type":"/iter","version":"3.8.10 (x64-linux)","additionalInfo":null,"runtime":null}