{"stats":{"results":[{"command":"ruby benchmarks/json/stringify/main.rb","mean":0.060620229800000015,"stddev":0.0007673343409948677,"median":0.06092228962000001,"user":0.04899282000000001,"system":0.011543630000000003,"min":0.05820678262000001,"max":0.061551290620000004,"times":[0.06136389062000001,0.06114308962000001,0.061042589620000004,0.059484686620000005,0.061148289620000004,0.06125969062000001,0.061112089620000004,0.06089748962000001,0.06094278962000001,0.060665888620000004,0.06082148962000001,0.06083188962000001,0.061200689620000005,0.060991189620000004,0.06052488862000001,0.06088028962000001,0.06112788962000001,0.061294290620000004,0.059463486620000006,0.061263189620000005,0.061244390620000005,0.05930118562000001,0.060886989620000005,0.06106138962,0.061100090620000005,0.060943888620000004,0.061064389620000006,0.060975989620000004,0.06123888962000001,0.05934528662000001,0.06092738962000001,0.06145199062000001,0.06068658862000001,0.06099278962000001,0.05934888562000001,0.06091648962000001,0.05920248562000001,0.06108769062000001,0.06079858862,0.06083468962000001,0.060578088620000005,0.06074808962000001,0.05888348462000001,0.058886484620000006,0.06053038862000001,0.060129987620000006,0.05932318562,0.06119688962000001,0.058808985620000004,0.05820678262000001,0.058553484620000006,0.06072708862000001,0.06107869062000001,0.06106088962000001,0.06082798962000001,0.06130598962000001,0.061237390620000005,0.060946389620000006,0.06076018862000001,0.060395888620000004,0.060770389620000004,0.06152009062000001,0.061188389620000005,0.060337988620000005,0.060963489620000005,0.061043589620000005,0.060602188620000004,0.06002518762,0.060403388620000005,0.060792588620000004,0.06033688762000001,0.06065278862000001,0.061044090620000005,0.06101348962000001,0.05915568562000001,0.06102538962000001,0.05940128562000001,0.06099548962000001,0.06074128962000001,0.06105678962000001,0.061155089620000005,0.06058908962000001,0.05900898462,0.06111098962000001,0.06094308862000001,0.059279386620000006,0.061270189620000005,0.06133709062000001,0.06137919062000001,0.061215890620000005,0.059787286620000005,0.061551290620000004,0.060937889620000005,0.06123319062000001,0.061352290620000006,0.05972398662000001,0.05937158562000001,0.061036389620000006,0.060917189620000006,0.06069618962000001],"exit_codes":[0,0,0,0,0,0,0,0,0,0,0,0,0,0,0,0,0,0,0,0,0,0,0,0,0,0,0,0,0,0,0,0,0,0,0,0,0,0,0,0,0,0,0,0,0,0,0,0,0,0,0,0,0,0,0,0,0,0,0,0,0,0,0,0,0,0,0,0,0,0,0,0,0,0,0,0,0,0,0,0,0,0,0,0,0,0,0,0,0,0,0,0,0,0,0,0,0,0,0,0]}],"latency":null},"language":"Python","tool":"server","type":"/iter","version":"3.8.10 (x64-linux)","additionalInfo":null,"runtime":null}