{"stats":{"results":[{"command":"ruby benchmarks/json/stringify/main.rb","mean":0.05512721505,"stddev":0.0008210040780224844,"median":0.05503542436,"user":0.04681758,"system":0.008221945000000001,"min":0.053882365360000004,"max":0.058188500360000006,"times":[0.058188500360000006,0.05618418336000001,0.057461794360000006,0.05786779736000001,0.05643938636,0.056523886360000004,0.057437194360000006,0.053882365360000004,0.054351768360000004,0.05415806636000001,0.054299968360000006,0.054369868360000004,0.05471737136,0.054371569360000004,0.05456817036000001,0.05506487536000001,0.05467867136000001,0.055123675360000006,0.054435369360000006,0.054086866360000006,0.05459737036000001,0.05528857636000001,0.056840988360000004,0.055387477360000006,0.054813072360000006,0.05503307436,0.05547387736000001,0.05522757536,0.05481467336,0.055385277360000006,0.055884381360000006,0.05531447636,0.055081174360000006,0.054545670360000006,0.05446207036,0.05412266636000001,0.05529077736000001,0.05503777436000001,0.05563707936000001,0.05509867536000001,0.05440336936000001,0.05414706636,0.054373568360000006,0.05482257236000001,0.05629348436000001,0.05531917636000001,0.05535427736000001,0.055194875360000006,0.05508247436000001,0.055411077360000005,0.05470257136000001,0.05484037336000001,0.05534867636000001,0.05570227936000001,0.05561877936000001,0.055659679360000006,0.056326785360000006,0.055497278360000006,0.055148975360000005,0.055208875360000007,0.055076574360000005,0.055609479360000005,0.054500770360000006,0.05421366736000001,0.054019766360000006,0.054141367360000005,0.054351068360000004,0.05448636936000001,0.05530377736000001,0.05558957936000001,0.054767872360000004,0.054401968360000004,0.05463427036000001,0.05479697236000001,0.05453347036000001,0.05416446736,0.054964573360000005,0.05482017236000001,0.05445716936000001,0.055671279360000006,0.055690279360000004,0.05618568336000001,0.05515997536000001,0.05545867736000001,0.054769072360000004,0.05465827136,0.05453696936000001,0.054277467360000005,0.05478927236000001,0.054788872360000004,0.05452287036,0.05489637336000001,0.055274476360000005,0.05480327236000001,0.054657371360000005,0.055523278360000004,0.05608528336000001,0.056172483360000004,0.05508967536000001,0.05487297336000001],"exit_codes":[0,0,0,0,0,0,0,0,0,0,0,0,0,0,0,0,0,0,0,0,0,0,0,0,0,0,0,0,0,0,0,0,0,0,0,0,0,0,0,0,0,0,0,0,0,0,0,0,0,0,0,0,0,0,0,0,0,0,0,0,0,0,0,0,0,0,0,0,0,0,0,0,0,0,0,0,0,0,0,0,0,0,0,0,0,0,0,0,0,0,0,0,0,0,0,0,0,0,0,0]}],"latency":null},"language":"Python","tool":"server","type":"/iter","version":"3.8.10 (x64-linux)","additionalInfo":null,"runtime":null}