{"stats":{"results":[{"command":"ruby benchmarks/json/stringify/main.rb","mean":0.05988874629,"stddev":0.0004709047190474709,"median":0.059852156000000004,"user":0.04920813999999999,"system":0.010597789999999998,"min":0.059105555500000004,"max":0.061215856500000006,"times":[0.05987475550000001,0.06062685550000001,0.05974685650000001,0.060670255500000006,0.060288455500000004,0.06066235650000001,0.060759756500000005,0.059882155500000006,0.060081955500000006,0.05986895550000001,0.0596308555,0.05977455550000001,0.06000915550000001,0.059141055500000005,0.05948525550000001,0.0596916555,0.05987135550000001,0.059488555500000005,0.05953235550000001,0.06005595650000001,0.0597500555,0.059277654500000006,0.059105555500000004,0.05992685550000001,0.060606256500000004,0.06008395550000001,0.060168755500000004,0.0597845565,0.05967515550000001,0.060191755500000006,0.0599901555,0.05974945550000001,0.05967225550000001,0.059515555500000004,0.059427255500000005,0.05936315550000001,0.059449955500000005,0.059519655500000004,0.060066955500000005,0.0603668565,0.0594860555,0.05937425450000001,0.05926395550000001,0.05929195550000001,0.059358455500000004,0.059393755500000006,0.05916025550000001,0.05935765550000001,0.05953785550000001,0.05953445550000001,0.05957405550000001,0.059385555500000006,0.05927095450000001,0.0596320555,0.0596262555,0.05953155550000001,0.05986295650000001,0.060120755500000005,0.059437155500000005,0.059479655500000006,0.05936195550000001,0.05938655450000001,0.0599305565,0.06028975550000001,0.059751855500000006,0.0593079555,0.059434055500000006,0.0607374555,0.05977175650000001,0.05945655550000001,0.05930935450000001,0.05972055550000001,0.061215856500000006,0.06107575650000001,0.060431555500000005,0.059769256500000006,0.05962085550000001,0.059866455500000006,0.060282155500000004,0.059841355500000006,0.060423356500000004,0.060265055500000005,0.05992635550000001,0.059882855500000005,0.0600881565,0.060137155500000004,0.059890355500000006,0.05999685550000001,0.06047635650000001,0.06019905550000001,0.06017585550000001,0.0602688565,0.06049605550000001,0.060736451500000004,0.06049695150000001,0.0607214505,0.060638250500000004,0.06046895050000001,0.06017745050000001,0.06033265050000001],"exit_codes":[0,0,0,0,0,0,0,0,0,0,0,0,0,0,0,0,0,0,0,0,0,0,0,0,0,0,0,0,0,0,0,0,0,0,0,0,0,0,0,0,0,0,0,0,0,0,0,0,0,0,0,0,0,0,0,0,0,0,0,0,0,0,0,0,0,0,0,0,0,0,0,0,0,0,0,0,0,0,0,0,0,0,0,0,0,0,0,0,0,0,0,0,0,0,0,0,0,0,0,0]}],"latency":null},"language":"Python","tool":"server","type":"/iter","version":"3.8.10 (x64-linux)","additionalInfo":null,"runtime":null}