{"stats":{"results":[{"command":"ruby benchmarks/json/stringify/main.rb","mean":0.041419634610000006,"stddev":0.0008102419937405615,"median":0.041392789240000005,"user":0.03685988000000001,"system":0.004521386400000001,"min":0.04025874974,"max":0.04337079974000001,"times":[0.042562244740000005,0.04192111274,0.04105317774000001,0.04063756474000001,0.04137783174,0.04163541074,0.04136922574000001,0.041847244740000004,0.04135986774000001,0.041632375740000005,0.04129199974000001,0.04183742774,0.04168787874,0.040810134740000004,0.04046883074,0.040851602740000006,0.04081463274,0.040573514740000004,0.04056273474000001,0.04057566874000001,0.040473768740000006,0.040458621740000006,0.04170454874000001,0.04265802374000001,0.04152068674000001,0.04068662574,0.040414128740000006,0.04026763574000001,0.04045240974000001,0.04052303074000001,0.040321625740000006,0.040731669740000004,0.04053706674,0.04113745374,0.042937944740000004,0.04282339074000001,0.04263272674000001,0.04337079974000001,0.041424718740000005,0.042449134740000005,0.04290690674000001,0.04140774674000001,0.04280765174000001,0.040970763740000006,0.040967617740000004,0.04058799274000001,0.04193027974000001,0.04108393374000001,0.04098722374000001,0.04147761674000001,0.042056665740000006,0.04322301374,0.041460375740000006,0.04064283374000001,0.041339370740000006,0.041241196740000007,0.040401314740000006,0.040368172740000006,0.041592470740000005,0.041348716740000006,0.04036889374000001,0.040535173740000006,0.040583994740000004,0.04244952474000001,0.04296550574000001,0.040656959740000005,0.04167801974,0.04177994974,0.04188362174000001,0.04151184074000001,0.04200913574000001,0.04141869874,0.04197101474000001,0.042434687740000004,0.04197641574000001,0.041632705740000005,0.04106393774000001,0.04034256474,0.04048039174,0.040385074740000006,0.04025874974,0.04096308974000001,0.04172358474000001,0.040939365740000004,0.04308712974000001,0.043059161740000004,0.041476725740000005,0.04213927874000001,0.040976063740000006,0.04285273574000001,0.041919549740000006,0.04144630874000001,0.04209090774,0.04170017074000001,0.04095328174000001,0.041770782740000005,0.04148530174000001,0.04195774974000001,0.041218103740000005,0.04061894874000001],"exit_codes":[0,0,0,0,0,0,0,0,0,0,0,0,0,0,0,0,0,0,0,0,0,0,0,0,0,0,0,0,0,0,0,0,0,0,0,0,0,0,0,0,0,0,0,0,0,0,0,0,0,0,0,0,0,0,0,0,0,0,0,0,0,0,0,0,0,0,0,0,0,0,0,0,0,0,0,0,0,0,0,0,0,0,0,0,0,0,0,0,0,0,0,0,0,0,0,0,0,0,0,0]}],"latency":null},"language":"JavaScript","tool":"server","type":"/iter","version":"1.41.1 (x64-linux)","additionalInfo":null,"runtime":"deno"}