{"stats":{"results":[{"command":"ruby benchmarks/json/stringify/main.rb","mean":0.055382836210000015,"stddev":0.0005248084054663864,"median":0.05530229668,"user":0.047347290000000014,"system":0.007979191200000003,"min":0.05429653518000001,"max":0.058135280180000005,"times":[0.055159746180000004,0.05499894418000001,0.055317647180000006,0.055139245180000004,0.054874242180000005,0.05510944518000001,0.055345348180000004,0.05609345718000001,0.055452749180000004,0.055777852180000004,0.05561705018000001,0.05577675218000001,0.055966155180000005,0.05541084818000001,0.056235758180000005,0.055558550180000006,0.055059144180000005,0.055623151180000004,0.05498274318000001,0.05522874618,0.055470650180000004,0.05567635118000001,0.055443149180000005,0.05543604918000001,0.05590835418000001,0.055586050180000006,0.05551695018,0.05627575918000001,0.055586550180000006,0.055696052180000004,0.055156145180000005,0.05600725518000001,0.056287358180000004,0.055593251180000004,0.05611975718000001,0.05645526118000001,0.05587865418000001,0.055208546180000005,0.055712252180000005,0.055145245180000003,0.055286946180000004,0.055163345180000004,0.05590045418,0.05547394918000001,0.05678086418000001,0.05626705918000001,0.05590575418000001,0.055486349180000005,0.05533544818,0.05563055118000001,0.055891354180000005,0.054994943180000005,0.05537014818000001,0.055177446180000006,0.055558750180000005,0.055380348180000004,0.055574150180000004,0.055039144180000006,0.055257047180000005,0.05523274618000001,0.05541404818000001,0.05511234518000001,0.05532904818000001,0.05554855018,0.05515454518000001,0.054915042180000005,0.05526844618000001,0.055263346180000006,0.05544824818000001,0.05523134618000001,0.05479474118000001,0.055097245180000004,0.055282147180000005,0.055497649180000004,0.054679040180000006,0.05472854018000001,0.05469624118000001,0.05497114318000001,0.054853742180000005,0.05525384618,0.055145545180000005,0.05485454218000001,0.055229246180000004,0.05489174318000001,0.055000244180000005,0.05519664618,0.05508504418000001,0.055404248180000004,0.054796042180000004,0.054756941180000004,0.054640140180000005,0.054561939180000005,0.05461293918000001,0.05429653518000001,0.055277047180000004,0.05487554218000001,0.054991344180000006,0.055068045180000004,0.058135280180000005,0.05533124818000001],"exit_codes":[0,0,0,0,0,0,0,0,0,0,0,0,0,0,0,0,0,0,0,0,0,0,0,0,0,0,0,0,0,0,0,0,0,0,0,0,0,0,0,0,0,0,0,0,0,0,0,0,0,0,0,0,0,0,0,0,0,0,0,0,0,0,0,0,0,0,0,0,0,0,0,0,0,0,0,0,0,0,0,0,0,0,0,0,0,0,0,0,0,0,0,0,0,0,0,0,0,0,0,0]}],"latency":null},"language":"Python","tool":"server","type":"/iter","version":"3.8.10 (x64-linux)","additionalInfo":null,"runtime":null}