{"stats":{"results":[{"command":"ruby benchmarks/json/stringify/main.rb","mean":0.06147812039999999,"stddev":0.0003557117964708151,"median":0.06140991038,"user":0.04939821999999999,"system":0.011987530000000001,"min":0.06069946788000001,"max":0.06286204488000001,"times":[0.06172935588,0.06149315888000001,0.06162415688,0.06180735488000001,0.06176845588,0.06171095588,0.06188445388000001,0.061596756880000006,0.061364859880000004,0.06157465788000001,0.061095362880000004,0.06158525688000001,0.06170695588000001,0.061626956880000014,0.06167195688,0.06151395888000001,0.06132905988000001,0.06102816388000001,0.061436558880000006,0.06154915788000001,0.061148761880000006,0.06089026588000001,0.061295660880000005,0.061097863880000006,0.06153625788,0.06211475188000001,0.06172115588,0.061292261880000004,0.06106966388000001,0.061226861880000004,0.061278560880000006,0.06069946788000001,0.06090466588000001,0.06150145788000001,0.06163645688000001,0.061405859880000004,0.06131575988000001,0.06100626388000001,0.061536857880000004,0.06094136488000001,0.06133845988000001,0.06155195788000001,0.06166205688000001,0.061158662880000006,0.06104346388000001,0.06114526288000001,0.061300960880000005,0.061246961880000006,0.061428858880000006,0.06102966388000001,0.06101056388000001,0.06119906288000001,0.06118286288000001,0.06120056288000001,0.06141396088000001,0.06142336088000001,0.06134796088000001,0.061224762880000005,0.06137466088000001,0.06122826288000001,0.061351860880000005,0.06123166288000001,0.06131006188000001,0.061289661880000006,0.06128086188000001,0.061197963880000004,0.06148345988000001,0.061669657880000006,0.061267962880000006,0.06134506188000001,0.061387360880000005,0.06129866188000001,0.061327561880000006,0.06106426488000001,0.06105406488000001,0.06138096088000001,0.06163755788000001,0.06195245488000001,0.06286204488000001,0.06164535788,0.06149865988,0.06136696188000001,0.06198785388000001,0.06170505788000001,0.061695657880000004,0.06167705788000001,0.061393661880000006,0.061307761880000006,0.06203495388000001,0.06186665588000001,0.06182845688000001,0.061665258880000004,0.06175425688000001,0.06196435488,0.06196135388,0.062127052880000005,0.06184205588000001,0.06253704788,0.06211035288000001,0.06221895088000001],"exit_codes":[0,0,0,0,0,0,0,0,0,0,0,0,0,0,0,0,0,0,0,0,0,0,0,0,0,0,0,0,0,0,0,0,0,0,0,0,0,0,0,0,0,0,0,0,0,0,0,0,0,0,0,0,0,0,0,0,0,0,0,0,0,0,0,0,0,0,0,0,0,0,0,0,0,0,0,0,0,0,0,0,0,0,0,0,0,0,0,0,0,0,0,0,0,0,0,0,0,0,0,0]}],"latency":null},"language":"JavaScript","tool":"server","type":"/iter","version":"1.25.4 (x64-linux)","additionalInfo":null,"runtime":"deno"}