{"stats":{"results":[{"command":"ruby benchmarks/json/stringify/main.rb","mean":0.05449351835999999,"stddev":0.0004588517119675217,"median":0.054458506860000006,"user":0.04667624000000001,"system":0.007715563999999999,"min":0.053626548860000005,"max":0.05724048686000001,"times":[0.05419435686000001,0.05390395286000001,0.05459865986,0.054755361860000004,0.054214056860000005,0.053735251860000006,0.053856552860000004,0.054060554860000005,0.05447115886000001,0.05422265586,0.054271956860000005,0.05367455086,0.055086264860000005,0.05442815786000001,0.055020163860000006,0.055163065860000006,0.05724048686000001,0.05496236386000001,0.054733861860000003,0.05496866386,0.054773761860000006,0.05435745686000001,0.05458225986,0.05472966186000001,0.05502966386000001,0.05484886186000001,0.054540558860000005,0.054736760860000004,0.054638759860000004,0.05470776086,0.05487906286000001,0.054330356860000005,0.05470046186000001,0.054570559860000006,0.05411985586,0.054706360860000004,0.054993863860000006,0.05478756186000001,0.05444275786,0.05454145886,0.05499496386,0.05457635986000001,0.05470236086000001,0.05449575886000001,0.054371157860000005,0.05448295886000001,0.05385765286000001,0.05407415486000001,0.054275856860000006,0.054449358860000005,0.05431185686000001,0.05417575586000001,0.054123555860000006,0.05417455586000001,0.053807351860000005,0.05439895686000001,0.054365856860000006,0.05469515986000001,0.054458256860000005,0.05486886086000001,0.05450105786000001,0.054764260860000004,0.054509957860000006,0.054458756860000006,0.054114853860000006,0.05428985586000001,0.05433935586000001,0.054251155860000004,0.053973152860000005,0.05435145586000001,0.05384315186000001,0.054748559860000004,0.054398156860000005,0.054467957860000006,0.055411166860000007,0.054540057860000005,0.05422035486000001,0.05482566086000001,0.05503526286,0.05512546386000001,0.054734359860000005,0.054494657860000004,0.05541216686000001,0.054136753860000005,0.054486456860000004,0.054432456860000006,0.054263254860000006,0.054182853860000005,0.054226354860000006,0.053626548860000005,0.05412965386000001,0.05417885486000001,0.054336855860000005,0.05441055686000001,0.05414705386000001,0.05397105286000001,0.054371156860000006,0.054625258860000005,0.05464875886000001,0.05412645386000001],"exit_codes":[0,0,0,0,0,0,0,0,0,0,0,0,0,0,0,0,0,0,0,0,0,0,0,0,0,0,0,0,0,0,0,0,0,0,0,0,0,0,0,0,0,0,0,0,0,0,0,0,0,0,0,0,0,0,0,0,0,0,0,0,0,0,0,0,0,0,0,0,0,0,0,0,0,0,0,0,0,0,0,0,0,0,0,0,0,0,0,0,0,0,0,0,0,0,0,0,0,0,0,0]}],"latency":null},"language":"Python","tool":"server","type":"/iter","version":"3.8.10 (x64-linux)","additionalInfo":null,"runtime":null}