{"stats":{"results":[{"command":"ruby benchmarks/json/stringify/main.rb","mean":0.06176589031000002,"stddev":0.00033631029960474947,"median":0.06178448612000001,"user":0.04863882000000001,"system":0.013034253599999995,"min":0.061054186620000006,"max":0.06241268562000001,"times":[0.06148228162,0.061971280620000006,0.06217128062000001,0.061538280620000003,0.06174938162000001,0.061596680620000004,0.061486180620000004,0.06197498062,0.06166448362000001,0.061347585620000006,0.061079485620000006,0.061098086620000006,0.06116908562000001,0.06123788662000001,0.06167928562,0.061984885620000006,0.061920185620000005,0.06236388462000001,0.06223078562000001,0.061721785620000004,0.06208588562000001,0.06198068562000001,0.06210818562000001,0.061755585620000004,0.06166038562,0.06178038662000001,0.06129368562000001,0.062104485620000004,0.06172018562000001,0.06192188562000001,0.06121998562000001,0.06161818562000001,0.06189758562000001,0.06198068562000001,0.061714085620000005,0.06151618662,0.06221488562,0.06218728462000001,0.06196188562000001,0.061492086620000004,0.062028785620000006,0.06196108562,0.06203028562000001,0.06124468562000001,0.061739185620000005,0.06144088562,0.06137508562000001,0.061775886620000005,0.061809685620000006,0.061846285620000004,0.06178858562000001,0.06166558562000001,0.06182178562000001,0.06144218562000001,0.06129048562000001,0.061054186620000006,0.06137588562000001,0.06191938562000001,0.061230085620000006,0.06132888662000001,0.061502185620000004,0.06115458562000001,0.061205486620000006,0.061484885620000006,0.06169038562,0.06163938562000001,0.061843485620000006,0.06217478562000001,0.06202798562000001,0.06180608562000001,0.06133568562000001,0.06149468662000001,0.06173738662000001,0.06214208562,0.06174098662,0.06162168562000001,0.06180398562000001,0.06232578562000001,0.06208338562000001,0.06231128462000001,0.06241268562000001,0.06237368562,0.062146085620000006,0.06227978562000001,0.062093385620000004,0.06181708562000001,0.06191898562000001,0.06208948562,0.06202448562000001,0.06219628462000001,0.062071185620000004,0.06230858562,0.06193038562000001,0.061867585620000005,0.06181558562000001,0.06177018562000001,0.061591586620000006,0.061845885620000006,0.06145028562000001,0.06160868562000001],"exit_codes":[0,0,0,0,0,0,0,0,0,0,0,0,0,0,0,0,0,0,0,0,0,0,0,0,0,0,0,0,0,0,0,0,0,0,0,0,0,0,0,0,0,0,0,0,0,0,0,0,0,0,0,0,0,0,0,0,0,0,0,0,0,0,0,0,0,0,0,0,0,0,0,0,0,0,0,0,0,0,0,0,0,0,0,0,0,0,0,0,0,0,0,0,0,0,0,0,0,0,0,0]}],"latency":null},"language":"Python","tool":"server","type":"/iter","version":"3.8.10 (x64-linux)","additionalInfo":null,"runtime":null}