{"stats":{"results":[{"command":"ruby benchmarks/json/stringify/main.rb","mean":0.05440671723999999,"stddev":0.0021406555988181517,"median":0.05410391022000001,"user":0.04179525000000003,"system":0.012581699999999994,"min":0.05309480172000001,"max":0.07468797072,"times":[0.05464412072000001,0.054759422720000006,0.054303416720000004,0.053844410720000006,0.054393016720000006,0.05454971872000001,0.05339460472000001,0.054001012720000005,0.054038213720000006,0.053189502720000004,0.05351500672000001,0.053791810720000006,0.05458211972000001,0.05391201072000001,0.05395281172000001,0.054055312720000005,0.05447711772000001,0.05481142272000001,0.054850123720000005,0.05456621972,0.054481818720000005,0.05392561172000001,0.053558807720000004,0.05368250872000001,0.05394941172000001,0.05356930772000001,0.07468797072,0.05571193472000001,0.053491706720000004,0.053340604720000004,0.053660008720000006,0.05421211572000001,0.05374290972000001,0.05354810772000001,0.053298603720000004,0.054337016720000006,0.05429511672000001,0.05385731072000001,0.05439891772000001,0.05309480172000001,0.05474192172,0.054737621720000004,0.054269916720000005,0.05471772172000001,0.05457701972000001,0.05360700772000001,0.05354420672000001,0.05428781572000001,0.053966211720000004,0.054369116720000006,0.05345660572000001,0.05375760972000001,0.05390101072,0.054785421720000005,0.054303915720000005,0.05401391272000001,0.054426518720000004,0.05405591372000001,0.054328816720000006,0.05482902272000001,0.054062613720000006,0.05444111772000001,0.05425071572000001,0.053685308720000005,0.05315100172000001,0.053334804720000004,0.05399081272,0.05381770972000001,0.053369604720000005,0.053841710720000005,0.053557106720000004,0.054389417720000006,0.054322316720000006,0.054001012720000005,0.054044913720000004,0.05373630972000001,0.053895010720000004,0.05343900572000001,0.053864410720000006,0.05398031272000001,0.05496922472000001,0.054811918720000005,0.054145206720000005,0.05394810372000001,0.054515011720000006,0.05426980872000001,0.05391450372000001,0.053854403720000006,0.054904515720000005,0.055840727720000004,0.05528552072000001,0.05464781272000001,0.054480910720000005,0.05467201272,0.056821139720000004,0.05532342072000001,0.05522201972000001,0.055106018720000004,0.05434850872000001,0.055262419720000004],"exit_codes":[0,0,0,0,0,0,0,0,0,0,0,0,0,0,0,0,0,0,0,0,0,0,0,0,0,0,0,0,0,0,0,0,0,0,0,0,0,0,0,0,0,0,0,0,0,0,0,0,0,0,0,0,0,0,0,0,0,0,0,0,0,0,0,0,0,0,0,0,0,0,0,0,0,0,0,0,0,0,0,0,0,0,0,0,0,0,0,0,0,0,0,0,0,0,0,0,0,0,0,0]}],"latency":null},"language":"JavaScript","tool":"server","type":"/iter","version":"0.1.13 (x64-linux)","additionalInfo":null,"runtime":"bun"}