{"stats":{"results":[{"command":"ruby benchmarks/json/stringify/main.rb","mean":0.053943607719999995,"stddev":0.0004599063631511765,"median":0.05398875048000001,"user":0.047485280000000005,"system":0.0064097923999999985,"min":0.05293871598000001,"max":0.054936485980000005,"times":[0.054116194980000004,0.05360030298000001,0.05372170098000001,0.053555802980000004,0.053845998980000004,0.053670700980000006,0.053247007980000004,0.05339290598000001,0.05320910898,0.053358306980000006,0.05331420698000001,0.053394205980000005,0.05341680598000001,0.05400459698000001,0.05415949398000001,0.05389099998000001,0.05348340798000001,0.05321811298,0.05375460398,0.054466292980000004,0.054936485980000005,0.05450099298,0.05459089198000001,0.054214696980000004,0.05385610298000001,0.05336930998000001,0.053765103980000006,0.054080399980000006,0.053469108980000006,0.05399610098,0.05448169298,0.054130998980000004,0.053541207980000005,0.05438729498000001,0.05442519398000001,0.05324791198000001,0.05322331198000001,0.05297241598000001,0.053019914980000006,0.05293871598000001,0.05450329298000001,0.054077198980000005,0.05388410198000001,0.053433408980000006,0.05359560698000001,0.053403708980000006,0.05354180698000001,0.053603905980000005,0.05341920898000001,0.05383300298000001,0.05394050098000001,0.05441749398000001,0.054545891980000004,0.05421799698000001,0.053811102980000004,0.053599305980000005,0.05346920798000001,0.05354150698000001,0.053504307980000006,0.054326394980000005,0.05477018798000001,0.054921285980000005,0.054496192980000004,0.05417019798000001,0.05434369498000001,0.05469178998000001,0.05446409298,0.05430029598,0.05412339898000001,0.05374130498000001,0.054121398980000006,0.054186297980000006,0.053518206980000003,0.053794202980000004,0.05383870298000001,0.054141897980000006,0.05389130198000001,0.05377840398000001,0.054081599980000006,0.05398830098000001,0.05425509698000001,0.05447469398000001,0.054241696980000004,0.054016200980000005,0.05459549198000001,0.05462349098000001,0.05455809198000001,0.05404989998,0.054143297980000005,0.05444759398000001,0.054000699980000004,0.053989199980000006,0.05376570398,0.05418909798,0.054194997980000006,0.054342795980000004,0.05456969198000001,0.05429609598000001,0.05393690098000001,0.05366970498],"exit_codes":[0,0,0,0,0,0,0,0,0,0,0,0,0,0,0,0,0,0,0,0,0,0,0,0,0,0,0,0,0,0,0,0,0,0,0,0,0,0,0,0,0,0,0,0,0,0,0,0,0,0,0,0,0,0,0,0,0,0,0,0,0,0,0,0,0,0,0,0,0,0,0,0,0,0,0,0,0,0,0,0,0,0,0,0,0,0,0,0,0,0,0,0,0,0,0,0,0,0,0,0]}],"latency":null},"language":"JavaScript","tool":"server","type":"/iter","version":"20.7.0 (x64-linux)","additionalInfo":null,"runtime":"node"}