{"stats":{"results":[{"command":"ruby benchmarks/json/stringify/main.rb","mean":0.060741965650000014,"stddev":0.0004403731115032625,"median":0.060735805340000004,"user":0.04907161999999999,"system":0.011544190000000001,"min":0.05992900734000001,"max":0.06243830234000001,"times":[0.060293305340000006,0.06044860534000001,0.060293306340000005,0.06133680434000001,0.06030930734000001,0.06014760634000001,0.060055607340000004,0.061132304340000006,0.06121560534000001,0.06038010634000001,0.060856505340000006,0.06019480634000001,0.060938505340000004,0.060767905340000004,0.06024390734000001,0.060576605340000006,0.06054470634000001,0.06072150534000001,0.060834306340000005,0.061232705340000006,0.06096600534000001,0.06091770534000001,0.06122140534000001,0.06089430534000001,0.06027890634000001,0.06033040634000001,0.061122905340000006,0.06126510534000001,0.06130030434000001,0.06088420534000001,0.06010180634000001,0.06010960734000001,0.06047490634000001,0.06031880634000001,0.060174407340000007,0.060286806340000006,0.06025170634000001,0.06086390534000001,0.06083590534000001,0.060558006340000005,0.06067640534000001,0.060356807340000006,0.061118105340000006,0.060796405340000005,0.06073280534000001,0.060312407340000006,0.06060090534000001,0.060556306340000005,0.060815205340000004,0.06073880534000001,0.060523006340000005,0.060251806340000005,0.060132107340000004,0.06089300534000001,0.060708105340000006,0.06066140634000001,0.06123280434000001,0.061331604340000005,0.06085640534000001,0.06084930534000001,0.06054510634000001,0.06014890634000001,0.05992900734000001,0.06033470734000001,0.060097106340000005,0.06037670634000001,0.06097340534000001,0.06126540434000001,0.06207590334000001,0.06123110434000001,0.06120570434000001,0.06155960434000001,0.06103370434000001,0.06085080534000001,0.06079080534000001,0.06090240534000001,0.060952305340000006,0.06039760634000001,0.060566206340000005,0.06027140634000001,0.060538506340000006,0.06061050634000001,0.06243830234000001,0.06063560634000001,0.06084460534000001,0.06115800434000001,0.06116360434000001,0.06089760534000001,0.06120020534000001,0.060788205340000005,0.06061630534000001,0.06087200534000001,0.06067590634000001,0.06066140534000001,0.060127807340000006,0.06115630434000001,0.06165370434000001,0.06098690434000001,0.061133505340000005,0.06070480534000001],"exit_codes":[0,0,0,0,0,0,0,0,0,0,0,0,0,0,0,0,0,0,0,0,0,0,0,0,0,0,0,0,0,0,0,0,0,0,0,0,0,0,0,0,0,0,0,0,0,0,0,0,0,0,0,0,0,0,0,0,0,0,0,0,0,0,0,0,0,0,0,0,0,0,0,0,0,0,0,0,0,0,0,0,0,0,0,0,0,0,0,0,0,0,0,0,0,0,0,0,0,0,0,0]}],"latency":null},"language":"JavaScript","tool":"server","type":"/iter","version":"19.4.0 (x64-linux)","additionalInfo":null,"runtime":"node"}