{"stats":{"results":[{"command":"ruby benchmarks/json/stringify/main.rb","mean":0.060537348510000005,"stddev":0.000498235008467889,"median":0.06047978476,"user":0.04700014999999999,"system":0.013442640000000004,"min":0.05950810376000001,"max":0.06237167976000001,"times":[0.06099435276000001,0.06031713476000001,0.060564441760000004,0.06052954076000001,0.06036883676000001,0.060460638760000004,0.060770647760000004,0.060389236760000006,0.06060904276000001,0.060485739760000004,0.060545840760000004,0.06090555176000001,0.06032633576000001,0.06052234076000001,0.060983552760000004,0.06013733076000001,0.06022973276000001,0.060462538760000004,0.06056824176000001,0.06141016476000001,0.06067444476000001,0.06053884176000001,0.06032093476000001,0.060229632760000006,0.06043903876000001,0.06023123276000001,0.06068874476000001,0.060988652760000005,0.06143996576000001,0.06206048176000001,0.060994953760000005,0.060986752760000006,0.06054044076000001,0.060446928760000004,0.060514030760000004,0.060731636760000006,0.060595932760000006,0.060402027760000004,0.06042392776000001,0.06003811776000001,0.060274823760000006,0.060659934760000006,0.060599032760000004,0.06026842376000001,0.06017262176000001,0.061100945760000004,0.06024882376000001,0.060461229760000006,0.06237167976000001,0.06005951876000001,0.05980991176000001,0.06077473776000001,0.060663734760000004,0.060315824760000004,0.06014432076000001,0.05977631076000001,0.059893614760000005,0.05989221476000001,0.060020817760000005,0.05994011576000001,0.06196016876,0.06014722076000001,0.059599106760000006,0.059842612760000004,0.05994301576000001,0.05964430776000001,0.05950810376000001,0.060327925760000005,0.06048932976000001,0.060633333760000005,0.06041782776000001,0.06129515076000001,0.061374053760000005,0.06196816876000001,0.060761737760000004,0.06028602376000001,0.060792438760000005,0.060594732760000006,0.060728036760000006,0.06047382976000001,0.060201222760000006,0.06061433276000001,0.06072593676000001,0.06048952976000001,0.060152620760000004,0.060821138760000004,0.060366026760000004,0.06045502876000001,0.060742936760000005,0.061146347760000004,0.06125465076000001,0.06086283976000001,0.06036212676000001,0.06029792576000001,0.060628033760000005,0.06017912176000001,0.06035702676000001,0.060103619760000004,0.06035042576000001,0.06052023076000001],"exit_codes":[0,0,0,0,0,0,0,0,0,0,0,0,0,0,0,0,0,0,0,0,0,0,0,0,0,0,0,0,0,0,0,0,0,0,0,0,0,0,0,0,0,0,0,0,0,0,0,0,0,0,0,0,0,0,0,0,0,0,0,0,0,0,0,0,0,0,0,0,0,0,0,0,0,0,0,0,0,0,0,0,0,0,0,0,0,0,0,0,0,0,0,0,0,0,0,0,0,0,0,0]}],"latency":null},"language":"Python","tool":"server","type":"/iter","version":"3.8.10 (x64-linux)","additionalInfo":null,"runtime":null}