{"stats":{"results":[{"command":"ruby benchmarks/json/stringify/main.rb","mean":0.060157181530000006,"stddev":0.0007378148877392309,"median":0.060306306260000005,"user":0.04819083999999999,"system":0.011871976399999998,"min":0.058366405260000004,"max":0.06161531026,"times":[0.060305605260000006,0.05848260226000001,0.06014070526,0.06006010526,0.05998400426000001,0.05990030426000001,0.06008520526,0.060497405260000005,0.06103280626000001,0.058816403260000004,0.06108200626000001,0.06025820526,0.058485302260000004,0.06019570526,0.058798102260000006,0.06082140526000001,0.06076880626000001,0.06041960526000001,0.05875500326000001,0.06046260526,0.060476905260000005,0.05845460226000001,0.060070305260000005,0.060023504260000006,0.06045720526000001,0.06035980526,0.06044080626000001,0.060837905260000005,0.05896760326000001,0.061124607260000005,0.059857504260000007,0.06051900526000001,0.060695306260000005,0.06067820526000001,0.06011070526000001,0.058482702260000005,0.06077360626000001,0.06044570526,0.060225705260000005,0.059958604260000006,0.059910407260000006,0.060208107260000004,0.05969420726000001,0.059874907260000006,0.060096407260000005,0.060908409260000004,0.06035160726000001,0.05951710726000001,0.05952320626,0.059593306260000006,0.059606507260000004,0.06061700826000001,0.060460508260000004,0.060750608260000005,0.05883180526000001,0.060187108260000004,0.06050720826000001,0.06032860726000001,0.06001980726000001,0.060081708260000005,0.060101207260000004,0.060582608260000004,0.06161531026,0.06127290926000001,0.061087009260000005,0.061445109260000005,0.06064600826000001,0.06046860726000001,0.06118600926000001,0.060365208260000004,0.060016007260000004,0.058623405260000004,0.06030210826000001,0.060449407260000004,0.058556804260000005,0.060608008260000006,0.060775709260000005,0.05877190526000001,0.06061460826000001,0.06046550826000001,0.06030700726,0.06006130826000001,0.060057107260000006,0.06043150826000001,0.06090660826000001,0.06032770826000001,0.060576108260000004,0.060451908260000006,0.06042590826000001,0.06022010726000001,0.059929207260000006,0.060849808260000006,0.06111390826000001,0.060415208260000006,0.060191008260000005,0.060994308260000005,0.060167408260000006,0.05846770426,0.058366405260000004,0.060123707260000006],"exit_codes":[0,0,0,0,0,0,0,0,0,0,0,0,0,0,0,0,0,0,0,0,0,0,0,0,0,0,0,0,0,0,0,0,0,0,0,0,0,0,0,0,0,0,0,0,0,0,0,0,0,0,0,0,0,0,0,0,0,0,0,0,0,0,0,0,0,0,0,0,0,0,0,0,0,0,0,0,0,0,0,0,0,0,0,0,0,0,0,0,0,0,0,0,0,0,0,0,0,0,0,0]}],"latency":null},"language":"Python","tool":"server","type":"/iter","version":"3.8.10 (x64-linux)","additionalInfo":null,"runtime":null}