{"stats":{"results":[{"command":"ruby benchmarks/json/stringify/main.rb","mean":0.059907206370000014,"stddev":0.0003940440220659411,"median":0.05987662330000001,"user":0.04822280000000001,"system":0.011614616399999994,"min":0.05932862380000001,"max":0.0614945218,"times":[0.059681822800000006,0.059729123800000006,0.060345122800000005,0.06040312280000001,0.059905723800000005,0.059514523800000003,0.05960442380000001,0.059840122800000006,0.059779723800000004,0.060118522800000004,0.060874822800000006,0.060662722800000006,0.060262322800000004,0.06020382380000001,0.05986672280000001,0.05989472380000001,0.060162922800000004,0.060114923800000004,0.05973332280000001,0.05981122380000001,0.05952532380000001,0.06000572280000001,0.05932862380000001,0.05947152380000001,0.05998162380000001,0.059884522800000006,0.059790423800000006,0.05972382280000001,0.05998522380000001,0.06005812280000001,0.06017642380000001,0.05989962280000001,0.05938222380000001,0.05973072380000001,0.05978592380000001,0.059451322800000005,0.059611323800000005,0.05997822380000001,0.059547923800000006,0.05969112380000001,0.060134223800000004,0.05957312280000001,0.05953832380000001,0.059400923800000005,0.05956132380000001,0.05964472380000001,0.05951872280000001,0.059441223800000005,0.06004072380000001,0.059792322800000006,0.059998123800000004,0.05994952280000001,0.059547923800000006,0.059755923800000006,0.060023222800000005,0.05967372380000001,0.05993872380000001,0.05961262280000001,0.05959412380000001,0.06020142380000001,0.06011752380000001,0.06047502280000001,0.06014672280000001,0.059598523800000004,0.05963972380000001,0.06007692280000001,0.06024562380000001,0.05995042280000001,0.06002792380000001,0.06012232280000001,0.060531222800000006,0.059989023800000006,0.060342522800000006,0.05966382380000001,0.05958152280000001,0.059906223800000005,0.060239722800000006,0.059594223800000005,0.059653123800000006,0.05936382380000001,0.05937522380000001,0.059478622800000006,0.059911323800000006,0.06007552280000001,0.059944123800000006,0.0614945218,0.060911722800000005,0.06040442280000001,0.06027402380000001,0.059945722800000004,0.05989912380000001,0.059653123800000006,0.059664922800000006,0.05986872380000001,0.059664923800000005,0.05943692280000001,0.05944882380000001,0.05964012380000001,0.06097622280000001,0.06092602280000001],"exit_codes":[0,0,0,0,0,0,0,0,0,0,0,0,0,0,0,0,0,0,0,0,0,0,0,0,0,0,0,0,0,0,0,0,0,0,0,0,0,0,0,0,0,0,0,0,0,0,0,0,0,0,0,0,0,0,0,0,0,0,0,0,0,0,0,0,0,0,0,0,0,0,0,0,0,0,0,0,0,0,0,0,0,0,0,0,0,0,0,0,0,0,0,0,0,0,0,0,0,0,0,0]}],"latency":null},"language":"Python","tool":"server","type":"/iter","version":"3.8.10 (x64-linux)","additionalInfo":null,"runtime":null}