{"stats":{"results":[{"command":"ruby benchmarks/json/stringify/main.rb","mean":0.04059298957,"stddev":0.0003764317638948109,"median":0.040489701540000006,"user":0.036089779999999995,"system":0.004489846399999998,"min":0.03997445904000001,"max":0.042695423040000006,"times":[0.04058829004,0.039986080040000004,0.040244290040000005,0.04077802104000001,0.040465380040000005,0.040489596040000006,0.040657287040000004,0.04037732704000001,0.040261773040000004,0.04036029504000001,0.04044912104000001,0.04031204604000001,0.04064200004000001,0.04041719104000001,0.040343545040000005,0.04045921904000001,0.04065576504000001,0.04031614304000001,0.040606463040000006,0.042695423040000006,0.040649914040000006,0.04050650704000001,0.04091055804,0.040436868040000004,0.040338706040000005,0.040379242040000006,0.040435085040000006,0.04108792704000001,0.040582618040000004,0.040283443040000005,0.040332935040000004,0.04089452804,0.04042015704000001,0.04041130104000001,0.040437870040000004,0.040738528040000006,0.04095455004,0.04069718104000001,0.04117976804000001,0.041548592040000006,0.04133577804000001,0.04106327204000001,0.04110318604,0.04117258504000001,0.040629255040000006,0.04020548804000001,0.04043777004000001,0.04050183904000001,0.040107056040000005,0.04041694104000001,0.04050405304000001,0.04047361604000001,0.040254810040000005,0.040489807040000006,0.040319630040000005,0.04020570904,0.04034439604000001,0.040668318040000005,0.04041518804000001,0.040540470040000005,0.040438331040000004,0.03997445904000001,0.040404027040000005,0.04018485904000001,0.04027729104,0.04028942504000001,0.04053263504000001,0.04072435104000001,0.040827974040000006,0.040577359040000004,0.04067363704000001,0.040873008040000006,0.040635797040000005,0.040375935040000005,0.04097103004000001,0.040957936040000004,0.040951854040000006,0.04152468904000001,0.040812866040000007,0.040410278040000004,0.040480118040000006,0.04024581404000001,0.04003553204000001,0.040505666040000006,0.040588389040000006,0.040584753040000004,0.04042187004000001,0.04058306004000001,0.040463588040000005,0.040287861040000005,0.04047671104000001,0.041300953040000005,0.040435598040000006,0.040340088040000006,0.04096732304,0.040666434040000005,0.040825870040000004,0.040917491040000004,0.040852129040000004,0.04038126404],"exit_codes":[0,0,0,0,0,0,0,0,0,0,0,0,0,0,0,0,0,0,0,0,0,0,0,0,0,0,0,0,0,0,0,0,0,0,0,0,0,0,0,0,0,0,0,0,0,0,0,0,0,0,0,0,0,0,0,0,0,0,0,0,0,0,0,0,0,0,0,0,0,0,0,0,0,0,0,0,0,0,0,0,0,0,0,0,0,0,0,0,0,0,0,0,0,0,0,0,0,0,0,0]}],"latency":null},"language":"Python","tool":"server","type":"/iter","version":"3.8.10 (x64-linux)","additionalInfo":null,"runtime":null}