{"stats":{"results":[{"command":"ruby benchmarks/json/stringify/main.rb","mean":0.04056401565,"stddev":0.000552095934072183,"median":0.04045179644000001,"user":0.035841920000000006,"system":0.004735250000000002,"min":0.03971537244000001,"max":0.04335191244000001,"times":[0.040601437440000006,0.040752330440000005,0.040299750440000004,0.04029835644000001,0.04077034444000001,0.040689354440000006,0.040381681440000004,0.04082881444000001,0.04068701844000001,0.040252160440000004,0.040037106440000005,0.040400529440000006,0.04035135644000001,0.04004694444,0.04050990444000001,0.04012074244,0.04020863844000001,0.04003726744,0.04044566544000001,0.04003859144000001,0.040815319440000004,0.04066944644000001,0.04124836944000001,0.04060345144000001,0.040307985440000006,0.040207297440000005,0.04043360144000001,0.040148815440000006,0.040682829440000005,0.04045246744000001,0.04039357644000001,0.04153607444000001,0.040462726440000006,0.04079496044000001,0.040761097440000005,0.04039945744000001,0.04116958844000001,0.04133026044000001,0.040831532440000005,0.041518257440000005,0.040860838440000005,0.040615345440000006,0.04127302344000001,0.04058301544000001,0.04062000444,0.04126839444000001,0.04043453544,0.040786054440000004,0.04050932644000001,0.04068077844,0.040496371440000005,0.04060501644,0.04082040144000001,0.04045599544,0.040993657440000004,0.041076733440000006,0.04010184044000001,0.04069943344000001,0.04015105144000001,0.040138508440000005,0.04008491044,0.04024775044000001,0.040386623440000005,0.040160800440000005,0.04281653744,0.04188963544,0.04069092844,0.04036999444000001,0.040202880440000005,0.04094235444000001,0.040451125440000006,0.04025828044000001,0.040390022440000006,0.03971537244000001,0.04122511344,0.04065071144000001,0.040118220440000005,0.03994083644000001,0.04019622644,0.04089169644000001,0.040352033440000004,0.04069086844000001,0.04113919244000001,0.04080912744000001,0.04044368244,0.040007482440000006,0.040138891440000005,0.04335191244000001,0.041189869440000006,0.040115255440000004,0.039822052440000005,0.040498796440000005,0.03974076044000001,0.040289389440000004,0.03994788944000001,0.040198872440000005,0.04003258844,0.040254716440000005,0.039927832440000005,0.04012489544],"exit_codes":[0,0,0,0,0,0,0,0,0,0,0,0,0,0,0,0,0,0,0,0,0,0,0,0,0,0,0,0,0,0,0,0,0,0,0,0,0,0,0,0,0,0,0,0,0,0,0,0,0,0,0,0,0,0,0,0,0,0,0,0,0,0,0,0,0,0,0,0,0,0,0,0,0,0,0,0,0,0,0,0,0,0,0,0,0,0,0,0,0,0,0,0,0,0,0,0,0,0,0,0]}],"latency":null},"language":"Python","tool":"server","type":"/iter","version":"3.8.10 (x64-linux)","additionalInfo":null,"runtime":null}