{"stats":{"results":[{"command":"ruby benchmarks/json/stringify/main.rb","mean":0.05506093020999999,"stddev":0.0004398431566356697,"median":0.055056254820000004,"user":0.046728790000000006,"system":0.008262659200000003,"min":0.05414629932000001,"max":0.05652921332000001,"times":[0.05577190932000001,0.055741209320000006,0.054763304320000004,0.05564240832,0.054971104320000005,0.055159605320000006,0.05497360532000001,0.05595531032000001,0.055741209320000006,0.055183906320000004,0.055078205320000004,0.054958605320000006,0.055090805320000005,0.055076305320000005,0.05475140332,0.054715803320000006,0.055064204320000004,0.05503750432000001,0.055715108320000005,0.055305307320000004,0.05532480632,0.055718508320000006,0.055708109320000004,0.05490000432000001,0.05524410632000001,0.05572100832000001,0.055416407320000007,0.05535850632000001,0.055017005320000006,0.054773003320000006,0.05545920732,0.05587241032,0.05524880632,0.055278306320000005,0.05521060632000001,0.05513900632,0.054805803320000006,0.05525020632000001,0.05491180532000001,0.05518640532000001,0.05530140632,0.055092005320000005,0.055155206320000004,0.055618108320000005,0.055002205320000004,0.05530380632,0.05522410532000001,0.05652921332000001,0.054752203320000005,0.05491840432,0.054482101320000004,0.05436060132000001,0.054962204320000006,0.054967904320000004,0.055398206320000004,0.05414629932000001,0.054546402320000006,0.055544508320000005,0.055368807320000005,0.05538970732,0.05508340532000001,0.05541820732,0.05473080232000001,0.05472170332,0.054365301320000003,0.054397201320000005,0.05421780032,0.054505602320000006,0.054215200320000004,0.05434330132,0.05474650332000001,0.05478760432,0.054768903320000006,0.054914104320000004,0.054783104320000005,0.05464680232000001,0.054743303320000006,0.05478180332,0.05465440332,0.05564210832000001,0.05535330732,0.05500810532000001,0.05483360332000001,0.055161205320000004,0.05532670732000001,0.055472807320000005,0.05417480032000001,0.05453320232000001,0.05515220632000001,0.05468450332000001,0.05493820432,0.05531800732000001,0.05541910732000001,0.05559240832000001,0.055048305320000004,0.05470450332000001,0.054826304320000005,0.05475930332000001,0.054466002320000005,0.054549002320000005],"exit_codes":[0,0,0,0,0,0,0,0,0,0,0,0,0,0,0,0,0,0,0,0,0,0,0,0,0,0,0,0,0,0,0,0,0,0,0,0,0,0,0,0,0,0,0,0,0,0,0,0,0,0,0,0,0,0,0,0,0,0,0,0,0,0,0,0,0,0,0,0,0,0,0,0,0,0,0,0,0,0,0,0,0,0,0,0,0,0,0,0,0,0,0,0,0,0,0,0,0,0,0,0]}],"latency":null},"language":"Python","tool":"server","type":"/iter","version":"3.8.10 (x64-linux)","additionalInfo":null,"runtime":null}