{"stats":{"results":[{"command":"ruby benchmarks/json/stringify/main.rb","mean":0.05617785959,"stddev":0.0007287072441007836,"median":0.056019036120000004,"user":0.04850195,"system":0.007557707000000001,"min":0.05498867612,"max":0.05983172212000001,"times":[0.05588688512000001,0.056015686120000005,0.055824984120000004,0.056551991120000006,0.05570018312,0.05572908312000001,0.056146788120000006,0.05684189412000001,0.056984695120000005,0.05668439212000001,0.055888485120000005,0.055425580120000005,0.05538148012000001,0.05546318112,0.05555128212,0.05557538212000001,0.05549108112000001,0.05588938512000001,0.05701179512000001,0.05598078612000001,0.056101087120000004,0.056536991120000005,0.055996886120000006,0.05691269512000001,0.056825393120000005,0.05716869712000001,0.057982705120000005,0.056381089120000005,0.05631458912000001,0.05598398612000001,0.05556518212000001,0.05699949612000001,0.05665929212000001,0.055574982120000005,0.05741829912000001,0.05711199612000001,0.056832193120000006,0.05677319312000001,0.05700269612000001,0.05665349212000001,0.057483300120000004,0.057967004120000006,0.056670993120000006,0.05631948912,0.05557628212000001,0.055432080120000005,0.05533417912000001,0.05649219112000001,0.056202988120000005,0.05595058512000001,0.056793094120000005,0.056170388120000005,0.05693129512000001,0.05671889312000001,0.05573418312000001,0.055398080120000005,0.056222488120000004,0.05631648912000001,0.05660809212000001,0.05614588712000001,0.056210688120000005,0.05983172212000001,0.056934495120000005,0.05602238612,0.056213888120000007,0.056229988120000005,0.056353090120000005,0.057454100120000004,0.05587898512000001,0.055965986120000005,0.056235088120000006,0.055650283120000005,0.056266689120000005,0.055867285120000006,0.05498867612,0.05533837912000001,0.055044477120000004,0.055423180120000005,0.055533681120000004,0.055440580120000006,0.05562388212000001,0.05586158412000001,0.05592438512000001,0.055350079120000006,0.05606118612000001,0.05519277812000001,0.055430680120000006,0.05634158912000001,0.055935985120000004,0.05614468612000001,0.05550198012000001,0.055878784120000004,0.055969285120000004,0.05577158312000001,0.055148478120000004,0.055664482120000004,0.056082786120000006,0.055865584120000006,0.055854483120000006,0.056010085120000004],"exit_codes":[0,0,0,0,0,0,0,0,0,0,0,0,0,0,0,0,0,0,0,0,0,0,0,0,0,0,0,0,0,0,0,0,0,0,0,0,0,0,0,0,0,0,0,0,0,0,0,0,0,0,0,0,0,0,0,0,0,0,0,0,0,0,0,0,0,0,0,0,0,0,0,0,0,0,0,0,0,0,0,0,0,0,0,0,0,0,0,0,0,0,0,0,0,0,0,0,0,0,0,0]}],"latency":null},"language":"JavaScript","tool":"server","type":"/iter","version":"1.36.3 (x64-linux)","additionalInfo":null,"runtime":"deno"}