{"stats":{"results":[{"command":"ruby benchmarks/json/stringify/main.rb","mean":0.055855328960000034,"stddev":0.0007200050494177398,"median":0.055815327680000006,"user":0.04730069999999996,"system":0.0084524808,"min":0.054286996180000005,"max":0.05797076718000001,"times":[0.05525771418000001,0.05551911818000001,0.05569032118000001,0.055645320180000006,0.05606062818000001,0.05633503318000001,0.055949226180000006,0.056967445180000006,0.05634133318000001,0.05577482218,0.055676721180000006,0.055747922180000006,0.055866124180000004,0.05547011818000001,0.05623733218000001,0.056160630180000004,0.05559812018000001,0.055373216180000004,0.054811005180000004,0.054286996180000005,0.054945708180000004,0.05550031818000001,0.05617403018000001,0.05609432818000001,0.05643813518000001,0.05528771418,0.05582982318000001,0.056801542180000004,0.05635583318000001,0.05568862118000001,0.05621103118000001,0.056026227180000006,0.05513801118000001,0.05495910818000001,0.05484080618000001,0.05438760118000001,0.05452180418000001,0.055095515180000006,0.05526721818000001,0.05591903018000001,0.05630643618000001,0.056142834180000004,0.05618303418000001,0.055481421180000004,0.055171016180000004,0.05539692018,0.055326718180000005,0.054823909180000005,0.055149815180000006,0.05577072618000001,0.05614293318000001,0.05560052318000001,0.05564352418000001,0.055467021180000006,0.05544372118000001,0.056077732180000006,0.05535651918000001,0.055817727180000005,0.056316437180000005,0.056358238180000006,0.05648914018000001,0.05529641818000001,0.05501431318,0.054840309180000005,0.05495101218000001,0.05493631218000001,0.05531911918000001,0.05593063018,0.05596023018000001,0.05561042418000001,0.054807309180000006,0.055342219180000006,0.05544822118000001,0.055520822180000005,0.055609924180000006,0.05559572318000001,0.055993730180000006,0.056563641180000006,0.056856446180000006,0.055683225180000004,0.055812928180000006,0.05661134218,0.056326536180000004,0.05633173718000001,0.05658104118000001,0.05653234018000001,0.055886229180000004,0.056658742180000006,0.056013531180000006,0.055858528180000006,0.05642253918000001,0.05797076718000001,0.057637060180000005,0.05781076418000001,0.057434357180000006,0.057525258180000004,0.05642763818,0.05597423018000001,0.056560741180000006,0.057158652180000005],"exit_codes":[0,0,0,0,0,0,0,0,0,0,0,0,0,0,0,0,0,0,0,0,0,0,0,0,0,0,0,0,0,0,0,0,0,0,0,0,0,0,0,0,0,0,0,0,0,0,0,0,0,0,0,0,0,0,0,0,0,0,0,0,0,0,0,0,0,0,0,0,0,0,0,0,0,0,0,0,0,0,0,0,0,0,0,0,0,0,0,0,0,0,0,0,0,0,0,0,0,0,0,0]}],"latency":null},"language":"Python","tool":"server","type":"/iter","version":"3.8.10 (x64-linux)","additionalInfo":null,"runtime":null}