{"stats":{"results":[{"command":"ruby benchmarks/json/stringify/main.rb","mean":0.04121790811000001,"stddev":0.0005977720573676364,"median":0.04117342344000001,"user":0.03631412,"system":0.004874091799999999,"min":0.04025511494,"max":0.042722659940000005,"times":[0.04026132394,0.040519874940000006,0.040623456940000004,0.04076093394000001,0.040900002940000006,0.040859927940000006,0.040853735940000004,0.04111997094000001,0.041349408940000006,0.04168122794,0.041332997940000005,0.040553426940000005,0.04116831194000001,0.04149598194,0.04172495794000001,0.04242257394000001,0.042121505940000005,0.04153317094,0.04112267094000001,0.041122849940000004,0.04059604094000001,0.04065914794000001,0.040458129940000004,0.04042982094000001,0.040480895940000004,0.04041431294,0.040684925940000005,0.041653919940000006,0.041323834940000005,0.042158458940000004,0.04181613194000001,0.040886440940000005,0.04090669894000001,0.040993459940000004,0.04080407794,0.04086296694,0.04025511494,0.040526099940000004,0.042076195940000005,0.04167714294000001,0.041998260940000004,0.041395087940000005,0.04150837894000001,0.041607833940000005,0.04093984094000001,0.040841787940000006,0.040514350940000006,0.040363696940000006,0.04029831494,0.040981845940000004,0.04050504094000001,0.04122042294000001,0.04084204894000001,0.04054270094,0.04054842194,0.040435521940000003,0.040660218940000006,0.04158169594,0.041178534940000004,0.04073286494,0.04042527294000001,0.040839784940000005,0.040596810940000005,0.04060689094000001,0.04138532894000001,0.041023596940000004,0.040472169940000004,0.041636757940000005,0.042038585940000005,0.04212982894,0.04227415494,0.041467302940000006,0.042188775940000006,0.041408392940000004,0.041215522940000006,0.04192878094000001,0.04162143594000001,0.04173047194000001,0.042510968940000005,0.042722659940000005,0.04205984594000001,0.041124603940000004,0.041569772940000006,0.041745289940000006,0.04122888894000001,0.04145454894,0.041257682940000005,0.041665880940000004,0.041284441940000006,0.041532293940000006,0.041070973940000005,0.04105783994000001,0.040685546940000004,0.04121766794000001,0.04082247194000001,0.041854509940000006,0.04182928594,0.04221942194000001,0.042087757940000005,0.04190958494000001],"exit_codes":[0,0,0,0,0,0,0,0,0,0,0,0,0,0,0,0,0,0,0,0,0,0,0,0,0,0,0,0,0,0,0,0,0,0,0,0,0,0,0,0,0,0,0,0,0,0,0,0,0,0,0,0,0,0,0,0,0,0,0,0,0,0,0,0,0,0,0,0,0,0,0,0,0,0,0,0,0,0,0,0,0,0,0,0,0,0,0,0,0,0,0,0,0,0,0,0,0,0,0,0]}],"latency":null},"language":"Python","tool":"server","type":"/iter","version":"3.8.10 (x64-linux)","additionalInfo":null,"runtime":null}