{"stats":{"results":[{"command":"ruby benchmarks/json/stringify/main.rb","mean":0.05999064556999998,"stddev":0.0004896647963199195,"median":0.059889242960000005,"user":0.04957533999999998,"system":0.010351144000000001,"min":0.059020292960000005,"max":0.060989383960000004,"times":[0.059173690960000004,0.059227789960000006,0.059020292960000005,0.05909779096000001,0.05903559296000001,0.05908339096,0.05915679196,0.05926019096000001,0.05979918496000001,0.06030128196000001,0.060749677960000005,0.06076477696,0.06087737596000001,0.06050077996000001,0.060463278960000005,0.06030388196000001,0.059828485960000004,0.05969978596000001,0.059676486960000004,0.060279180960000005,0.060149382960000004,0.06020138196000001,0.06024848196,0.06045807996000001,0.06028728196000001,0.059936383960000006,0.05981098596000001,0.05947538896000001,0.059841584960000006,0.06045587996000001,0.060500878960000004,0.06010488296000001,0.06006858896,0.060183090960000005,0.05998659296000001,0.06025658996,0.059655694960000005,0.059528495960000004,0.05989459296000001,0.059883892960000004,0.060495287960000005,0.060707385960000006,0.06081698496000001,0.060989383960000004,0.060916983960000004,0.060840084960000006,0.060040990960000006,0.06049778796000001,0.060648786960000006,0.06054098796000001,0.06076568496,0.06087318496000001,0.06085368496000001,0.06036028896000001,0.059962792960000004,0.05984619396,0.05978079396,0.059847793960000006,0.06020558996000001,0.060113590960000005,0.060197089960000005,0.06039118896000001,0.06051368696000001,0.06066918696,0.06006239196,0.059749493960000004,0.059738693960000006,0.06010259096000001,0.060654286960000005,0.06047008796,0.06005219196000001,0.059790593960000006,0.05980929396,0.05974319496,0.05959989596,0.059211298960000006,0.05951339596000001,0.05969589396,0.05978869396000001,0.059964791960000006,0.05969229496,0.059438796960000005,0.05955659596000001,0.059688494960000005,0.059496195960000005,0.059816393960000006,0.05934479796000001,0.05980729396000001,0.059937691960000004,0.059823893960000006,0.059693794960000005,0.05958629596000001,0.05965009596,0.05958679596000001,0.059610094960000005,0.059684394960000005,0.05963439496,0.05964999496000001,0.059702693960000004,0.059613495960000006],"exit_codes":[0,0,0,0,0,0,0,0,0,0,0,0,0,0,0,0,0,0,0,0,0,0,0,0,0,0,0,0,0,0,0,0,0,0,0,0,0,0,0,0,0,0,0,0,0,0,0,0,0,0,0,0,0,0,0,0,0,0,0,0,0,0,0,0,0,0,0,0,0,0,0,0,0,0,0,0,0,0,0,0,0,0,0,0,0,0,0,0,0,0,0,0,0,0,0,0,0,0,0,0]}],"latency":null},"language":"JavaScript","tool":"server","type":"/iter","version":"1.26.0 (x64-linux)","additionalInfo":null,"runtime":"deno"}