{"stats":{"results":[{"command":"ruby benchmarks/json/stringify/main.rb","mean":0.060032746590000026,"stddev":0.0007432715408118907,"median":0.06023318246000001,"user":0.04816264000000001,"system":0.011805015600000001,"min":0.05810677746000001,"max":0.06115358446000001,"times":[0.058887278460000005,0.060384682460000005,0.06045698246,0.05985078146000001,0.05975358146,0.06079288346000001,0.06052308246000001,0.06100068346,0.058970079460000005,0.061023884460000004,0.06060698246000001,0.060052581460000004,0.06018598246000001,0.05977838046000001,0.06005078146000001,0.060352782460000004,0.060524582460000004,0.060605182460000004,0.05860127846,0.06030488246000001,0.060037681460000006,0.06027188246000001,0.060148181460000005,0.060318981460000004,0.058902979460000005,0.058905679460000006,0.059728480460000004,0.061094884460000005,0.06033968246000001,0.06005968146000001,0.05810677746000001,0.06012178146000001,0.060109281460000004,0.058675378460000004,0.06070258246000001,0.05865357846000001,0.06036458246,0.05837217846000001,0.058463277460000004,0.060135182460000006,0.058452177460000004,0.06055298346000001,0.06096658346000001,0.059394280460000004,0.060464982460000004,0.06028248246000001,0.05995688146000001,0.059757480460000005,0.06055538346000001,0.058552878460000006,0.060945983460000006,0.05920637946000001,0.061123084460000005,0.06115358446000001,0.05955198046000001,0.06082618346000001,0.060843883460000005,0.05988838146000001,0.06031698146000001,0.06040268246000001,0.060194982460000004,0.05872737846000001,0.060812783460000006,0.06054038246000001,0.060859783460000004,0.060751682460000005,0.06092538446000001,0.06074958246000001,0.06056478346000001,0.058683678460000006,0.060200481460000003,0.06020498146000001,0.06029308246000001,0.06020788146000001,0.06037518246,0.06008658246,0.06032148146000001,0.05879227846000001,0.058961179460000006,0.06012898146000001,0.060222982460000005,0.05892287846000001,0.058853479460000004,0.06040258246000001,0.06051898246000001,0.060045081460000004,0.059840481460000004,0.059929281460000004,0.059890481460000006,0.060348482460000005,0.05898297946000001,0.06048878246000001,0.06024338246000001,0.06042438246000001,0.060412182460000005,0.06026648146000001,0.06034298246000001,0.060077282460000006,0.060808183460000005,0.06045548246000001],"exit_codes":[0,0,0,0,0,0,0,0,0,0,0,0,0,0,0,0,0,0,0,0,0,0,0,0,0,0,0,0,0,0,0,0,0,0,0,0,0,0,0,0,0,0,0,0,0,0,0,0,0,0,0,0,0,0,0,0,0,0,0,0,0,0,0,0,0,0,0,0,0,0,0,0,0,0,0,0,0,0,0,0,0,0,0,0,0,0,0,0,0,0,0,0,0,0,0,0,0,0,0,0]}],"latency":null},"language":"JavaScript","tool":"server","type":"/iter","version":"0.5.6 (x64-linux)","additionalInfo":null,"runtime":"bun"}