{"stats":{"results":[{"command":"ruby benchmarks/json/stringify/main.rb","mean":0.06015573341,"stddev":0.0005344901396637031,"median":0.06014920666000001,"user":0.04867337000000001,"system":0.011361630000000001,"min":0.059055601160000006,"max":0.06238311716000001,"times":[0.05927970316000001,0.059055601160000006,0.05947760316000001,0.059137202160000006,0.059328002160000004,0.05989000516000001,0.06035940716000001,0.060067906160000004,0.059862305160000004,0.059654804160000005,0.05983540516000001,0.06010880616000001,0.060039506160000006,0.060150006160000005,0.059907005160000006,0.059672704160000006,0.05948930316000001,0.059462703160000005,0.059589204160000006,0.059540403160000005,0.060334607160000005,0.059909105160000004,0.06046990716000001,0.05984390416000001,0.05980530416000001,0.06024790716000001,0.060228207160000005,0.060197006160000004,0.060256407160000004,0.060448008160000004,0.06014140616000001,0.060118606160000004,0.060233707160000004,0.06065090916000001,0.06022420616000001,0.06010230616000001,0.05993030516000001,0.06068060916000001,0.060114006160000004,0.060168606160000006,0.06078580916000001,0.060340907160000005,0.06051670816000001,0.060311407160000004,0.05998720516000001,0.05959970316000001,0.06012430616000001,0.06044400716000001,0.060278407160000005,0.06010240616,0.06238311716000001,0.060213906160000004,0.060406807160000006,0.06048140816000001,0.060374907160000005,0.060507408160000005,0.060441008160000004,0.06033300716000001,0.060794109160000005,0.06043590816000001,0.060481608160000006,0.06206511516000001,0.059570104160000005,0.06057310816000001,0.060775309160000006,0.060658209160000004,0.05993410516000001,0.06065620916000001,0.060860709160000005,0.06011180616000001,0.05984030516000001,0.059706004160000006,0.06022270716000001,0.060811709160000005,0.060458208160000006,0.059994605160000006,0.06014840716000001,0.059491403160000005,0.059961805160000006,0.06026110616000001,0.06024430716000001,0.059372403160000004,0.05931180216000001,0.059588704160000006,0.06037650716000001,0.06029270716000001,0.06007600616000001,0.059558504160000005,0.059847405160000006,0.060083606160000004,0.06093101016000001,0.061433112160000004,0.061069911160000004,0.06072230916000001,0.06028310716000001,0.06017310616000001,0.059792105160000004,0.05978280416000001,0.05946310416000001,0.059713204160000005],"exit_codes":[0,0,0,0,0,0,0,0,0,0,0,0,0,0,0,0,0,0,0,0,0,0,0,0,0,0,0,0,0,0,0,0,0,0,0,0,0,0,0,0,0,0,0,0,0,0,0,0,0,0,0,0,0,0,0,0,0,0,0,0,0,0,0,0,0,0,0,0,0,0,0,0,0,0,0,0,0,0,0,0,0,0,0,0,0,0,0,0,0,0,0,0,0,0,0,0,0,0,0,0]}],"latency":null},"language":"Python","tool":"server","type":"/iter","version":"3.8.10 (x64-linux)","additionalInfo":null,"runtime":null}