{"stats":{"results":[{"command":"ruby benchmarks/json/stringify/main.rb","mean":0.053998678499999994,"stddev":0.0005097152264064072,"median":0.05394340452,"user":0.046397210000000015,"system":0.0075060975999999965,"min":0.053027582020000005,"max":0.05722108202000001,"times":[0.053718395020000004,0.05722108202000001,0.054611918020000004,0.05486622402000001,0.05425190902000001,0.054241609020000005,0.05369949602000001,0.05429511002000001,0.05389859902000001,0.054287510020000006,0.054343210020000005,0.05470452002000001,0.05472042002000001,0.054532315020000006,0.05454031602000001,0.05432721002000001,0.054250809020000006,0.05401260302000001,0.054349311020000006,0.05475432102,0.05406960402000001,0.05398780202,0.05360169202000001,0.05376639702000001,0.05339548702000001,0.05362629302000001,0.053470789020000006,0.05364379402,0.05341458802000001,0.053904800020000004,0.05335498602000001,0.05350299002000001,0.053850698020000004,0.05382459802000001,0.05344558902,0.05365959402000001,0.05332698602000001,0.053610493020000004,0.05372769602000001,0.05373649602,0.05384439902000001,0.05431391102000001,0.054341311020000005,0.053928201020000004,0.054006002020000006,0.05383739802,0.05412350602,0.05402280302000001,0.05394990102,0.053826598020000005,0.054403812020000004,0.054223708020000004,0.05426730902000001,0.053591193020000004,0.05392430002,0.05536093602000001,0.054586316020000004,0.05407700402000001,0.053909400020000005,0.053975102020000006,0.05392280002000001,0.054009103020000004,0.05424900902000001,0.05349809002000001,0.05371499602000001,0.05370789502000001,0.053743096020000006,0.05366839602000001,0.05402540602000001,0.05359189502000001,0.05360229602000001,0.05321798702,0.05408650802000001,0.053949105020000006,0.05404550702000001,0.05393900402000001,0.054007206020000004,0.05350469302000001,0.054184910020000004,0.05344319202000001,0.05359989602000001,0.054083308020000005,0.054273513020000004,0.05391220302000001,0.05372319902000001,0.05371989902,0.05360249602000001,0.053027582020000005,0.05365589802000001,0.05404980702000001,0.054347615020000004,0.05394780502,0.054038907020000006,0.05441821602000001,0.053913604020000006,0.054215311020000004,0.05416721002000001,0.05365469702000001,0.05370899802000001,0.054635221020000006],"exit_codes":[0,0,0,0,0,0,0,0,0,0,0,0,0,0,0,0,0,0,0,0,0,0,0,0,0,0,0,0,0,0,0,0,0,0,0,0,0,0,0,0,0,0,0,0,0,0,0,0,0,0,0,0,0,0,0,0,0,0,0,0,0,0,0,0,0,0,0,0,0,0,0,0,0,0,0,0,0,0,0,0,0,0,0,0,0,0,0,0,0,0,0,0,0,0,0,0,0,0,0,0]}],"latency":null},"language":"Python","tool":"server","type":"/iter","version":"3.8.10 (x64-linux)","additionalInfo":null,"runtime":null}