{"stats":{"results":[{"command":"ruby benchmarks/json/stringify/main.rb","mean":0.04144530616000001,"stddev":0.0005535942106191888,"median":0.04140184038,"user":0.03692676999999999,"system":0.0045196554,"min":0.040491512380000004,"max":0.04328805738000001,"times":[0.042090664380000004,0.041223280380000005,0.04093351538000001,0.04139828738,0.04186247438000001,0.04162136038000001,0.04145111038,0.040954544380000006,0.04129534638000001,0.041223490380000005,0.041188504380000004,0.04070689738,0.04239132938000001,0.04328805738000001,0.04219480038000001,0.04205922438,0.041670903380000006,0.041853227380000003,0.04174104438000001,0.04106459238000001,0.040611027380000005,0.04100427738,0.040986594380000005,0.041362502380000006,0.040607390380000004,0.04072629438000001,0.04186903638000001,0.04112874238000001,0.041280337380000004,0.041739021380000005,0.04160483938000001,0.040820752380000005,0.04149134538,0.04140539338,0.041271070380000004,0.04064378138000001,0.041200197380000005,0.040827505380000004,0.04146955338,0.041348596380000005,0.04084043938,0.04105131638000001,0.04101866438000001,0.040576224380000005,0.04127135138000001,0.041812119380000005,0.042208756380000004,0.04276129738000001,0.04150152438000001,0.04159157438,0.04061054738000001,0.04058609138000001,0.041289785380000006,0.04094691038000001,0.04108738538000001,0.04097910938,0.041126778380000006,0.041234142380000005,0.041663679380000006,0.04211284538000001,0.042250414380000004,0.04215792938000001,0.042279560380000004,0.041740855380000004,0.041504971380000005,0.042545799380000006,0.042244413380000005,0.041567550380000005,0.04160303538000001,0.04177973838000001,0.042403834380000005,0.04151095038000001,0.040491512380000004,0.041728131380000005,0.04190233938000001,0.041685591380000005,0.04100285438000001,0.04050656138000001,0.040854937380000005,0.042097277380000006,0.04134537038,0.041675732380000004,0.04194367638,0.04132719638000001,0.04174368138000001,0.041531972380000004,0.04185758438000001,0.041424319380000005,0.040902025380000005,0.04093198138,0.04117224438000001,0.040879643380000004,0.04079639538,0.041462430380000005,0.04151967838000001,0.041137658380000004,0.041079189380000006,0.042213976380000004,0.04249791138,0.04134823538000001],"exit_codes":[0,0,0,0,0,0,0,0,0,0,0,0,0,0,0,0,0,0,0,0,0,0,0,0,0,0,0,0,0,0,0,0,0,0,0,0,0,0,0,0,0,0,0,0,0,0,0,0,0,0,0,0,0,0,0,0,0,0,0,0,0,0,0,0,0,0,0,0,0,0,0,0,0,0,0,0,0,0,0,0,0,0,0,0,0,0,0,0,0,0,0,0,0,0,0,0,0,0,0,0]}],"latency":null},"language":"Python","tool":"server","type":"/iter","version":"3.8.10 (x64-linux)","additionalInfo":null,"runtime":null}