{"stats":{"results":[{"command":"ruby benchmarks/json/stringify/main.rb","mean":0.06003781681000001,"stddev":0.0004189627683530702,"median":0.05996615056,"user":0.04914544999999999,"system":0.010828382800000003,"min":0.05929895256000001,"max":0.06116734656000001,"times":[0.059403551560000004,0.059749851560000004,0.060452248560000005,0.06094724756000001,0.06048424856000001,0.060101849560000004,0.060616348560000005,0.06116734656000001,0.06035324856,0.05996455056,0.05986385056000001,0.05982645056000001,0.05956705256000001,0.05965705156000001,0.059573751560000006,0.05929895256000001,0.05930195256,0.059894350560000004,0.06006245056000001,0.06079404756000001,0.060392148560000004,0.05990105056000001,0.059428252560000006,0.059350052560000005,0.059501552560000004,0.059603851560000004,0.06050164856,0.06066664756000001,0.05976275156000001,0.060018649560000005,0.05964145156,0.060383949560000004,0.05980785056000001,0.05972855156000001,0.06029654856,0.060881247560000004,0.06085294756000001,0.060401048560000004,0.059777651560000006,0.059931350560000006,0.05985935056,0.059485151560000005,0.05980445056000001,0.060368249560000004,0.05984455056000001,0.059656451560000004,0.06050034856000001,0.06032454956,0.059958550560000004,0.059967750560000005,0.060629648560000006,0.06036354856000001,0.059877950560000004,0.05956125156000001,0.059843551560000006,0.059899750560000006,0.06033634856,0.059647351560000006,0.060257049560000005,0.06062704856000001,0.060024450560000005,0.05971955156000001,0.05966065056000001,0.05961945156000001,0.05940905256000001,0.05951065156000001,0.06010585056000001,0.06030344956000001,0.06050924756000001,0.06019114156000001,0.06006924256000001,0.059827442560000006,0.06018684256000001,0.05992524256000001,0.05991084356,0.060320642560000005,0.06086684056,0.059977042560000006,0.06007584256000001,0.05984784356000001,0.05980224356,0.059593843560000005,0.05951844456000001,0.05970814356,0.06065104056000001,0.06053694056000001,0.06047484056000001,0.06002484256000001,0.06022804256000001,0.05990034256000001,0.05966294356000001,0.05965984356000001,0.06033014156000001,0.06055164056000001,0.06020374256000001,0.060509240560000004,0.060022142560000005,0.060061442560000004,0.06007514256,0.059482844560000005],"exit_codes":[0,0,0,0,0,0,0,0,0,0,0,0,0,0,0,0,0,0,0,0,0,0,0,0,0,0,0,0,0,0,0,0,0,0,0,0,0,0,0,0,0,0,0,0,0,0,0,0,0,0,0,0,0,0,0,0,0,0,0,0,0,0,0,0,0,0,0,0,0,0,0,0,0,0,0,0,0,0,0,0,0,0,0,0,0,0,0,0,0,0,0,0,0,0,0,0,0,0,0,0]}],"latency":null},"language":"JavaScript","tool":"server","type":"/iter","version":"0.1.12 (x64-linux)","additionalInfo":null,"runtime":"bun"}