{"stats":{"results":[{"command":"ruby benchmarks/json/stringify/main.rb","mean":0.05972173828999999,"stddev":0.0006886102209133234,"median":0.05976792816000001,"user":0.04735234999999996,"system":0.012281379999999993,"min":0.058247793660000005,"max":0.061374764660000004,"times":[0.058671703660000005,0.059729628660000006,0.060309441660000004,0.05961602566000001,0.05912861466000001,0.05977672866000001,0.059246016660000005,0.05874160566000001,0.05897411066000001,0.058671503660000006,0.05843179766000001,0.058554100660000004,0.05869590366000001,0.058620502660000004,0.058307395660000004,0.058813207660000005,0.058247793660000005,0.058733704660000004,0.059935032660000005,0.06126946366000001,0.060083535660000006,0.060171837660000005,0.05987553066000001,0.05987353066000001,0.05934871966000001,0.05985303066000001,0.05958322466000001,0.059487422660000004,0.05948922266000001,0.059817729660000006,0.06007733566000001,0.060202938660000004,0.059937232660000006,0.059442521660000004,0.059395719660000006,0.059858530660000006,0.05977582866000001,0.05991853166000001,0.05977982766000001,0.06023453866,0.061374764660000004,0.06130536366000001,0.061001356660000006,0.060855553660000006,0.060869753660000005,0.060509044660000004,0.06053404566000001,0.060892453660000005,0.060388341660000004,0.05998913266000001,0.060295940660000005,0.059877530660000004,0.059547022660000004,0.060198837660000004,0.06014303666000001,0.06037354166000001,0.060652248660000005,0.06061474766000001,0.05994213266000001,0.05968382666000001,0.059127713660000004,0.05946672066000001,0.059663625660000004,0.060245439660000004,0.05946032166000001,0.05947672066000001,0.06084305266000001,0.060544846660000005,0.05958852466000001,0.059760027660000006,0.05894290966000001,0.058856907660000006,0.058892808660000004,0.05893830966000001,0.05893470866000001,0.058986709660000004,0.05869760366000001,0.059132113660000006,0.059328117660000006,0.060042433660000005,0.060498944660000005,0.05975502766000001,0.05906891266000001,0.05984102966000001,0.06005023466000001,0.059825629660000004,0.06044474366000001,0.060213338660000004,0.059531322660000004,0.05962292466000001,0.059226915660000004,0.059267316660000006,0.059540522660000005,0.05921281466000001,0.060060734660000004,0.05972072666000001,0.059866429660000005,0.06022893866000001,0.05992083166000001,0.05961712466000001],"exit_codes":[0,0,0,0,0,0,0,0,0,0,0,0,0,0,0,0,0,0,0,0,0,0,0,0,0,0,0,0,0,0,0,0,0,0,0,0,0,0,0,0,0,0,0,0,0,0,0,0,0,0,0,0,0,0,0,0,0,0,0,0,0,0,0,0,0,0,0,0,0,0,0,0,0,0,0,0,0,0,0,0,0,0,0,0,0,0,0,0,0,0,0,0,0,0,0,0,0,0,0,0]}],"latency":null},"language":"Python","tool":"server","type":"/iter","version":"3.8.10 (x64-linux)","additionalInfo":null,"runtime":null}