{"stats":{"results":[{"command":"ruby benchmarks/json/stringify/main.rb","mean":0.060375263550000044,"stddev":0.0009100138831882946,"median":0.060443355840000004,"user":0.046793779999999986,"system":0.013482890999999995,"min":0.057743009340000005,"max":0.06265989334,"times":[0.05960184134,0.06228478834,0.06265989334,0.05988614634000001,0.06228328734,0.061632676340000005,0.061384971340000004,0.05937413734000001,0.06122726934000001,0.06117386834000001,0.06258609334,0.059865246340000004,0.06132287134000001,0.059711743340000005,0.061847479340000004,0.060953664340000005,0.05993444634,0.060356254340000005,0.060509757340000005,0.06037825434000001,0.05936403734000001,0.06132887134000001,0.059113333340000004,0.06072616034000001,0.06040045434000001,0.06053405734,0.060814362340000004,0.060191851340000005,0.060114649340000006,0.05985234534000001,0.060047049340000005,0.060874963340000005,0.060788561340000005,0.06050315634,0.06034695334000001,0.05882932834000001,0.06045795534000001,0.06161897634,0.06059025834000001,0.06016015034,0.060432555340000006,0.059758543340000005,0.058377820340000004,0.059240334340000006,0.06100786534000001,0.060138050340000006,0.05999424834000001,0.060574157340000004,0.060978765340000005,0.059787544340000005,0.06178297834000001,0.05955644034,0.06096946434000001,0.06126876934000001,0.06075706134000001,0.06015985134000001,0.06036505534000001,0.06045415634000001,0.06062335934000001,0.060502557340000006,0.06019605234000001,0.060294953340000006,0.06060395834000001,0.060654859340000006,0.060887763340000005,0.060529357340000006,0.061266269340000006,0.061470473340000005,0.060833962340000006,0.060700260340000006,0.06034665434000001,0.05990644734000001,0.06075826134000001,0.060430855340000006,0.06055185734000001,0.05805781434000001,0.057743009340000005,0.05950694034000001,0.060405455340000004,0.05944903834,0.06114296734000001,0.06093326434000001,0.06048715634000001,0.05982284434000001,0.060037648340000006,0.058534723340000004,0.060351854340000004,0.06060855834000001,0.05946513834000001,0.05886802934,0.05896863034000001,0.060528157340000006,0.05876882734,0.06037715434,0.060755461340000004,0.058513522340000006,0.06009514934000001,0.06010604934000001,0.06142087234000001,0.06078436134],"exit_codes":[0,0,0,0,0,0,0,0,0,0,0,0,0,0,0,0,0,0,0,0,0,0,0,0,0,0,0,0,0,0,0,0,0,0,0,0,0,0,0,0,0,0,0,0,0,0,0,0,0,0,0,0,0,0,0,0,0,0,0,0,0,0,0,0,0,0,0,0,0,0,0,0,0,0,0,0,0,0,0,0,0,0,0,0,0,0,0,0,0,0,0,0,0,0,0,0,0,0,0,0]}],"latency":null},"language":"Python","tool":"server","type":"/iter","version":"3.8.10 (x64-linux)","additionalInfo":null,"runtime":null}