{"stats":{"results":[{"command":"ruby benchmarks/json/stringify/main.rb","mean":0.04065608821999999,"stddev":0.000604869406113629,"median":0.040460679,"user":0.03604436,"system":0.004595432400000001,"min":0.039834891000000004,"max":0.04253547900000001,"times":[0.04017319400000001,0.03992360600000001,0.04016846300000001,0.040132456000000004,0.04001648900000001,0.039930530000000006,0.039996312000000006,0.040898104000000005,0.04048239000000001,0.040788751000000005,0.04069162900000001,0.04012208700000001,0.040064630000000004,0.040035916000000005,0.040290991000000005,0.04037625100000001,0.040624094000000006,0.039911854000000004,0.040707056000000005,0.041013310000000004,0.040827023000000004,0.040287696000000005,0.04024818200000001,0.040452223,0.040621278000000004,0.039944186000000007,0.039834891000000004,0.04023315400000001,0.04037862600000001,0.040101358000000004,0.04019012400000001,0.040229217000000005,0.04037975800000001,0.04025707800000001,0.041289424000000005,0.040120354000000004,0.04011849000000001,0.04042930000000001,0.04019775800000001,0.040140191000000006,0.03995984400000001,0.040256518000000005,0.040276204,0.040826972,0.040261174000000004,0.04041919100000001,0.039992515000000006,0.040080569,0.040161270000000006,0.040147825000000005,0.040413952,0.040469135,0.040312121000000006,0.040219569000000004,0.040429620000000006,0.040228806000000006,0.04011190800000001,0.040191827000000006,0.04072293800000001,0.04073107200000001,0.040260315000000005,0.04057618400000001,0.04145761800000001,0.04249261900000001,0.04253547900000001,0.041678200000000006,0.041535785000000006,0.04156209400000001,0.040948027000000005,0.041666097000000006,0.041306036000000004,0.041175482000000006,0.04119247400000001,0.041864236000000006,0.04169289700000001,0.041497212000000006,0.041231396000000003,0.040810751000000006,0.040884538000000005,0.04145924100000001,0.04092997400000001,0.040652957,0.041046872000000005,0.040716125000000006,0.040525239000000005,0.040512345000000005,0.040390828000000004,0.04030758300000001,0.04043418000000001,0.041778166000000005,0.042496056000000004,0.04143076800000001,0.040973916000000006,0.041602729000000005,0.041044287000000006,0.040715815,0.04080725500000001,0.04099008600000001,0.040881374000000005,0.040704132000000004],"exit_codes":[0,0,0,0,0,0,0,0,0,0,0,0,0,0,0,0,0,0,0,0,0,0,0,0,0,0,0,0,0,0,0,0,0,0,0,0,0,0,0,0,0,0,0,0,0,0,0,0,0,0,0,0,0,0,0,0,0,0,0,0,0,0,0,0,0,0,0,0,0,0,0,0,0,0,0,0,0,0,0,0,0,0,0,0,0,0,0,0,0,0,0,0,0,0,0,0,0,0,0,0]}],"latency":null},"language":"JavaScript","tool":"server","type":"/iter","version":"1.39.4 (x64-linux)","additionalInfo":null,"runtime":"deno"}