{"stats":{"results":[{"command":"ruby benchmarks/json/stringify/main.rb","mean":0.05201883376000001,"stddev":0.0022996018477084886,"median":0.05142436546,"user":0.04516064,"system":0.006871852799999999,"min":0.04856866446000001,"max":0.059754169460000006,"times":[0.050374765460000005,0.05045526446,0.051256265460000006,0.05090496546000001,0.05015026446,0.050665265460000004,0.050454365460000004,0.05103846546000001,0.050291264460000006,0.053323766460000005,0.052939566460000004,0.050985765460000006,0.05106786546000001,0.05079756446000001,0.05181856646000001,0.05675286746000001,0.05049936546000001,0.050665464460000004,0.05090626546,0.050622865460000006,0.05099716546000001,0.05159726546000001,0.05215016546000001,0.051608565460000005,0.05493846746000001,0.05608776746000001,0.053774766460000005,0.05009396546000001,0.051454565460000004,0.05129546546000001,0.05168376546,0.055569167460000006,0.05194626546000001,0.052424166460000005,0.050060564460000005,0.05280336646000001,0.05040846446,0.05433226746000001,0.051709365460000004,0.051148865460000005,0.05035166446000001,0.049691365460000005,0.049597964460000005,0.051200465460000004,0.04972616446000001,0.04887946446000001,0.049621864460000005,0.04937506446000001,0.050599665460000005,0.05241916546000001,0.05675616746000001,0.058381068460000005,0.05361776646000001,0.050763765460000006,0.05144656546,0.051063165460000004,0.051949465460000004,0.051841166460000004,0.051800165460000006,0.05133646546000001,0.05140216546,0.050197864460000005,0.050754765460000004,0.05021026446000001,0.05090256446000001,0.059754169460000006,0.05466936746000001,0.053669066460000005,0.053505266460000006,0.05648446746000001,0.053863766460000004,0.05509296746,0.05435616646000001,0.05385136746000001,0.05275686546,0.049324064460000004,0.049277064460000006,0.04931236446000001,0.04949126546,0.04971586446000001,0.048852564460000004,0.05153986546000001,0.04965776446,0.04935516446,0.049527464460000004,0.04856866446000001,0.049545664460000007,0.05173436646000001,0.053645166460000004,0.05265446546000001,0.05820506846000001,0.055293067460000005,0.05421066746000001,0.05567596746,0.05264936546000001,0.05303746646000001,0.053810466460000005,0.05417276646000001,0.054091167460000006,0.054590666460000006],"exit_codes":[0,0,0,0,0,0,0,0,0,0,0,0,0,0,0,0,0,0,0,0,0,0,0,0,0,0,0,0,0,0,0,0,0,0,0,0,0,0,0,0,0,0,0,0,0,0,0,0,0,0,0,0,0,0,0,0,0,0,0,0,0,0,0,0,0,0,0,0,0,0,0,0,0,0,0,0,0,0,0,0,0,0,0,0,0,0,0,0,0,0,0,0,0,0,0,0,0,0,0,0]}],"latency":null},"language":"Python","tool":"server","type":"/iter","version":"3.8.10 (x64-linux)","additionalInfo":null,"runtime":null}