{"stats":{"results":[{"command":"ruby benchmarks/json/stringify/main.rb","mean":0.06045833934000001,"stddev":0.00030887859669454036,"median":0.06044721130000001,"user":0.04952608,"system":0.010863080599999995,"min":0.059795262800000006,"max":0.061375258800000006,"times":[0.06058636180000001,0.060364460800000005,0.061375258800000006,0.06071135980000001,0.06056146180000001,0.06045826080000001,0.060237061800000005,0.060403361800000006,0.06037396180000001,0.06061546080000001,0.06099575980000001,0.06101415980000001,0.06025166180000001,0.06048066180000001,0.06051726080000001,0.06008306280000001,0.060069362800000005,0.059795262800000006,0.06027316280000001,0.06062156180000001,0.060524961800000006,0.060096662800000006,0.06046836180000001,0.06047936080000001,0.060290862800000004,0.06002266280000001,0.060355561800000006,0.06037086180000001,0.06069276080000001,0.06096955980000001,0.06083875980000001,0.060430361800000006,0.06096665980000001,0.06064596080000001,0.060520060800000004,0.060534861800000006,0.06044246080000001,0.06034676180000001,0.06007426280000001,0.060004662800000004,0.06049756080000001,0.060411761800000005,0.06001356280000001,0.059834563800000004,0.059808062800000006,0.06057276080000001,0.06064286080000001,0.060579460800000005,0.06018296280000001,0.06058736080000001,0.06098585980000001,0.06106335880000001,0.06032306180000001,0.060437061800000004,0.060205461800000006,0.060342061800000006,0.060544460800000005,0.06014256280000001,0.06054886080000001,0.06004776280000001,0.060292061800000005,0.06118225880000001,0.060696260800000006,0.060541760800000004,0.05997856280000001,0.05999496280000001,0.060116162800000005,0.06044306080000001,0.060539360800000004,0.060244362800000006,0.06002866280000001,0.060342461800000004,0.06077606080000001,0.06097265980000001,0.060463860800000005,0.06015806280000001,0.06089565980000001,0.060782159800000006,0.06062446080000001,0.060370761800000006,0.060060462800000006,0.06074725980000001,0.060284561800000004,0.060427161800000004,0.06064356080000001,0.060442860800000005,0.06031636180000001,0.060689459800000005,0.06030666080000001,0.060709960800000004,0.060783559800000005,0.060508060800000006,0.06078716080000001,0.060245261800000005,0.06041236080000001,0.060451361800000006,0.06016766280000001,0.060882758800000006,0.060247161800000004,0.06063985980000001],"exit_codes":[0,0,0,0,0,0,0,0,0,0,0,0,0,0,0,0,0,0,0,0,0,0,0,0,0,0,0,0,0,0,0,0,0,0,0,0,0,0,0,0,0,0,0,0,0,0,0,0,0,0,0,0,0,0,0,0,0,0,0,0,0,0,0,0,0,0,0,0,0,0,0,0,0,0,0,0,0,0,0,0,0,0,0,0,0,0,0,0,0,0,0,0,0,0,0,0,0,0,0,0]}],"latency":null},"language":"JavaScript","tool":"server","type":"/iter","version":"1.35.1 (x64-linux)","additionalInfo":null,"runtime":"deno"}