{"stats":{"results":[{"command":"ruby benchmarks/json/stringify/main.rb","mean":0.04094203255,"stddev":0.0006902958831580728,"median":0.04076956786000001,"user":0.03657893999999998,"system":0.004320227600000002,"min":0.04037240886000001,"max":0.046273932860000005,"times":[0.040748562860000004,0.040587992860000005,0.040872335860000004,0.040611826860000005,0.040502582860000004,0.04044400386000001,0.040383840860000006,0.04037240886000001,0.04080353686,0.04054786786,0.040675806860000004,0.041060758860000005,0.041028788860000005,0.04108040486,0.040491191860000005,0.04074203086000001,0.043264596860000004,0.04104741386000001,0.04049660186,0.04056016086000001,0.040585156860000006,0.04063146386000001,0.041296690860000006,0.04084792986000001,0.04097917486,0.04100021586000001,0.04058650986000001,0.04097733186000001,0.040891209860000007,0.040489317860000006,0.040547637860000006,0.040593583860000004,0.040590196860000004,0.040744515860000004,0.040894075860000004,0.04172105486,0.040729126860000006,0.04064323586000001,0.040462136860000004,0.040551333860000004,0.04076153786,0.040758933860000006,0.040494156860000005,0.040680074860000005,0.041363895860000006,0.042376001860000005,0.04141534286,0.04103334686000001,0.04051747086,0.041030951860000005,0.04095551186,0.04120951686,0.04105727186000001,0.04073038986000001,0.04077759786000001,0.041021735860000005,0.04062281786000001,0.041909277860000003,0.04080199386,0.04131568586000001,0.040539851860000004,0.040513392860000004,0.040555942860000006,0.040516288860000006,0.04066831286000001,0.04048058186,0.040443902860000006,0.040492704860000006,0.040750235860000004,0.04069638586,0.040731197860000005,0.04061465286,0.040661920860000006,0.040955441860000004,0.040726081860000006,0.041001327860000006,0.04055699486000001,0.04131992386,0.04138594786000001,0.041551857860000006,0.04100225886000001,0.04093688686000001,0.04102925986000001,0.041679446860000004,0.04103993886000001,0.04123289086,0.04068401286000001,0.040955320860000005,0.04122232086000001,0.04130505586,0.04099374286000001,0.04080861586000001,0.041466738860000005,0.041393451860000006,0.046273932860000005,0.04090378386000001,0.041044357860000005,0.04110197486000001,0.04065325486000001,0.040394931860000004],"exit_codes":[0,0,0,0,0,0,0,0,0,0,0,0,0,0,0,0,0,0,0,0,0,0,0,0,0,0,0,0,0,0,0,0,0,0,0,0,0,0,0,0,0,0,0,0,0,0,0,0,0,0,0,0,0,0,0,0,0,0,0,0,0,0,0,0,0,0,0,0,0,0,0,0,0,0,0,0,0,0,0,0,0,0,0,0,0,0,0,0,0,0,0,0,0,0,0,0,0,0,0,0]}],"latency":null},"language":"JavaScript","tool":"server","type":"/iter","version":"1.0.20 (x64-linux)","additionalInfo":null,"runtime":"bun"}