{"stats":{"results":[{"command":"ruby benchmarks/json/stringify/main.rb","mean":0.060429011300000016,"stddev":0.00044571102746072104,"median":0.06042303594000001,"user":0.04896578999999998,"system":0.011394888400000004,"min":0.05921712694,"max":0.06126192694000001,"times":[0.06047432694,0.060990327940000005,0.06062532694000001,0.061000426940000005,0.06090792794000001,0.06060672694000001,0.060809527940000004,0.06045662694000001,0.060075327940000006,0.06126192694000001,0.061004026940000004,0.061227027940000005,0.061085626940000005,0.06111522794000001,0.061073326940000006,0.060839527940000006,0.06066202694000001,0.06053212694000001,0.06061112794000001,0.06057772694000001,0.060309827940000005,0.06111222694000001,0.060878827940000005,0.06030342694000001,0.060389926940000005,0.06075592794000001,0.06069532694000001,0.06100182794000001,0.06022762694000001,0.059739126940000005,0.059948127940000005,0.060592426940000006,0.06120062794000001,0.060238826940000004,0.059516626940000004,0.05999332794000001,0.060335926940000006,0.060883427940000005,0.06058912694000001,0.060189626940000004,0.05981622794000001,0.060481626940000005,0.06015352794000001,0.06027162694,0.059880526940000005,0.060158327940000006,0.060840426940000004,0.06077392794000001,0.05970142694,0.060346226940000004,0.06085432794000001,0.06024182694000001,0.06028152794000001,0.06050992694000001,0.06076262694000001,0.060410227940000005,0.06009972694000001,0.059440627940000004,0.05921712694,0.06037842694000001,0.060736927940000004,0.059976126940000006,0.05979842794000001,0.059549926940000004,0.060168926940000006,0.05978702794000001,0.059364826940000004,0.05986522694000001,0.06042382794000001,0.06039543294000001,0.06030614294000001,0.06042224394000001,0.059843943940000005,0.059828442940000004,0.060194043940000004,0.060500043940000005,0.060354542940000006,0.06040824394000001,0.06020934394000001,0.060417042940000006,0.060931243940000004,0.060824143940000006,0.06097114394000001,0.060611343940000006,0.06051654394000001,0.06033444294,0.060427943940000006,0.06120954394000001,0.060835743940000006,0.06027024394000001,0.060459542940000006,0.060220343940000004,0.060188043940000005,0.05996064294000001,0.060115943940000006,0.06053274394000001,0.060283542940000004,0.06056004394000001,0.060591943940000004,0.061046643940000006],"exit_codes":[0,0,0,0,0,0,0,0,0,0,0,0,0,0,0,0,0,0,0,0,0,0,0,0,0,0,0,0,0,0,0,0,0,0,0,0,0,0,0,0,0,0,0,0,0,0,0,0,0,0,0,0,0,0,0,0,0,0,0,0,0,0,0,0,0,0,0,0,0,0,0,0,0,0,0,0,0,0,0,0,0,0,0,0,0,0,0,0,0,0,0,0,0,0,0,0,0,0,0,0]}],"latency":null},"language":"JavaScript","tool":"server","type":"/iter","version":"19.8.1 (x64-linux)","additionalInfo":null,"runtime":"node"}