{"stats":{"results":[{"command":"ruby benchmarks/json/stringify/main.rb","mean":0.06020537118999998,"stddev":0.00048237174299991446,"median":0.060199220340000005,"user":0.048690419999999984,"system":0.011418787999999997,"min":0.05934716684000001,"max":0.06137797384000001,"times":[0.05947946784000001,0.05954336784000001,0.059516267840000005,0.059544568840000006,0.059724768840000005,0.059884268840000004,0.06030717084000001,0.05989666884000001,0.061001371840000006,0.06076307184000001,0.06034046984000001,0.06027347084000001,0.060435270840000006,0.06074447184000001,0.06077627184000001,0.06064337184000001,0.060236870840000005,0.060902671840000006,0.06095447284000001,0.060908172840000004,0.06084847184000001,0.060798671840000006,0.06014796984000001,0.060594270840000006,0.060183969840000004,0.060129969840000005,0.06002846984000001,0.059878968840000005,0.060601471840000004,0.06023716984000001,0.060189370840000006,0.06004296884000001,0.060030068840000006,0.059442967840000006,0.06007046884000001,0.06030476984000001,0.05995296984000001,0.059921168840000004,0.060152669840000006,0.06025216984000001,0.06028937084000001,0.06002506984000001,0.060209069840000004,0.05978986884,0.06025246984,0.06027687084,0.06037087084000001,0.05981466884000001,0.059927768840000006,0.060330470840000004,0.060476971840000004,0.06109367284000001,0.060608470840000005,0.06080407284000001,0.06073317184000001,0.060506170840000005,0.060479870840000005,0.06006496984000001,0.06043197084000001,0.05999296984000001,0.05970416884000001,0.059622668840000004,0.05934716684000001,0.059411066840000006,0.05958956784,0.05983586884000001,0.05975406884000001,0.061311273840000007,0.061081272840000006,0.06038227084000001,0.06051447184000001,0.06137797384000001,0.060370070840000005,0.060130869840000004,0.059987368840000006,0.06001926984000001,0.05996517884000001,0.06016687784000001,0.06048327884000001,0.06066548084000001,0.060371178840000005,0.06036987884000001,0.060144378840000005,0.06047947984000001,0.06087998084000001,0.06044777984000001,0.06108438184000001,0.060400678840000006,0.06078718084,0.060016478840000005,0.05986577784000001,0.05936187584000001,0.059486276840000005,0.059883777840000006,0.05936977584000001,0.059515676840000004,0.059663376840000004,0.059635176840000005,0.05937027684000001,0.05951917584000001],"exit_codes":[0,0,0,0,0,0,0,0,0,0,0,0,0,0,0,0,0,0,0,0,0,0,0,0,0,0,0,0,0,0,0,0,0,0,0,0,0,0,0,0,0,0,0,0,0,0,0,0,0,0,0,0,0,0,0,0,0,0,0,0,0,0,0,0,0,0,0,0,0,0,0,0,0,0,0,0,0,0,0,0,0,0,0,0,0,0,0,0,0,0,0,0,0,0,0,0,0,0,0,0]}],"latency":null},"language":"JavaScript","tool":"server","type":"/iter","version":"0.4.0 (x64-linux)","additionalInfo":null,"runtime":"bun"}