{"stats":{"results":[{"command":"ruby benchmarks/json/stringify/main.rb","mean":0.06118439246000003,"stddev":0.0005380163101200557,"median":0.06115999392,"user":0.047898989999999954,"system":0.01320075,"min":0.060200535920000006,"max":0.06256895692,"times":[0.06069623692000001,0.060555234920000006,0.06072663692000001,0.061363943920000004,0.06095663892000001,0.06092823992000001,0.061361343920000005,0.06171314692000001,0.06114934092,0.06256895692,0.06089423892,0.06086813892000001,0.06227765392,0.062298053920000006,0.06190574992000001,0.061782048920000006,0.06129464392000001,0.060821937920000006,0.06029783192,0.06101994092000001,0.06104334092000001,0.060925239920000006,0.06083263792000001,0.06118714192000001,0.06091683892000001,0.06023383192000001,0.06067603692000001,0.06061613592000001,0.06217615292000001,0.062274853920000005,0.06187104892000001,0.06158334592000001,0.06149504592000001,0.06201745092,0.06153274592,0.06134244392,0.06115844192000001,0.06076723792000001,0.06061583592000001,0.06106023992000001,0.06116594192000001,0.06175765292000001,0.06141124892,0.061518049920000005,0.06116654592000001,0.061110445920000006,0.060570038920000006,0.06066853992000001,0.061363547920000004,0.061565849920000006,0.06162164992,0.06166255092000001,0.06128554792000001,0.06118144592000001,0.06051413892000001,0.06086214292000001,0.06081264192000001,0.060781141920000004,0.060633040920000006,0.06022233592000001,0.061288046920000006,0.06140874892000001,0.06084384292000001,0.060849742920000005,0.06251136092,0.061103644920000005,0.060846842920000005,0.06101424392000001,0.061233445920000004,0.06137094792000001,0.06120704692000001,0.061163945920000004,0.061797052920000005,0.06187685392000001,0.062025855920000005,0.06206265592000001,0.06187595292000001,0.061731451920000006,0.06151584992000001,0.06201785492000001,0.06129904692000001,0.06067944092000001,0.06049823892000001,0.061383348920000004,0.06158644992,0.06137284792000001,0.06067464092000001,0.060200535920000006,0.060502438920000005,0.06078304192,0.060707340920000005,0.06140234792000001,0.061161545920000004,0.060722040920000005,0.060506038920000005,0.060763141920000006,0.06073974092000001,0.06050203792000001,0.060741140920000006,0.060787941920000005],"exit_codes":[0,0,0,0,0,0,0,0,0,0,0,0,0,0,0,0,0,0,0,0,0,0,0,0,0,0,0,0,0,0,0,0,0,0,0,0,0,0,0,0,0,0,0,0,0,0,0,0,0,0,0,0,0,0,0,0,0,0,0,0,0,0,0,0,0,0,0,0,0,0,0,0,0,0,0,0,0,0,0,0,0,0,0,0,0,0,0,0,0,0,0,0,0,0,0,0,0,0,0,0]}],"latency":null},"language":"JavaScript","tool":"server","type":"/iter","version":"1.35.0 (x64-linux)","additionalInfo":null,"runtime":"deno"}