{"stats":{"results":[{"command":"ruby benchmarks/json/stringify/main.rb","mean":0.06047866859999999,"stddev":0.0004447550589415066,"median":0.06044304584,"user":0.04925864999999995,"system":0.011135968799999998,"min":0.059643348840000006,"max":0.06183125384,"times":[0.06017245184000001,0.059643348840000006,0.05975305084,0.05982105084000001,0.060479053840000005,0.060384653840000004,0.059942550840000004,0.060887657840000005,0.06129265884000001,0.060547554840000004,0.060116551840000004,0.060049451840000004,0.05982705084000001,0.060001751840000006,0.06092615784000001,0.06120425484000001,0.060724547840000004,0.06183125384,0.06090884884000001,0.060524045840000006,0.05981484284000001,0.061004549840000005,0.060147344840000005,0.060851747840000005,0.061706752840000004,0.06093564984000001,0.06097134884000001,0.060767347840000006,0.060740047840000005,0.060485945840000006,0.06150865284000001,0.06135705184,0.06024274484000001,0.05997414384000001,0.060025443840000005,0.060244044840000004,0.060671747840000005,0.061203650840000005,0.06046884584000001,0.06041984584000001,0.060586746840000004,0.060331945840000005,0.06014404484000001,0.060210544840000005,0.06055694684000001,0.060120543840000006,0.06033634484000001,0.06058334784,0.06006664384,0.06018144484000001,0.06006424384,0.06061394784000001,0.06028114484000001,0.06117715084000001,0.06043444584,0.06067374784000001,0.060047943840000007,0.060554946840000005,0.06099764884000001,0.060711747840000004,0.06061344784000001,0.060569146840000004,0.060310644840000004,0.06069544684000001,0.060451645840000005,0.060522846840000005,0.05993314284000001,0.060045043840000006,0.06003884384000001,0.06015394384000001,0.060853647840000004,0.06030654584,0.06006534384000001,0.060003243840000005,0.05995894384000001,0.06014244484,0.060323744840000006,0.06070664684,0.06094014884000001,0.06140895184,0.06102394984000001,0.06034994584,0.060184244840000005,0.059995543840000005,0.060072043840000006,0.06031304584,0.060305344840000004,0.060491946840000005,0.060975149840000006,0.06057744684000001,0.06016144484000001,0.060578546840000004,0.06068174784000001,0.06021914484,0.060015043840000004,0.06058394684000001,0.06081564884000001,0.060811947840000005,0.06035594484000001,0.06005574384000001],"exit_codes":[0,0,0,0,0,0,0,0,0,0,0,0,0,0,0,0,0,0,0,0,0,0,0,0,0,0,0,0,0,0,0,0,0,0,0,0,0,0,0,0,0,0,0,0,0,0,0,0,0,0,0,0,0,0,0,0,0,0,0,0,0,0,0,0,0,0,0,0,0,0,0,0,0,0,0,0,0,0,0,0,0,0,0,0,0,0,0,0,0,0,0,0,0,0,0,0,0,0,0,0]}],"latency":null},"language":"JavaScript","tool":"server","type":"/iter","version":"1.29.2 (x64-linux)","additionalInfo":null,"runtime":"deno"}