{"stats":{"results":[{"command":"ruby benchmarks/json/stringify/main.rb","mean":0.04106830438000001,"stddev":0.0005203749754774465,"median":0.04097836716000001,"user":0.03641559000000001,"system":0.004665167200000001,"min":0.039983261660000005,"max":0.042669343660000005,"times":[0.041984344660000006,0.04131004566,0.04158595066,0.041495869660000004,0.04112626366,0.04096605466000001,0.040385602660000006,0.041643978660000004,0.04079200966,0.041810569660000005,0.04133224966000001,0.04067200566,0.040669749660000004,0.040726948660000005,0.041136832660000004,0.04114100066,0.041181718660000005,0.04145430566,0.04125735766000001,0.04118449166,0.04098295566000001,0.04150672266000001,0.041274510660000006,0.04108323266,0.041593264660000004,0.04141411066,0.041576874660000006,0.04145287266000001,0.04190923366,0.040869614660000005,0.04075781566000001,0.04065775966000001,0.04064201966000001,0.041337477660000004,0.040326110660000004,0.040648842660000004,0.04058414266,0.040571298660000005,0.040330208660000005,0.040601724660000005,0.040712040660000004,0.040374400660000004,0.04128504966,0.04061171366000001,0.040455342660000004,0.04045490066000001,0.04023434966000001,0.040566369660000004,0.04101547566000001,0.04095758866,0.040811018660000004,0.041380687660000005,0.040798792660000006,0.04057737966,0.040598584660000006,0.040784278660000006,0.041589216660000004,0.04162724466000001,0.040876286660000004,0.04067898166000001,0.04100540766000001,0.04066521966000001,0.04048040866000001,0.04068527066000001,0.040617754660000005,0.04069433766,0.041029282660000006,0.04082509166000001,0.04137511766000001,0.041763651660000005,0.04205376366000001,0.041529142660000004,0.042371606660000005,0.04158931666000001,0.04111836866000001,0.04074345966000001,0.041007702660000006,0.04097377866000001,0.04140741766000001,0.041458613660000004,0.04172052066,0.040604348660000004,0.040627723660000004,0.040851551660000006,0.04039877866,0.040790186660000005,0.04060361866000001,0.041428975660000006,0.040489935660000004,0.039983261660000005,0.041240686660000005,0.042431878660000005,0.042669343660000005,0.04200287766000001,0.041982437660000003,0.041497094660000004,0.04091449866000001,0.040971504660000005,0.04081792866,0.041040725660000006],"exit_codes":[0,0,0,0,0,0,0,0,0,0,0,0,0,0,0,0,0,0,0,0,0,0,0,0,0,0,0,0,0,0,0,0,0,0,0,0,0,0,0,0,0,0,0,0,0,0,0,0,0,0,0,0,0,0,0,0,0,0,0,0,0,0,0,0,0,0,0,0,0,0,0,0,0,0,0,0,0,0,0,0,0,0,0,0,0,0,0,0,0,0,0,0,0,0,0,0,0,0,0,0]}],"latency":null},"language":"JavaScript","tool":"server","type":"/iter","version":"21.7.1 (x64-linux)","additionalInfo":null,"runtime":"node"}