{"stats":{"results":[{"command":"ruby benchmarks/json/stringify/main.rb","mean":0.061091687869999994,"stddev":0.0004338111708122848,"median":0.061015153380000006,"user":0.046776559999999995,"system":0.014236200000000003,"min":0.060284296380000005,"max":0.062315015380000005,"times":[0.06129110638000001,0.06179681038000001,0.06144260738000001,0.062315015380000005,0.061236905380000005,0.06113950438000001,0.06076180138000001,0.061080703380000004,0.061236405380000004,0.06080790138000001,0.060936402380000004,0.06120270538000001,0.060837201380000004,0.060925102380000005,0.06139100638000001,0.061092603380000006,0.06139490738000001,0.06156240838,0.06125920538000001,0.061197804380000005,0.061236205380000006,0.06093540238000001,0.060666600380000005,0.06046039738000001,0.060514998380000004,0.060542498380000004,0.06043939738000001,0.06079440138000001,0.06072420138000001,0.061545908380000014,0.06154580838000001,0.061318206380000004,0.061313206380000006,0.062037012380000006,0.06169921038000001,0.06157220838000001,0.061594809380000004,0.061479907380000004,0.06093730238000001,0.060565198380000004,0.06085790238000001,0.06092950238000001,0.06109190338000001,0.06107820438000001,0.06070030038000001,0.060738000380000004,0.06086510138000001,0.06082510138000001,0.060907501380000006,0.060868801380000004,0.061157704380000004,0.060959802380000004,0.06070710038000001,0.061179004380000006,0.060878001380000005,0.060820301380000004,0.06049369838000001,0.060787501380000004,0.06145760738,0.06118100538000001,0.06073500038000001,0.06069900038000001,0.06055229838000001,0.06075800038000001,0.060796201380000005,0.06073120138000001,0.06075310038000001,0.060906701380000004,0.06135100638000001,0.06128430538000001,0.06188161138000001,0.061592408380000005,0.06095230238000001,0.060857001380000005,0.060563099380000006,0.06037879738000001,0.060284296380000005,0.060515998380000005,0.061091104380000004,0.060856101380000006,0.060708400380000006,0.06094640238000001,0.061034903380000005,0.06184251038000001,0.06137530638000001,0.060841801380000005,0.06063389938000001,0.060510898380000004,0.06142930638000001,0.06121100438000001,0.06108330438000001,0.06099540338000001,0.06216691438000001,0.061293105380000004,0.061617808380000014,0.06189321138000001,0.06177701038000001,0.06224961438000001,0.06120610438000001,0.061497307380000005],"exit_codes":[0,0,0,0,0,0,0,0,0,0,0,0,0,0,0,0,0,0,0,0,0,0,0,0,0,0,0,0,0,0,0,0,0,0,0,0,0,0,0,0,0,0,0,0,0,0,0,0,0,0,0,0,0,0,0,0,0,0,0,0,0,0,0,0,0,0,0,0,0,0,0,0,0,0,0,0,0,0,0,0,0,0,0,0,0,0,0,0,0,0,0,0,0,0,0,0,0,0,0,0]}],"latency":null},"language":"JavaScript","tool":"server","type":"/iter","version":"19.3.0 (x64-linux)","additionalInfo":null,"runtime":"node"}