{"stats":{"results":[{"command":"ruby benchmarks/json/stringify/main.rb","mean":0.05998766915000002,"stddev":0.0006382428915488801,"median":0.059877171640000004,"user":0.04788093000000002,"system":0.0120204,"min":0.05890960614000001,"max":0.06333938414,"times":[0.05939671414000001,0.06032153014000001,0.060391132140000005,0.06022232914000001,0.060434333140000004,0.060272629140000006,0.060704737140000006,0.061105844140000004,0.06063283714000001,0.06057103514000001,0.06123704714000001,0.060614136140000004,0.06003522614000001,0.06011222714000001,0.059572118140000005,0.05999152514000001,0.059896523140000005,0.06159795314,0.060863240140000004,0.060394032140000005,0.059803622140000005,0.060342631140000005,0.06002262614000001,0.060935242140000005,0.06102784314000001,0.060451233140000005,0.06081784014000001,0.060629436140000006,0.06034423114000001,0.05949331714000001,0.059432315140000004,0.05971052014000001,0.05990272314000001,0.05957991714000001,0.061148145140000006,0.061167645140000004,0.06013512814000001,0.060128527140000006,0.05984932214000001,0.05924201214000001,0.05963881914000001,0.05947781614000001,0.059192911140000005,0.05937471414000001,0.05970691914000001,0.05948751614000001,0.06333938414,0.060077127140000006,0.059989025140000006,0.060354631140000004,0.05952661714000001,0.05890960614000001,0.059309213140000004,0.06007142614000001,0.060082426140000006,0.059674719140000006,0.060319230140000006,0.060410632140000003,0.06076233914,0.059817122140000005,0.05978342114000001,0.059606619140000004,0.059610918140000003,0.05962791814000001,0.05964441814000001,0.05993352214000001,0.060162025140000006,0.059619816140000004,0.05950561414000001,0.060039124140000004,0.06009792414000001,0.059976622140000005,0.059999823140000005,0.05973661814000001,0.05968301714000001,0.059461213140000004,0.05968561714000001,0.059779419140000005,0.05981992014,0.059921321140000004,0.06003442314000001,0.05995842214000001,0.059652217140000005,0.05976141914000001,0.05971651814000001,0.059523314140000005,0.059857820140000004,0.059574515140000006,0.05919110914,0.05911910814000001,0.059145008140000004,0.05924870914000001,0.05965711614000001,0.06024732714000001,0.059716418140000005,0.059614316140000005,0.059293311140000006,0.05928231014000001,0.05912800814000001,0.05929701014000001],"exit_codes":[0,0,0,0,0,0,0,0,0,0,0,0,0,0,0,0,0,0,0,0,0,0,0,0,0,0,0,0,0,0,0,0,0,0,0,0,0,0,0,0,0,0,0,0,0,0,0,0,0,0,0,0,0,0,0,0,0,0,0,0,0,0,0,0,0,0,0,0,0,0,0,0,0,0,0,0,0,0,0,0,0,0,0,0,0,0,0,0,0,0,0,0,0,0,0,0,0,0,0,0]}],"latency":null},"language":"JavaScript","tool":"server","type":"/iter","version":"20.0.0 (x64-linux)","additionalInfo":null,"runtime":"node"}