{"stats":{"results":[{"command":"ruby benchmarks/json/stringify/main.rb","mean":0.05943423115999999,"stddev":0.0008173008308824415,"median":0.05961141784000001,"user":0.04763662000000002,"system":0.0117252292,"min":0.057458073840000005,"max":0.060971563840000007,"times":[0.06050806484000001,0.06083076484000001,0.060971563840000007,0.06011316584,0.06018966584,0.060408865840000006,0.058473169840000006,0.058503570840000005,0.05991986684000001,0.06025986584000001,0.06012706584000001,0.058371070840000004,0.06002026684000001,0.05960306684,0.058246871840000006,0.06012656584000001,0.059716567840000005,0.05978206784000001,0.05781837184000001,0.057923771840000006,0.06019076684000001,0.059978065840000004,0.059793566840000006,0.059230068840000004,0.057587872840000005,0.059409168840000005,0.05975146784000001,0.06019566584000001,0.06056766484000001,0.060065666840000004,0.05971046784,0.05978536684000001,0.059404067840000005,0.058613370840000005,0.05991796684,0.05949086784,0.05962306684000001,0.060169666840000004,0.06019246684000001,0.057928571840000005,0.059572767840000006,0.057767171840000006,0.05797307184000001,0.060224465840000005,0.060177666840000005,0.06025066684000001,0.05838407084,0.059838467840000006,0.05980956784000001,0.06016986584,0.05880336984000001,0.06060866484000001,0.06047676484000001,0.05992006684000001,0.06011376584000001,0.05982746684000001,0.06038166584000001,0.05858957084000001,0.059958566840000005,0.059981765840000006,0.058032872840000006,0.05933736884000001,0.05962786784000001,0.059593967840000005,0.059183268840000004,0.059048168840000005,0.05951596784,0.05961726784000001,0.05803747184000001,0.05965736784,0.059529267840000004,0.059526367840000004,0.05919136884000001,0.05923546784000001,0.057458073840000005,0.05917276884000001,0.05905626884000001,0.05926546884000001,0.057482173840000005,0.05746087284,0.05899206984000001,0.05926136884000001,0.059163268840000005,0.05772867284000001,0.05910306984000001,0.05929436784000001,0.059245268840000004,0.05906086984000001,0.05976656784000001,0.05953016784000001,0.059401667840000005,0.059756567840000004,0.05942086784000001,0.059605567840000005,0.05964446784000001,0.05984386684000001,0.05977356684000001,0.059960766840000006,0.05941316784,0.06007766684000001],"exit_codes":[0,0,0,0,0,0,0,0,0,0,0,0,0,0,0,0,0,0,0,0,0,0,0,0,0,0,0,0,0,0,0,0,0,0,0,0,0,0,0,0,0,0,0,0,0,0,0,0,0,0,0,0,0,0,0,0,0,0,0,0,0,0,0,0,0,0,0,0,0,0,0,0,0,0,0,0,0,0,0,0,0,0,0,0,0,0,0,0,0,0,0,0,0,0,0,0,0,0,0,0]}],"latency":null},"language":"JavaScript","tool":"server","type":"/iter","version":"19.5.0 (x64-linux)","additionalInfo":null,"runtime":"node"}