{"stats":{"results":[{"command":"ruby benchmarks/json/stringify/main.rb","mean":0.04253571175000002,"stddev":0.0007581230178432353,"median":0.04247835148000001,"user":0.03717458000000001,"system":0.0052995248,"min":0.041106510980000004,"max":0.04473372198000001,"times":[0.04279338798000001,0.04313393798000001,0.04349964498000001,0.04294867998000001,0.04294859998000001,0.04370438898000001,0.043661087980000006,0.043696734980000006,0.044309333980000004,0.04411668298000001,0.04348248198000001,0.042552065980000005,0.041601669980000006,0.04133248498000001,0.04158874598000001,0.04173730598000001,0.04233932698000001,0.041106510980000004,0.041757413980000005,0.042316022980000007,0.04186470498000001,0.04187230898000001,0.042921699980000005,0.044016725980000004,0.043502540980000004,0.04234392398,0.042213739980000005,0.043340164980000005,0.04264338698,0.042622437980000004,0.042432931980000005,0.04316152998000001,0.042879960980000006,0.043220410980000006,0.041580840980000006,0.04135274298,0.04111063998,0.042864040980000004,0.043285031980000006,0.041934356980000004,0.04187397198000001,0.041327094980000006,0.041360397980000005,0.041155021980000005,0.04166892698000001,0.042330959980000006,0.042820058980000006,0.04270996098,0.043060659980000006,0.04277871098,0.042076201980000005,0.04358325198000001,0.04374621698,0.04295386998,0.042746791980000004,0.043615742980000004,0.043280513980000004,0.04260431298,0.04326013498,0.04247635298000001,0.042573605980000005,0.04316053898,0.042473757980000006,0.042325659980000006,0.042909296980000004,0.042379200980000004,0.04273371698,0.043366203980000004,0.04243362298000001,0.04276196998000001,0.042461274980000005,0.042142195980000005,0.04179374098000001,0.042239117980000004,0.041780155980000004,0.04259478598000001,0.04195745998000001,0.042480349980000005,0.041896994980000005,0.04249347598000001,0.04246336798000001,0.042180046980000004,0.04191752398,0.042963858980000005,0.042901480980000004,0.04473372198000001,0.042243004980000005,0.04172812798000001,0.041332635980000004,0.04189293798,0.04185260198000001,0.04208825498,0.04200420698000001,0.04276559598000001,0.04364241298,0.04209093098,0.04204691598000001,0.042601687980000004,0.04191499898000001,0.042029944980000004],"exit_codes":[0,0,0,0,0,0,0,0,0,0,0,0,0,0,0,0,0,0,0,0,0,0,0,0,0,0,0,0,0,0,0,0,0,0,0,0,0,0,0,0,0,0,0,0,0,0,0,0,0,0,0,0,0,0,0,0,0,0,0,0,0,0,0,0,0,0,0,0,0,0,0,0,0,0,0,0,0,0,0,0,0,0,0,0,0,0,0,0,0,0,0,0,0,0,0,0,0,0,0,0]}],"latency":null},"language":"JavaScript","tool":"server","type":"/iter","version":"1.39.0 (x64-linux)","additionalInfo":null,"runtime":"deno"}