{"stats":{"results":[{"command":"ruby benchmarks/json/stringify/main.rb","mean":0.06095960913999999,"stddev":0.0008666348477182746,"median":0.061269209940000006,"user":0.04898387999999998,"system":0.011888817200000002,"min":0.058892272940000004,"max":0.06255015394,"times":[0.058892272940000004,0.06164735794000001,0.061334559940000005,0.06139395894000001,0.060789462940000004,0.06122436094000001,0.06120606094000001,0.06140805894000001,0.061265059940000005,0.059865366940000005,0.06150505894000001,0.06157815894,0.06133325894,0.06142215894000001,0.06147945894000001,0.06139235894,0.05930387094,0.06100676094000001,0.059412069940000006,0.061247959940000006,0.05984816694000001,0.061144860940000004,0.05975286794000001,0.06155685894,0.059840966940000004,0.05938626994000001,0.060050266940000006,0.06255015394,0.06198185694000001,0.06148325794000001,0.061310159940000004,0.059821467940000005,0.062131255940000005,0.06150285794,0.059711467940000006,0.06127335994000001,0.061020360940000004,0.05939626994,0.061160560940000004,0.06201475594000001,0.05960306994,0.061770068940000006,0.06178126794000001,0.06142106994,0.061437569940000006,0.061215871940000006,0.06168906894000001,0.05947047994000001,0.061230571940000006,0.06178536894,0.06120727094000001,0.06151466994,0.06118437094,0.06092947294000001,0.059255380940000005,0.06166076894000001,0.061250070940000005,0.06190936794,0.061397470940000004,0.06185846794000001,0.05951197994000001,0.059916277940000005,0.05961307994000001,0.06173976894000001,0.06166166894000001,0.06172106894000001,0.061253170940000004,0.06144586994000001,0.061233170940000005,0.061169970940000006,0.06130877094000001,0.061260470940000006,0.062086066940000004,0.06006257694000001,0.06169006894000001,0.061404269940000006,0.06164816894000001,0.06149216994000001,0.06158456994,0.060126676940000005,0.059817077940000005,0.06168546894,0.060293575940000003,0.061735767940000005,0.061233171940000004,0.05930038194000001,0.060006277940000005,0.061283870940000006,0.05991057794000001,0.059963076940000005,0.061781168940000006,0.06185286794,0.05980737894000001,0.05964947894000001,0.06139856994000001,0.06139857094000001,0.059602378940000006,0.061574069940000004,0.06122917094000001,0.06129077094000001],"exit_codes":[0,0,0,0,0,0,0,0,0,0,0,0,0,0,0,0,0,0,0,0,0,0,0,0,0,0,0,0,0,0,0,0,0,0,0,0,0,0,0,0,0,0,0,0,0,0,0,0,0,0,0,0,0,0,0,0,0,0,0,0,0,0,0,0,0,0,0,0,0,0,0,0,0,0,0,0,0,0,0,0,0,0,0,0,0,0,0,0,0,0,0,0,0,0,0,0,0,0,0,0]}],"latency":null},"language":"JavaScript","tool":"server","type":"/iter","version":"1.29.4 (x64-linux)","additionalInfo":null,"runtime":"deno"}