{"stats":{"results":[{"command":"ruby benchmarks/json/stringify/main.rb","mean":0.060599038720000005,"stddev":0.00034254191918478826,"median":0.06056488522,"user":0.048365889999999995,"system":0.012142439999999997,"min":0.059963292220000006,"max":0.061336676220000004,"times":[0.060113291220000004,0.06020778922000001,0.060713283220000004,0.06052548622000001,0.060701984220000005,0.06128157622000001,0.060909981220000006,0.060868181220000005,0.06108257922000001,0.06082288122000001,0.06060578522000001,0.06056508522000001,0.06047658622,0.06038998722,0.060056191220000006,0.06001839222000001,0.060178989220000006,0.06051098522000001,0.06049168622000001,0.06031128822000001,0.06036388822000001,0.06022418922000001,0.060066791220000006,0.060807682220000006,0.06070188322,0.061281176220000004,0.06124687722,0.06131167622000001,0.06077708222000001,0.06006179122000001,0.059995592220000005,0.059963292220000006,0.05997479222,0.060462386220000004,0.06060898422000001,0.060305088220000004,0.060536985220000006,0.060358387220000004,0.06011219022000001,0.06011009022000001,0.06057878522000001,0.060671384220000006,0.06035658722000001,0.06048638522000001,0.060425987220000005,0.060665584220000006,0.06031868822000001,0.060441487220000006,0.06057708422000001,0.06044298622000001,0.060264789220000003,0.060714483220000004,0.06064208422,0.06019528922,0.06032218822,0.060476686220000006,0.06053198522000001,0.06095008022000001,0.060900981220000004,0.06088378122000001,0.06114577822000001,0.06114647822000001,0.061048379220000004,0.06114237822000001,0.060627884220000004,0.06043548722000001,0.060585884220000004,0.060465786220000005,0.06021338922,0.060340587220000005,0.060364288220000006,0.06063118422000001,0.061024479220000004,0.060788582220000005,0.06121647722,0.06049418622,0.060243589220000004,0.060564685220000004,0.06062298422000001,0.060993680220000006,0.060526386220000006,0.060676684220000006,0.060632684220000004,0.06064488422000001,0.060515685220000004,0.06054288522000001,0.060101690220000004,0.060703383220000004,0.06090138122000001,0.060888981220000006,0.061336676220000004,0.060772683220000005,0.06114617822000001,0.060768782220000005,0.060464586220000005,0.060548585220000006,0.061133778220000004,0.060509486220000006,0.061057880220000006,0.060984280220000006],"exit_codes":[0,0,0,0,0,0,0,0,0,0,0,0,0,0,0,0,0,0,0,0,0,0,0,0,0,0,0,0,0,0,0,0,0,0,0,0,0,0,0,0,0,0,0,0,0,0,0,0,0,0,0,0,0,0,0,0,0,0,0,0,0,0,0,0,0,0,0,0,0,0,0,0,0,0,0,0,0,0,0,0,0,0,0,0,0,0,0,0,0,0,0,0,0,0,0,0,0,0,0,0]}],"latency":null},"language":"JavaScript","tool":"server","type":"/iter","version":"20.1.0 (x64-linux)","additionalInfo":null,"runtime":"node"}