{"stats":{"results":[{"command":"ruby benchmarks/json/stringify/main.rb","mean":0.040653380630000006,"stddev":0.0004159684981200324,"median":0.04057659500000001,"user":0.03602993999999999,"system":0.0046122342,"min":0.03995238400000001,"max":0.043079068000000005,"times":[0.04039444700000001,0.03995238400000001,0.041002958000000006,0.04074368500000001,0.04027303100000001,0.040334565,0.04033614800000001,0.04057576300000001,0.04060807300000001,0.04048961300000001,0.04035446200000001,0.04041414300000001,0.04050372000000001,0.040560145000000006,0.040515579,0.04127861000000001,0.040752753,0.040616108000000005,0.040994922,0.041443707,0.04078650500000001,0.04062819100000001,0.040303807000000004,0.04048130800000001,0.04060590000000001,0.040364671000000005,0.04025221200000001,0.04066543100000001,0.040330437000000004,0.040708190000000005,0.04048456400000001,0.04036524300000001,0.040239339000000006,0.040701969000000005,0.040671151,0.040616860000000005,0.040709763,0.04055175900000001,0.040502197000000004,0.04083555700000001,0.041739728000000004,0.040577427000000006,0.04053870500000001,0.04074393600000001,0.04094253500000001,0.04029384900000001,0.04013528500000001,0.04041581700000001,0.04082370400000001,0.040187784000000004,0.04077687800000001,0.040594939000000003,0.040102844000000006,0.040575403,0.040227515000000005,0.040270676000000005,0.04073333600000001,0.04039987700000001,0.040510432000000006,0.040618784000000005,0.04081805300000001,0.04064932100000001,0.04100312800000001,0.04120574500000001,0.04142328900000001,0.040945361000000007,0.043079068000000005,0.04022648400000001,0.04023533000000001,0.040250589,0.04048335200000001,0.04052130200000001,0.040493431,0.04092296000000001,0.040737153000000005,0.04039191200000001,0.04040096900000001,0.04047108900000001,0.040400908000000006,0.040502748000000005,0.040425575000000005,0.040245039,0.04058624200000001,0.04035651600000001,0.04145084,0.041443837000000004,0.04059263500000001,0.041001736000000004,0.041352938000000006,0.040984744000000004,0.04093146500000001,0.04088158000000001,0.04051023200000001,0.040589389000000003,0.040718609,0.040872635000000004,0.04138147300000001,0.040810860000000004,0.040518066000000005,0.04036213600000001],"exit_codes":[0,0,0,0,0,0,0,0,0,0,0,0,0,0,0,0,0,0,0,0,0,0,0,0,0,0,0,0,0,0,0,0,0,0,0,0,0,0,0,0,0,0,0,0,0,0,0,0,0,0,0,0,0,0,0,0,0,0,0,0,0,0,0,0,0,0,0,0,0,0,0,0,0,0,0,0,0,0,0,0,0,0,0,0,0,0,0,0,0,0,0,0,0,0,0,0,0,0,0,0]}],"latency":null},"language":"JavaScript","tool":"server","type":"/iter","version":"1.39.1 (x64-linux)","additionalInfo":null,"runtime":"deno"}