{"stats":{"results":[{"command":"ruby benchmarks/json/stringify/main.rb","mean":0.058825428539999974,"stddev":0.00044486700731410017,"median":0.05880296772,"user":0.04725960999999999,"system":0.011496030000000006,"min":0.058035311220000003,"max":0.06034442722,"times":[0.059219223220000006,0.05890122022000001,0.059441725220000005,0.059479624220000006,0.05942922422000001,0.05881581922,0.058547318220000005,0.05844031722,0.05893982122000001,0.058724919220000005,0.058279416220000005,0.058468617220000005,0.058696416220000006,0.05955112122,0.05913211822000001,0.05893351722000001,0.05865611422000001,0.06034442722,0.06002342522000001,0.059574121220000005,0.059186819220000006,0.05856381422,0.05903341722000001,0.05960492122000001,0.05950422122000001,0.058870616220000005,0.05846021322000001,0.05846651322000001,0.05835231222000001,0.058337012220000005,0.05891321722000001,0.05886041622,0.05840161322000001,0.058367713220000006,0.05934571922000001,0.059195219220000005,0.059126718220000006,0.05885721622000001,0.05907811822,0.05872741522000001,0.05825201222,0.058171711220000005,0.058142211220000004,0.058849616220000005,0.05848551322000001,0.058408213220000005,0.058502814220000005,0.058468113220000006,0.058247012220000005,0.05847981422000001,0.058196111220000006,0.058035311220000003,0.05894891622000001,0.059368719220000005,0.059164119220000005,0.05862161422000001,0.058200412220000004,0.058912816220000004,0.058995918220000006,0.05937131922,0.059364619220000005,0.05904791822000001,0.058929016220000005,0.05840521222000001,0.05832671222000001,0.05902371722000001,0.05886791722,0.058709215220000006,0.05863711422000001,0.058560714220000004,0.05897861722000001,0.058460813220000005,0.05835361322,0.05845251322000001,0.058565814220000005,0.05884221622000001,0.05878721622000001,0.058909716220000005,0.058507113220000004,0.05879011622000001,0.05830741222000001,0.05815541122000001,0.05864751522000001,0.05906581822,0.05898951722000001,0.05871001522000001,0.058728915220000004,0.05916611822000001,0.05906141722000001,0.059565921220000005,0.059793223220000004,0.05950962122,0.058737415220000005,0.05889491622,0.058667415220000005,0.05899331722000001,0.05875941522000001,0.05842071322,0.05825311222000001,0.05892171722],"exit_codes":[0,0,0,0,0,0,0,0,0,0,0,0,0,0,0,0,0,0,0,0,0,0,0,0,0,0,0,0,0,0,0,0,0,0,0,0,0,0,0,0,0,0,0,0,0,0,0,0,0,0,0,0,0,0,0,0,0,0,0,0,0,0,0,0,0,0,0,0,0,0,0,0,0,0,0,0,0,0,0,0,0,0,0,0,0,0,0,0,0,0,0,0,0,0,0,0,0,0,0,0]}],"latency":null},"language":"JavaScript","tool":"server","type":"/iter","version":"20.1.0 (x64-linux)","additionalInfo":null,"runtime":"node"}