{"stats":{"results":[{"command":"ruby benchmarks/json/stringify/main.rb","mean":0.06103161281000001,"stddev":0.0005088513653051335,"median":0.061086207840000004,"user":0.04897757000000001,"system":0.011973347199999995,"min":0.059885572840000005,"max":0.06193981084000001,"times":[0.06084492284,0.060754823840000007,0.06170761284000001,0.06152621484000001,0.06170661384000001,0.06175181284,0.06134451784000001,0.06193951084,0.06165501384000001,0.06151271584000001,0.06158331484,0.06134421784000001,0.06163301484,0.06148371584000001,0.06174341284000001,0.061661613840000004,0.06193981084000001,0.06170821384000001,0.060976021840000005,0.06141061684000001,0.061090619840000006,0.06138621684000001,0.061283317840000004,0.06126421784,0.06125311884000001,0.060939121840000006,0.060999621840000004,0.061348317840000006,0.06149251484000001,0.061644814840000006,0.06146391584000001,0.06168101384000001,0.06159671484000001,0.06154741584000001,0.06173531284,0.06170631384000001,0.06178980784,0.061262855840000005,0.06137715484,0.06116065684000001,0.06106365784000001,0.061117556840000004,0.06125785584000001,0.06125795584,0.061248855840000005,0.060993658840000006,0.06075196184000001,0.061121057840000007,0.06064926384000001,0.060125869840000006,0.06030766784000001,0.06009896984000001,0.060147369840000006,0.05995497184,0.060274967840000006,0.060325566840000004,0.06033926684,0.061454852840000004,0.061086757840000006,0.06081906084000001,0.060606663840000005,0.06033386684000001,0.06029936784000001,0.060259568840000007,0.060274968840000005,0.060484165840000007,0.06064076284000001,0.060989558840000006,0.060715462840000005,0.06014786984000001,0.059885572840000005,0.059962771840000005,0.060260667840000004,0.061281155840000004,0.06050646484,0.060917659840000006,0.06110585784000001,0.061586151840000006,0.061020658840000006,0.060755961840000004,0.06108565784000001,0.06080626084000001,0.06077876184000001,0.06102175884000001,0.06070256284000001,0.06082826084000001,0.06120575584000001,0.06073556284000001,0.060495965840000006,0.060642862840000006,0.06074476184000001,0.06067016284000001,0.06096115884000001,0.061208356840000006,0.06137415384000001,0.06095565984000001,0.06096305984000001,0.06114815684000001,0.061248155840000006,0.06090115984],"exit_codes":[0,0,0,0,0,0,0,0,0,0,0,0,0,0,0,0,0,0,0,0,0,0,0,0,0,0,0,0,0,0,0,0,0,0,0,0,0,0,0,0,0,0,0,0,0,0,0,0,0,0,0,0,0,0,0,0,0,0,0,0,0,0,0,0,0,0,0,0,0,0,0,0,0,0,0,0,0,0,0,0,0,0,0,0,0,0,0,0,0,0,0,0,0,0,0,0,0,0,0,0]}],"latency":null},"language":"JavaScript","tool":"server","type":"/iter","version":"0.4.0 (x64-linux)","additionalInfo":null,"runtime":"bun"}