{"stats":{"results":[{"command":"ruby benchmarks/json/stringify/main.rb","mean":0.053212265710000005,"stddev":0.000262747859847194,"median":0.053194185320000004,"user":0.047435229999999995,"system":0.005734495599999998,"min":0.05265746282000001,"max":0.05391923482000001,"times":[0.05347562782,0.053278026820000005,0.053483927820000006,0.053210926820000004,0.05297732782,0.053041827820000005,0.052870014820000005,0.05296056182000001,0.053006561820000006,0.052965061820000006,0.053553759820000005,0.053065161820000005,0.052797762820000003,0.052843862820000004,0.05265746282000001,0.053314860820000004,0.053017362820000004,0.05335406082000001,0.05291466282000001,0.05309886182,0.053179260820000004,0.053094161820000006,0.05327806082000001,0.053062261820000005,0.052828462820000005,0.05293956182000001,0.053264260820000006,0.053837058820000006,0.05333076082,0.05297196382,0.05306743482,0.05305923582000001,0.053013734820000005,0.05303503582000001,0.053203634820000005,0.05298293582000001,0.05311663582000001,0.053321135820000004,0.05319893482000001,0.053132735820000006,0.05292453482000001,0.052980235820000006,0.05281813582000001,0.052939434820000006,0.05326533582,0.05321943482000001,0.053112935820000005,0.053305434820000004,0.053061235820000004,0.05391923482000001,0.053558834820000005,0.05333433482,0.05364823582000001,0.05357243482000001,0.053228434820000003,0.05365163482,0.05380943582000001,0.053511835820000006,0.05335933482000001,0.053370435820000006,0.05306363582,0.053096535820000006,0.05341893482000001,0.05349603482,0.053199035820000004,0.053537634820000006,0.05327833482,0.05355463582000001,0.053910934820000006,0.05355273482,0.05322813482000001,0.053554535820000006,0.05299063482000001,0.053327735820000007,0.053382935820000005,0.053078834820000004,0.05353513582,0.05349333482000001,0.053266334820000004,0.053018835820000006,0.053749434820000004,0.053296034820000004,0.053023835820000004,0.053151035820000005,0.053065335820000004,0.053120135820000004,0.052910434820000005,0.053189435820000006,0.052835134820000004,0.05292963582000001,0.05306933482000001,0.05334933582,0.05301383482000001,0.05306743582000001,0.053200234820000004,0.05321893582000001,0.053013934820000004,0.052889935820000004,0.053332234820000005,0.053420135820000006],"exit_codes":[0,0,0,0,0,0,0,0,0,0,0,0,0,0,0,0,0,0,0,0,0,0,0,0,0,0,0,0,0,0,0,0,0,0,0,0,0,0,0,0,0,0,0,0,0,0,0,0,0,0,0,0,0,0,0,0,0,0,0,0,0,0,0,0,0,0,0,0,0,0,0,0,0,0,0,0,0,0,0,0,0,0,0,0,0,0,0,0,0,0,0,0,0,0,0,0,0,0,0,0]}],"latency":null},"language":"JavaScript","tool":"server","type":"/iter","version":"20.6.1 (x64-linux)","additionalInfo":null,"runtime":"node"}