{"stats":{"results":[{"command":"ruby benchmarks/json/stringify/main.rb","mean":0.05459800091000001,"stddev":0.0007085765758157271,"median":0.05455246272,"user":0.04795531999999999,"system":0.006577845600000002,"min":0.05365311322000001,"max":0.06086821122,"times":[0.05477791322000001,0.054579213220000006,0.053943612220000006,0.05365311322000001,0.054199113220000004,0.05454401322000001,0.054527312220000006,0.054253413220000005,0.05425571322000001,0.05430251322000001,0.054278012220000005,0.054310413220000006,0.05502671322,0.05417921322000001,0.05436281222000001,0.054155713220000005,0.05409351322000001,0.05436621322000001,0.054325312220000005,0.054194113220000006,0.054094913220000006,0.05422121322000001,0.05471971222000001,0.05415701322000001,0.054018413220000006,0.054882313220000006,0.054117112220000006,0.05407141322,0.05368401322000001,0.054246913220000005,0.054594412220000006,0.054316413220000005,0.054055813220000005,0.054741113220000005,0.05474411222000001,0.054418713220000005,0.05437711322000001,0.05417751322000001,0.054827712220000005,0.05489861322,0.05441951322000001,0.05471661222000001,0.05511791322000001,0.055010412220000006,0.055014013220000005,0.05489511322000001,0.054659512220000005,0.05465971322,0.05472141322000001,0.05454981222000001,0.05465191322000001,0.05455371322000001,0.05508581222000001,0.054236813220000006,0.05467971322000001,0.05455301222,0.05441111322000001,0.054292513220000005,0.05471981322,0.05413501222000001,0.05475091322,0.054846113220000006,0.05474361222000001,0.05522331322000001,0.054598513220000006,0.05424051222000001,0.05461811322000001,0.05449581322000001,0.05481551222000001,0.05449141322000001,0.05457951322000001,0.054901812220000006,0.05451271322000001,0.05429511322,0.054410013220000004,0.054334512220000006,0.05487761322,0.05509641322000001,0.05476101222000001,0.055010913220000006,0.05489691222,0.054848513220000006,0.05469921322000001,0.05505781222000001,0.054741313220000004,0.054728113220000006,0.055010412220000006,0.05453591322,0.054551913220000005,0.05466491222000001,0.054643113220000004,0.054382713220000004,0.05464441222000001,0.05440511322,0.05427741322000001,0.054441413220000005,0.06086821122,0.05450311322,0.05470481222,0.05481531322000001],"exit_codes":[0,0,0,0,0,0,0,0,0,0,0,0,0,0,0,0,0,0,0,0,0,0,0,0,0,0,0,0,0,0,0,0,0,0,0,0,0,0,0,0,0,0,0,0,0,0,0,0,0,0,0,0,0,0,0,0,0,0,0,0,0,0,0,0,0,0,0,0,0,0,0,0,0,0,0,0,0,0,0,0,0,0,0,0,0,0,0,0,0,0,0,0,0,0,0,0,0,0,0,0]}],"latency":null},"language":"JavaScript","tool":"server","type":"/iter","version":"1.36.3 (x64-linux)","additionalInfo":null,"runtime":"deno"}