{"stats":{"results":[{"command":"ruby benchmarks/json/stringify/main.rb","mean":0.05990552591,"stddev":0.0005557455662001389,"median":0.05980446558000001,"user":0.04922084999999999,"system":0.010613223199999995,"min":0.05898397458000001,"max":0.06191084158000001,"times":[0.05979005758000001,0.059602260580000004,0.05947936158000001,0.05997035558000001,0.05986785758000001,0.06014505858000001,0.06076225458000001,0.06146804658000001,0.060512957580000006,0.05990366458000001,0.059796165580000005,0.05940287058000001,0.05922357258000001,0.05915407258000001,0.059428969580000005,0.059663766580000006,0.05981276558000001,0.060071462580000005,0.059913964580000006,0.060469557580000007,0.06152404558000001,0.06058065658000001,0.061067351580000005,0.06073115558000001,0.06126654858000001,0.06191084158000001,0.060226060580000004,0.059841264580000005,0.05985076458000001,0.05938307058000001,0.05949256858000001,0.059702066580000004,0.060218360580000005,0.060099861580000004,0.06019316058000001,0.06040715858000001,0.060306159580000004,0.060032163580000006,0.059666667580000006,0.059785765580000004,0.059689767580000004,0.059621467580000004,0.059652667580000006,0.059438869580000005,0.059764765580000004,0.05946146858000001,0.05956566858000001,0.06028605958000001,0.061078950580000006,0.060731555580000006,0.05978756558000001,0.05974706658000001,0.059571267580000004,0.05948536858000001,0.05937937058000001,0.059382169580000005,0.059352970580000004,0.059345770580000005,0.059121172580000006,0.058993474580000003,0.059255971580000004,0.05908587358,0.05941096958000001,0.060118961580000005,0.060006763580000004,0.06008506258000001,0.060031862580000005,0.05998856358000001,0.05982816558000001,0.05971066658000001,0.05975406558000001,0.059345270580000005,0.059320670580000005,0.05898397458000001,0.05920427158000001,0.06042255858000001,0.06049615758000001,0.059855464580000003,0.05955016858000001,0.059608967580000005,0.05966186758000001,0.06002016258000001,0.06061625658000001,0.059977563580000004,0.059732766580000006,0.05982446558000001,0.06027326058000001,0.06054665758000001,0.060234760580000005,0.06014056258000001,0.05982356558000001,0.059595667580000004,0.059406569580000006,0.059430469580000006,0.059461569580000005,0.05979506558000001,0.06002356358000001,0.059828465580000004,0.060154461580000006,0.059758265580000004],"exit_codes":[0,0,0,0,0,0,0,0,0,0,0,0,0,0,0,0,0,0,0,0,0,0,0,0,0,0,0,0,0,0,0,0,0,0,0,0,0,0,0,0,0,0,0,0,0,0,0,0,0,0,0,0,0,0,0,0,0,0,0,0,0,0,0,0,0,0,0,0,0,0,0,0,0,0,0,0,0,0,0,0,0,0,0,0,0,0,0,0,0,0,0,0,0,0,0,0,0,0,0,0]}],"latency":null},"language":"JavaScript","tool":"server","type":"/iter","version":"0.6.14 (x64-linux)","additionalInfo":null,"runtime":"bun"}