{"stats":{"results":[{"command":"ruby benchmarks/json/stringify/main.rb","mean":0.06109506481000002,"stddev":0.000301190430038864,"median":0.06107492260000001,"user":0.048913450000000004,"system":0.012092630000000002,"min":0.06045367360000001,"max":0.06177527260000001,"times":[0.060757172600000006,0.06119517260000001,0.060846873600000004,0.06122517260000001,0.06119927260000001,0.06139577260000001,0.06133737260000001,0.06129147260000001,0.06153257260000001,0.06168857260000001,0.0614077726,0.06142267260000001,0.06119527260000001,0.0614314726,0.0616650726,0.06135227260000001,0.0614135726,0.06177527260000001,0.06111127260000001,0.061207473600000006,0.06100917260000001,0.06097807260000001,0.06116117260000001,0.0616988726,0.06168117260000001,0.06147897260000001,0.06137427260000001,0.061167572600000004,0.06096797360000001,0.061368072600000004,0.06136827260000001,0.06157567260000001,0.06117997260000001,0.06103327260000001,0.06098137260000001,0.060718273600000004,0.06106317260000001,0.06094397260000001,0.06056017360000001,0.06093797260000001,0.06118247260000001,0.06107747260000001,0.060792573600000004,0.06086927260000001,0.06082047360000001,0.061158672600000005,0.06152097260000001,0.06094647260000001,0.06130167260000001,0.06107237260000001,0.06118007260000001,0.06111827360000001,0.061060472600000006,0.060783872600000004,0.060784173600000005,0.060644172600000004,0.061347572600000004,0.060754773600000006,0.06085957260000001,0.06078647260000001,0.060629473600000004,0.06075767260000001,0.060797473600000006,0.060847572600000004,0.06045367360000001,0.06131707260000001,0.0614222726,0.06086417260000001,0.060717772600000004,0.060852473600000005,0.06078087260000001,0.06054787360000001,0.060941272600000006,0.06088447260000001,0.06082797360000001,0.0607155726,0.06062677360000001,0.060632572600000004,0.06119807260000001,0.060963273600000006,0.06090347260000001,0.060943872600000004,0.06106197260000001,0.06095027360000001,0.060848872600000006,0.06103087260000001,0.06090877360000001,0.06062617260000001,0.06108907260000001,0.061277372600000005,0.06107027360000001,0.061444572600000004,0.06127707260000001,0.061125372600000005,0.061406972600000005,0.0616003726,0.0614097726,0.061254172600000004,0.061404572600000006,0.061333372600000005],"exit_codes":[0,0,0,0,0,0,0,0,0,0,0,0,0,0,0,0,0,0,0,0,0,0,0,0,0,0,0,0,0,0,0,0,0,0,0,0,0,0,0,0,0,0,0,0,0,0,0,0,0,0,0,0,0,0,0,0,0,0,0,0,0,0,0,0,0,0,0,0,0,0,0,0,0,0,0,0,0,0,0,0,0,0,0,0,0,0,0,0,0,0,0,0,0,0,0,0,0,0,0,0]}],"latency":null},"language":"JavaScript","tool":"server","type":"/iter","version":"1.31.1 (x64-linux)","additionalInfo":null,"runtime":"deno"}