{"stats":{"results":[{"command":"ruby benchmarks/json/stringify/main.rb","mean":0.06112655616000001,"stddev":0.0008292040572863469,"median":0.06115426084,"user":0.04746508999999998,"system":0.013541040000000002,"min":0.059214614840000006,"max":0.06297109584,"times":[0.06110226484,0.06153737184000001,0.05967514184000001,0.06099136384000001,0.061288168840000004,0.061799876840000004,0.06220628284,0.06297109584,0.06129436884000001,0.06113606584,0.06118816684000001,0.06108896484000001,0.06114126584000001,0.06100976384000001,0.061155166840000004,0.06128056784000001,0.060052548840000004,0.060023148840000005,0.06005654884000001,0.06171707584000001,0.06181327684,0.06218888184,0.06179937684,0.06181037684,0.06064835784000001,0.06226218384000001,0.06131656884000001,0.06118106584000001,0.06214098184000001,0.060077448840000006,0.061410570840000005,0.06289879484000001,0.060616657840000004,0.06245038684000001,0.06247458684000001,0.06191167784000001,0.060931962840000006,0.06268179084,0.06032243084,0.060852048840000006,0.06190557084000001,0.06225077784000001,0.06229627884000001,0.06166346484,0.060976551840000004,0.060695145840000006,0.05966802384000001,0.06154656384000001,0.06069504584000001,0.06115335484000001,0.06073914584000001,0.061149954840000006,0.06120285584000001,0.061053853840000005,0.059219915840000005,0.059751926840000004,0.06137045984000001,0.061100453840000006,0.061057652840000004,0.059214614840000006,0.05985592784,0.06207117384000001,0.06119275584000001,0.05954562184000001,0.060855148840000005,0.06103925284000001,0.061097053840000005,0.059314816840000006,0.05942211984000001,0.061270156840000006,0.06102105184000001,0.061202755840000005,0.06068394584000001,0.06149526184000001,0.060818448840000004,0.06055974284000001,0.061217055840000006,0.060684745840000005,0.061266257840000005,0.061962970840000006,0.06151136284,0.061251556840000006,0.06156726284000001,0.06134005884000001,0.060412439840000005,0.06024433584000001,0.06170166684,0.06195127184,0.06227537784000001,0.06031433784000001,0.06207827484,0.05998522884000001,0.061393234840000005,0.060825722840000006,0.06097712584000001,0.06072252084000001,0.05952999684000001,0.06224495084000001,0.06140733384000001,0.06112902884000001],"exit_codes":[0,0,0,0,0,0,0,0,0,0,0,0,0,0,0,0,0,0,0,0,0,0,0,0,0,0,0,0,0,0,0,0,0,0,0,0,0,0,0,0,0,0,0,0,0,0,0,0,0,0,0,0,0,0,0,0,0,0,0,0,0,0,0,0,0,0,0,0,0,0,0,0,0,0,0,0,0,0,0,0,0,0,0,0,0,0,0,0,0,0,0,0,0,0,0,0,0,0,0,0]}],"latency":null},"language":"JavaScript","tool":"server","type":"/iter","version":"1.30.0 (x64-linux)","additionalInfo":null,"runtime":"deno"}