{"stats":{"results":[{"command":"ruby benchmarks/json/stringify/main.rb","mean":0.04089021252000001,"stddev":0.00043376636505842634,"median":0.040852830220000004,"user":0.03632532999999999,"system":0.004581101600000001,"min":0.04014562872000001,"max":0.042386629720000006,"times":[0.04040555372000001,0.04072321772,0.04069165872,0.040342124720000004,0.040242038720000005,0.04105529772000001,0.040481754720000006,0.04152128972000001,0.04053636872000001,0.04044764372,0.04039087672,0.04068911472,0.041076898720000005,0.04076859272,0.04058412772000001,0.041451518720000004,0.041774628720000005,0.04188963072000001,0.04156348772000001,0.04132837872,0.040878637720000006,0.04051039772000001,0.040400615720000005,0.040794400720000006,0.04043981772000001,0.04046565572000001,0.04041927272,0.04031631772000001,0.041134362720000005,0.040879639720000006,0.04124518372000001,0.041134296720000005,0.04165295572,0.040831169720000005,0.04066480872000001,0.04090569872000001,0.04116996272000001,0.040455296720000006,0.04143599072,0.041436460720000005,0.04125060372000001,0.040689938720000006,0.041294755720000006,0.041274177720000006,0.040534591720000006,0.040977522720000006,0.040855003720000005,0.04068090272000001,0.04084612772000001,0.04082050872,0.04121086872000001,0.041077265720000006,0.04113356472000001,0.040869150720000004,0.04014562872000001,0.04028659272000001,0.04075379472000001,0.040526510720000006,0.040506052720000005,0.04062182872,0.04104616172000001,0.041143012720000004,0.04051379672000001,0.04080452972,0.040581262720000004,0.04121876472000001,0.04151953572000001,0.042386629720000006,0.041897232720000004,0.04138363172000001,0.04132774672,0.041088657720000005,0.040883978720000005,0.04120393572000001,0.041060036720000005,0.04053290272000001,0.041402277720000005,0.041557467720000005,0.041124752720000005,0.04106043572,0.04099721172,0.041078032720000004,0.041086006720000005,0.041203848720000005,0.04085065672,0.04093634772000001,0.040233353720000004,0.04073164472000001,0.04096308072,0.04041824972000001,0.04039988472000001,0.040871326720000004,0.04084953572,0.040221591720000005,0.040507566720000006,0.040220235720000004,0.040499431720000006,0.040423989720000005,0.04078908172000001,0.04051288672000001],"exit_codes":[0,0,0,0,0,0,0,0,0,0,0,0,0,0,0,0,0,0,0,0,0,0,0,0,0,0,0,0,0,0,0,0,0,0,0,0,0,0,0,0,0,0,0,0,0,0,0,0,0,0,0,0,0,0,0,0,0,0,0,0,0,0,0,0,0,0,0,0,0,0,0,0,0,0,0,0,0,0,0,0,0,0,0,0,0,0,0,0,0,0,0,0,0,0,0,0,0,0,0,0]}],"latency":null},"language":"JavaScript","tool":"server","type":"/iter","version":"1.42.1 (x64-linux)","additionalInfo":null,"runtime":"deno"}