{"stats":{"results":[{"command":"ruby benchmarks/json/stringify/main.rb","mean":0.06116728833000001,"stddev":0.0005789471957423263,"median":0.06102055104000001,"user":0.049382949999999974,"system":0.011646510999999997,"min":0.060464755040000005,"max":0.06417780703999999,"times":[0.06157536704,0.06140846304000001,0.06119555804000001,0.06088605104000001,0.06116905804000001,0.06117505704000001,0.06085715004000001,0.06062484504000001,0.06074034804000001,0.06145106504000001,0.061070655040000005,0.06077144804000001,0.060978152040000004,0.060792748040000004,0.06095705204000001,0.061294260040000006,0.061009554040000004,0.06085815004,0.06088105004000001,0.06122147004,0.060729651040000006,0.060524355040000005,0.06087455004000001,0.061113947040000005,0.060808751040000004,0.06104824704,0.06056205404000001,0.061223745040000006,0.061460342040000004,0.060964349040000004,0.06099734804,0.06084844904000001,0.06084365004000001,0.06200643404000001,0.06175993804000001,0.06201193504,0.06123904404000001,0.06136544304000001,0.06118164504,0.061171845040000006,0.06093744904000001,0.06126864504000001,0.061181246040000005,0.06171303904000001,0.06154434104000001,0.06153814004,0.06262892704,0.06417780703999999,0.061669040040000005,0.06107154704000001,0.06075555104000001,0.06256262804,0.06393550904,0.06159064004000001,0.06149864204,0.060917049040000004,0.060464755040000005,0.061577341040000004,0.06104824704,0.06071375104000001,0.06075165104000001,0.06127644404000001,0.06097194804000001,0.06081325104000001,0.06073555204000001,0.06151524104000001,0.06076785104000001,0.060927648040000004,0.060967248040000005,0.06100764804000001,0.061270245040000004,0.061376443040000006,0.06052905404000001,0.06131314404,0.06110804604000001,0.06111434604,0.06067065204000001,0.060783150040000004,0.060647653040000006,0.06063645304,0.06116084604000001,0.06100474804000001,0.06119364604000001,0.06098084804000001,0.060821050040000005,0.06070055104000001,0.060649052040000005,0.06103154804000001,0.060728952040000006,0.06071525204000001,0.060945548040000005,0.06076925104000001,0.061856737040000005,0.06168383904,0.061441542040000005,0.06162103904000001,0.06132414404000001,0.06064125304000001,0.06096134904000001,0.060866449040000006],"exit_codes":[0,0,0,0,0,0,0,0,0,0,0,0,0,0,0,0,0,0,0,0,0,0,0,0,0,0,0,0,0,0,0,0,0,0,0,0,0,0,0,0,0,0,0,0,0,0,0,0,0,0,0,0,0,0,0,0,0,0,0,0,0,0,0,0,0,0,0,0,0,0,0,0,0,0,0,0,0,0,0,0,0,0,0,0,0,0,0,0,0,0,0,0,0,0,0,0,0,0,0,0]}],"latency":null},"language":"JavaScript","tool":"server","type":"/iter","version":"1.29.1 (x64-linux)","additionalInfo":null,"runtime":"deno"}