{"stats":{"results":[{"command":"ruby benchmarks/json/stringify/main.rb","mean":0.05403706941,"stddev":0.0004390596843659051,"median":0.05400043628000001,"user":0.04717956,"system":0.006780088000000003,"min":0.053209271280000005,"max":0.05610682528000001,"times":[0.053969789280000006,0.053819786280000004,0.053965889280000005,0.054367097280000005,0.054166493280000005,0.05389958828000001,0.05438239628000001,0.054011989280000006,0.05383508628000001,0.05354548128000001,0.053339678280000004,0.05374108528,0.053416279280000006,0.05352058128000001,0.05325727628000001,0.05363218328,0.05426189328000001,0.054404893280000005,0.053795382280000005,0.054280291280000004,0.05448099528000001,0.05434179228,0.05409838728000001,0.05402018628000001,0.054071987280000004,0.053810383280000006,0.05386958328000001,0.053372174280000004,0.05392608428000001,0.05336727428000001,0.05363877928000001,0.05414098928,0.053907184280000006,0.05542461228000001,0.05402358628000001,0.05455539628000001,0.05491090228000001,0.054336592280000005,0.05407988828000001,0.05394368528000001,0.054087987280000006,0.05389088428,0.05432899228000001,0.05458529728000001,0.05461619728000001,0.054111588280000004,0.053209271280000005,0.053673980280000005,0.05369288028000001,0.054367192280000004,0.054253790280000005,0.054140588280000006,0.05355117728000001,0.053595278280000005,0.053742281280000005,0.054433594280000004,0.05455829628000001,0.05386258428000001,0.054377893280000006,0.05389998428000001,0.05390358428000001,0.05419189028000001,0.05444649428000001,0.05390408428000001,0.05362127928,0.05346337628,0.05375568128000001,0.053830183280000006,0.053695180280000004,0.053697180280000006,0.05411588828,0.054184689280000004,0.053712580280000005,0.05361857928000001,0.05387388328000001,0.05364317928000001,0.05373078028000001,0.053505977280000006,0.053869283280000006,0.05400448628000001,0.05399848628000001,0.054029286280000005,0.05408758828000001,0.053987086280000006,0.05400238628000001,0.054267091280000006,0.053803382280000006,0.053909385280000006,0.05418628928000001,0.05379478228000001,0.05610682528000001,0.054365293280000004,0.054665598280000005,0.054968804280000005,0.05477020028000001,0.054543896280000004,0.054148789280000005,0.05404488728,0.05420569028,0.054139589280000004],"exit_codes":[0,0,0,0,0,0,0,0,0,0,0,0,0,0,0,0,0,0,0,0,0,0,0,0,0,0,0,0,0,0,0,0,0,0,0,0,0,0,0,0,0,0,0,0,0,0,0,0,0,0,0,0,0,0,0,0,0,0,0,0,0,0,0,0,0,0,0,0,0,0,0,0,0,0,0,0,0,0,0,0,0,0,0,0,0,0,0,0,0,0,0,0,0,0,0,0,0,0,0,0]}],"latency":null},"language":"JavaScript","tool":"server","type":"/iter","version":"0.8.1 (x64-linux)","additionalInfo":null,"runtime":"bun"}