{"stats":{"results":[{"command":"ruby benchmarks/json/stringify/main.rb","mean":0.07782369933999998,"stddev":0.003691063008785008,"median":0.07731165186000001,"user":0.060826869999999984,"system":0.016866370000000002,"min":0.07086078936000001,"max":0.09095991636000002,"times":[0.07106644236000001,0.08014751436,0.07708585636000001,0.08209188636,0.07477149036000001,0.07812004236000002,0.07742095236000002,0.08236928336000002,0.07883353236000001,0.08016981336000001,0.07838663936000001,0.07670556236,0.07548207936000001,0.07363730536000002,0.07599607236000001,0.07201862936000002,0.07167093336000001,0.07686476036,0.07710915736000001,0.07391280136000002,0.07644636636000002,0.07642236636000001,0.07807764336000002,0.07167203336000001,0.07311701336000001,0.07522598436000001,0.07286221636000001,0.07694365936000001,0.07603107236000001,0.07579837536000002,0.07917222836000001,0.07354940736000001,0.08903598736000001,0.07631706836000002,0.07340790936000001,0.08225238436000001,0.07987351836,0.07465659136000001,0.07390630136000001,0.07861793536000002,0.07545278036000001,0.07660116336000002,0.07386990236000002,0.07343790936000001,0.07858553636000001,0.08660682336000002,0.07955522236000001,0.08136329636000002,0.08040841036000002,0.08077980536000001,0.08167049236000001,0.07568117736000002,0.07859763636000001,0.07843903836,0.07626006936000002,0.07982711836000002,0.07628956836000002,0.07737595336000001,0.07874703336000001,0.07911712936000001,0.07714525636000001,0.07656866436000001,0.08069530636000001,0.08186900936000001,0.08549719036000002,0.07961137036000002,0.07699390536000002,0.07651161236000001,0.08097195236000002,0.07611741836000001,0.07404044636000001,0.08355331636000002,0.07924457536000001,0.07687530736,0.07633301436,0.07768109636000001,0.07778479536,0.07838878736000002,0.07736250136000002,0.07589002036,0.07791859336000001,0.07944487236000002,0.07671600936000002,0.08100975136,0.07925907436000001,0.09095991636000002,0.07964466936000002,0.07686480736000001,0.08888084436000002,0.08278272736000002,0.07519352936000001,0.07766009636000001,0.07873128236000002,0.08303672436000001,0.07608541736,0.07251016636000002,0.07086078936000001,0.07728450236000001,0.07733880136000001,0.07513893036000001],"exit_codes":[0,0,0,0,0,0,0,0,0,0,0,0,0,0,0,0,0,0,0,0,0,0,0,0,0,0,0,0,0,0,0,0,0,0,0,0,0,0,0,0,0,0,0,0,0,0,0,0,0,0,0,0,0,0,0,0,0,0,0,0,0,0,0,0,0,0,0,0,0,0,0,0,0,0,0,0,0,0,0,0,0,0,0,0,0,0,0,0,0,0,0,0,0,0,0,0,0,0,0,0]}],"latency":null},"language":"JavaScript","tool":"server","type":"/iter","version":"1.30.0 (x64-linux)","additionalInfo":null,"runtime":"deno"}