{"stats":{"results":[{"command":"ruby benchmarks/json/stringify/main.rb","mean":0.04072680737000001,"stddev":0.00042065399052088943,"median":0.040665878600000004,"user":0.03670777000000001,"system":0.00399766,"min":0.04010993360000001,"max":0.042970099600000006,"times":[0.040781872600000005,0.0407848176,0.04058797160000001,0.040858674600000006,0.04153357060000001,0.041062665600000006,0.040574637600000005,0.0408726006,0.04072358460000001,0.04076573260000001,0.041003013600000006,0.04085822460000001,0.04056514060000001,0.040464362600000005,0.04092242360000001,0.040798743600000006,0.04042768360000001,0.040475262600000006,0.04257199960000001,0.0407241746,0.040787182600000006,0.04063242560000001,0.04080539660000001,0.040675525600000005,0.0409916426,0.0407656616,0.04125704560000001,0.040735967600000006,0.041424316600000004,0.041084485600000005,0.04087818160000001,0.04052740960000001,0.04090280760000001,0.04075576360000001,0.04067186760000001,0.04076064360000001,0.04093861360000001,0.0406683726,0.04045189960000001,0.04047995160000001,0.040411273600000006,0.04059118760000001,0.04022183160000001,0.040231669600000006,0.0405666126,0.040729485600000004,0.040529734600000006,0.0410474066,0.040864054600000005,0.04059298160000001,0.04081574560000001,0.04132638460000001,0.041326415600000006,0.040946037600000006,0.041339048600000004,0.042970099600000006,0.0403930746,0.04045235960000001,0.040344028600000005,0.040742519600000006,0.04052565560000001,0.040295858600000005,0.040335513600000004,0.04061030360000001,0.04036157060000001,0.04047280760000001,0.040257498600000004,0.0401840206,0.04010993360000001,0.04034128360000001,0.040646942600000006,0.040567384600000006,0.040776863600000005,0.04060762760000001,0.04063846560000001,0.040704077600000006,0.04128075960000001,0.040729815600000004,0.04037330360000001,0.04056359760000001,0.0404873186,0.04038955760000001,0.040872504600000005,0.040488210600000005,0.04080194260000001,0.040427649600000004,0.04086062160000001,0.040663384600000005,0.04064746660000001,0.04050580260000001,0.04042374060000001,0.0402770776,0.04055167860000001,0.040111851600000005,0.04047031660000001,0.04094075960000001,0.04156984960000001,0.040357948600000006,0.0405991866,0.040856314600000006],"exit_codes":[0,0,0,0,0,0,0,0,0,0,0,0,0,0,0,0,0,0,0,0,0,0,0,0,0,0,0,0,0,0,0,0,0,0,0,0,0,0,0,0,0,0,0,0,0,0,0,0,0,0,0,0,0,0,0,0,0,0,0,0,0,0,0,0,0,0,0,0,0,0,0,0,0,0,0,0,0,0,0,0,0,0,0,0,0,0,0,0,0,0,0,0,0,0,0,0,0,0,0,0]}],"latency":null},"language":"JavaScript","tool":"server","type":"/iter","version":"1.40.4 (x64-linux)","additionalInfo":null,"runtime":"deno"}