{"stats":{"results":[{"command":"ruby benchmarks/json/stringify/main.rb","mean":0.06134353604000001,"stddev":0.0007542187659004275,"median":0.06124145394000001,"user":0.047652909999999986,"system":0.013580490000000002,"min":0.059932137440000005,"max":0.06499460144000001,"times":[0.06159955844000001,0.06124985444000001,0.060715847440000005,0.06104465144000001,0.06091504944000001,0.06217406644000001,0.06243376944000001,0.06499460144000001,0.06327887944,0.06173115944,0.06165705944000001,0.06136995544000001,0.06147125644000001,0.06220696644000001,0.06162815844000001,0.06173955944000001,0.06216046544000001,0.06225736744,0.06166825944000001,0.06119935344000001,0.06080934844000001,0.060564545440000006,0.06006263844000001,0.06063804544000001,0.06145155644000001,0.06114195244000001,0.06102255144000001,0.06178086044,0.06134225544000001,0.060973850440000005,0.060506843440000006,0.060687146440000006,0.06164595944000001,0.06261657144,0.06185786144000001,0.06122915344000001,0.060732747440000005,0.06026414144000001,0.060313242440000005,0.060750847440000005,0.06080164844000001,0.06214916444,0.06250076944,0.06142315544,0.06146735644000001,0.061151252440000005,0.06048444444000001,0.060397943440000004,0.06047194444000001,0.060318541440000005,0.060520844440000006,0.059932137440000005,0.06082864844000001,0.061154352440000004,0.060813047440000004,0.061334954440000006,0.06086554944000001,0.061233053440000004,0.06115715244000001,0.06088054944000001,0.061495257440000006,0.06292387544000001,0.06247166944,0.06248756944,0.06142485544000001,0.06129795444000001,0.06139555544000001,0.06113135144000001,0.06082774844000001,0.061370155440000004,0.060921449440000004,0.06143235644,0.06140465544000001,0.06152765744000001,0.06196266344000001,0.06254297044000001,0.06171206044000001,0.06142675644000001,0.06194866244000001,0.06093444944000001,0.06267917244000001,0.06102925144000001,0.06076564744000001,0.06110725144000001,0.06082824844000001,0.061173252440000006,0.06200216344000001,0.06226646744,0.06166615944000001,0.06112075244000001,0.06135915544000001,0.061257254440000006,0.06108355144000001,0.06064664544000001,0.06126675344000001,0.06085574844000001,0.06060884644000001,0.06057064544000001,0.060788747440000006,0.060863748440000004],"exit_codes":[0,0,0,0,0,0,0,0,0,0,0,0,0,0,0,0,0,0,0,0,0,0,0,0,0,0,0,0,0,0,0,0,0,0,0,0,0,0,0,0,0,0,0,0,0,0,0,0,0,0,0,0,0,0,0,0,0,0,0,0,0,0,0,0,0,0,0,0,0,0,0,0,0,0,0,0,0,0,0,0,0,0,0,0,0,0,0,0,0,0,0,0,0,0,0,0,0,0,0,0]}],"latency":null},"language":"JavaScript","tool":"server","type":"/iter","version":"0.7.3 (x64-linux)","additionalInfo":null,"runtime":"bun"}