{"stats":{"results":[{"command":"ruby benchmarks/json/stringify/main.rb","mean":0.06062770725999998,"stddev":0.00042424197393700587,"median":0.06064107094000001,"user":0.04928604,"system":0.011254852399999998,"min":0.05958568244000001,"max":0.06164045944,"times":[0.06038779744000001,0.06039859744000001,0.06110238944000001,0.060980190440000005,0.06078489244000001,0.06102078944000001,0.060456396440000004,0.060383598440000005,0.060546695440000006,0.061035189440000005,0.06114678744000001,0.06062829444000001,0.06096359044000001,0.06113398844000001,0.06065049444000001,0.06063069444000001,0.06073159344000001,0.06068349344000001,0.061027889440000004,0.06076709244,0.06088719144000001,0.06052599644000001,0.060453097440000006,0.06054779544000001,0.060452121440000006,0.06103116544000001,0.06077476844000001,0.06160375944,0.060304673440000005,0.060005077440000006,0.06082056844000001,0.06062977044000001,0.06063167044000001,0.060062977440000005,0.05982257944000001,0.06031107344000001,0.059830579440000003,0.05958568244000001,0.060781169440000005,0.060265174440000006,0.05986497844000001,0.06002347744000001,0.06044207244000001,0.06010607644000001,0.059748079440000004,0.06021267544000001,0.06035687344000001,0.06069616944000001,0.06008597644000001,0.059815479440000006,0.060099677440000006,0.060129077440000005,0.060136377440000006,0.05986667944000001,0.06016827644000001,0.060616371440000004,0.060740670440000005,0.06040707344000001,0.060464173440000005,0.060292875440000004,0.060628271440000006,0.06037677444000001,0.06028317544000001,0.06032577544000001,0.06032197544000001,0.06048147244000001,0.06060187144000001,0.060074777440000005,0.060553672440000005,0.061154165440000005,0.06061607144000001,0.06096676744000001,0.06043657344000001,0.060793269440000006,0.061424363440000004,0.061341164440000005,0.061002467440000006,0.060739170440000004,0.060804569440000004,0.060865669440000006,0.06082806944000001,0.060650471440000006,0.06086016944000001,0.06121166444000001,0.06094856844000001,0.06084906944000001,0.06107126644000001,0.06078756944000001,0.06087276844000001,0.06071717044000001,0.06119196544000001,0.060798769440000004,0.06100306744000001,0.06126196544000001,0.06087656944000001,0.061159966440000005,0.061182665440000006,0.061190165440000006,0.06164045944,0.06081586944000001],"exit_codes":[0,0,0,0,0,0,0,0,0,0,0,0,0,0,0,0,0,0,0,0,0,0,0,0,0,0,0,0,0,0,0,0,0,0,0,0,0,0,0,0,0,0,0,0,0,0,0,0,0,0,0,0,0,0,0,0,0,0,0,0,0,0,0,0,0,0,0,0,0,0,0,0,0,0,0,0,0,0,0,0,0,0,0,0,0,0,0,0,0,0,0,0,0,0,0,0,0,0,0,0]}],"latency":null},"language":"JavaScript","tool":"server","type":"/iter","version":"0.5.9 (x64-linux)","additionalInfo":null,"runtime":"bun"}