{"stats":{"results":[{"command":"ruby benchmarks/json/stringify/main.rb","mean":0.057980125660000006,"stddev":0.00094015457302858,"median":0.057838354780000004,"user":0.048778110000000006,"system":0.009101964800000003,"min":0.05625564678000001,"max":0.06118769878000001,"times":[0.057947455780000004,0.05835615778000001,0.057470853780000004,0.05798085578000001,0.058980161780000005,0.05836605778000001,0.05985266578000001,0.058615758780000006,0.05754265278000001,0.05832795778000001,0.05871845978,0.05805135678000001,0.05872635978000001,0.058434958780000004,0.057575853780000005,0.05735025178000001,0.057164351780000004,0.05722725178000001,0.057706654780000005,0.05715535178,0.05686354978000001,0.057793254780000004,0.057509252780000006,0.057284351780000006,0.05671564978000001,0.056256446780000004,0.057060150780000006,0.05719055178000001,0.056948349780000004,0.05668224878000001,0.057151851780000006,0.057914955780000006,0.057285251780000004,0.05733035278,0.05773935478000001,0.057882554780000005,0.057939555780000006,0.05742265278000001,0.058197757780000005,0.05722965178000001,0.058319657780000006,0.058213257780000006,0.05776445478000001,0.05825725778000001,0.057364952780000006,0.057955955780000006,0.057099950780000006,0.05773545478000001,0.05726205178,0.057610353780000005,0.05727865278000001,0.057337652780000005,0.05828205778000001,0.057486053780000004,0.05775215478000001,0.05791725578,0.05825045778000001,0.057975255780000005,0.05775385478,0.057639753780000004,0.057596853780000005,0.057847854780000006,0.05746035378000001,0.05886996078000001,0.058527458780000007,0.057758255780000003,0.05674694978000001,0.056459447780000005,0.056756549780000005,0.05695675078,0.057077751780000005,0.057513353780000005,0.05711885178000001,0.05705875078000001,0.05625564678000001,0.05682644978,0.058719560780000006,0.058560958780000005,0.05827435778000001,0.058817260780000005,0.05874956078000001,0.05782885478000001,0.058790460780000005,0.05968566478000001,0.05881056078000001,0.05845435878000001,0.059732665780000006,0.061005264780000006,0.06118769878000001,0.060211995780000006,0.05888319378,0.059782894780000005,0.059075893780000006,0.057972989780000005,0.058806991780000005,0.05865049178000001,0.059034293780000004,0.05985279478,0.058646292780000005,0.05844059178000001],"exit_codes":[0,0,0,0,0,0,0,0,0,0,0,0,0,0,0,0,0,0,0,0,0,0,0,0,0,0,0,0,0,0,0,0,0,0,0,0,0,0,0,0,0,0,0,0,0,0,0,0,0,0,0,0,0,0,0,0,0,0,0,0,0,0,0,0,0,0,0,0,0,0,0,0,0,0,0,0,0,0,0,0,0,0,0,0,0,0,0,0,0,0,0,0,0,0,0,0,0,0,0,0]}],"latency":null},"language":"JavaScript","tool":"server","type":"/iter","version":"20.8.0 (x64-linux)","additionalInfo":null,"runtime":"node"}