{"stats":{"results":[{"command":"ruby benchmarks/json/stringify/main.rb","mean":0.04184457557000003,"stddev":0.0006928713546884001,"median":0.04170384466,"user":0.03699181999999999,"system":0.004789493600000001,"min":0.041011332660000004,"max":0.04566714166000001,"times":[0.041387162660000004,0.041773869660000004,0.043462545660000004,0.04566714166000001,0.044857437660000006,0.04273315266,0.04165219366,0.04179479866000001,0.041072577660000005,0.041294208660000005,0.041011332660000004,0.04157829666000001,0.041232865660000007,0.04180101966000001,0.041521771660000005,0.041366171660000006,0.04153188966000001,0.041287987660000004,0.041447312660000006,0.04203404266000001,0.042388561660000004,0.041367134660000006,0.042018092660000006,0.04146081866,0.041824292660000005,0.041589687660000006,0.041636504660000004,0.04194819366000001,0.04293032866,0.041652253660000006,0.04140215866000001,0.04210375266000001,0.041480163660000006,0.04131897466000001,0.041276715660000005,0.04169641566000001,0.042198648660000004,0.04178328666000001,0.041469253660000004,0.041705792660000005,0.041888692660000004,0.04155268966,0.041675336660000006,0.04179313566000001,0.04146105866000001,0.04194088966000001,0.04141298966,0.04154892166000001,0.041621497660000006,0.041731550660000005,0.04155041466000001,0.04228307566,0.042249152660000004,0.042235296660000005,0.04211255866000001,0.04156712566,0.041713527660000006,0.041838278660000006,0.04156227666000001,0.04147073666000001,0.042130201660000005,0.041999929660000004,0.041523434660000004,0.04164282666000001,0.04145964666000001,0.041544933660000005,0.04158623166000001,0.041892079660000005,0.041964464660000006,0.04204122666000001,0.04194748166000001,0.04170189666000001,0.04207783366000001,0.042785077660000004,0.041832268660000005,0.041859387660000004,0.041805258660000004,0.042126354660000004,0.04114400966000001,0.041170198660000004,0.04170971066,0.04144473966000001,0.04103345466,0.04154185866000001,0.042284377660000004,0.04223131966,0.043940674660000005,0.041941069660000004,0.04123816466000001,0.043067582660000006,0.041263110660000005,0.041517563660000006,0.042213045660000004,0.04164012066000001,0.04106157666000001,0.04186760366,0.042401916660000004,0.04110507766,0.04199677366000001,0.041755055660000005],"exit_codes":[0,0,0,0,0,0,0,0,0,0,0,0,0,0,0,0,0,0,0,0,0,0,0,0,0,0,0,0,0,0,0,0,0,0,0,0,0,0,0,0,0,0,0,0,0,0,0,0,0,0,0,0,0,0,0,0,0,0,0,0,0,0,0,0,0,0,0,0,0,0,0,0,0,0,0,0,0,0,0,0,0,0,0,0,0,0,0,0,0,0,0,0,0,0,0,0,0,0,0,0]}],"latency":null},"language":"JavaScript","tool":"server","type":"/iter","version":"1.0.25 (x64-linux)","additionalInfo":null,"runtime":"bun"}