{"stats":{"results":[{"command":"ruby benchmarks/json/stringify/main.rb","mean":0.059945054049999974,"stddev":0.0005805271449606736,"median":0.05989757752000001,"user":0.04694800000000001,"system":0.012900900000000002,"min":0.058852206020000006,"max":0.06160095602000001,"times":[0.060309037020000004,0.059999131020000006,0.05946432202000001,0.059443921020000005,0.05937432002000001,0.05983452802000001,0.060146834020000005,0.059502323020000004,0.059105715020000005,0.05972112602000001,0.05984092802000001,0.060510341020000004,0.060363638020000006,0.05989322902000001,0.060320938020000006,0.05932411902000001,0.05998593102000001,0.06006083202000001,0.059546523020000006,0.05960172402000001,0.059896229020000004,0.059734027020000004,0.060183933020000004,0.06050723702000001,0.059672921020000005,0.06038663402000001,0.06037523402000001,0.05994682602000001,0.05954481802000001,0.05963362002000001,0.059322414020000006,0.059960926020000006,0.060035028020000006,0.059983127020000006,0.059859724020000005,0.05932971402000001,0.058929607020000004,0.058852206020000006,0.059733523020000005,0.06033833302000001,0.060350534020000006,0.059636421020000004,0.05945051702000001,0.059958026020000006,0.05999532702000001,0.06003892702000001,0.060788641020000006,0.06050943602000001,0.06051213702000001,0.06011182902000001,0.05977582302000001,0.05997182702000001,0.05951151902000001,0.06004522802000001,0.05982552402000001,0.059535518020000004,0.059687821020000004,0.05997252602000001,0.06059533802000001,0.05992002602000001,0.059393616020000005,0.059091611020000004,0.058934008020000005,0.059066310020000005,0.05963392002000001,0.05973912202000001,0.05944951702000001,0.059469417020000005,0.06011712902000001,0.05933311402000001,0.05930851402000001,0.05970102102000001,0.06090054302000001,0.061523655020000005,0.06160095602000001,0.061351552020000005,0.061314851020000005,0.06110884802000001,0.061124348020000004,0.06077864202000001,0.060324934020000005,0.059812724020000006,0.05972222202000001,0.05919961302000001,0.059073310020000006,0.05925691302000001,0.059242313020000006,0.05958512002000001,0.05963342002000001,0.05971122202000001,0.06051013702000001,0.06042473502000001,0.06001162702000001,0.05999242702000001,0.060783042020000004,0.060847743020000004,0.06046623602000001,0.06012922902000001,0.06017033002000001,0.05989892602000001],"exit_codes":[0,0,0,0,0,0,0,0,0,0,0,0,0,0,0,0,0,0,0,0,0,0,0,0,0,0,0,0,0,0,0,0,0,0,0,0,0,0,0,0,0,0,0,0,0,0,0,0,0,0,0,0,0,0,0,0,0,0,0,0,0,0,0,0,0,0,0,0,0,0,0,0,0,0,0,0,0,0,0,0,0,0,0,0,0,0,0,0,0,0,0,0,0,0,0,0,0,0,0,0]}],"latency":null},"language":"JavaScript","tool":"server","type":"/iter","version":"20.1.0 (x64-linux)","additionalInfo":null,"runtime":"node"}