{"stats":{"results":[{"command":"ruby benchmarks/json/stringify/main.rb","mean":0.060830966880000004,"stddev":0.00036556521525663575,"median":0.06083538472000001,"user":0.04887049999999998,"system":0.011864244,"min":0.06004824072000001,"max":0.06183891272000001,"times":[0.06100683172000001,0.060996131720000006,0.06136672672000001,0.06120512972000001,0.06083823472000001,0.06050943872,0.060262243720000004,0.060405541720000004,0.060747836720000004,0.060199844720000006,0.06029084272000001,0.060755835720000005,0.061223828720000005,0.06095863272,0.06021824372000001,0.060563838720000006,0.06048643972000001,0.06061873772,0.061422626720000005,0.061127130720000006,0.060832534720000005,0.061054730720000006,0.061205928720000004,0.06135922672000001,0.061008932720000006,0.06087343472000001,0.06140972572000001,0.06083123472000001,0.060816635720000005,0.060970332720000006,0.060536038720000004,0.06064093772,0.06075953572000001,0.06072193672000001,0.06060423872000001,0.060856133720000004,0.06055133872000001,0.06074223672,0.061049231720000006,0.06094193372000001,0.06124812872,0.06128502772,0.06124522872,0.06155342372000001,0.060596138720000005,0.06090483372,0.06051953972000001,0.06053693972000001,0.060383341720000004,0.06092533272,0.060905633720000005,0.06139642672,0.061128724720000006,0.06033463672000001,0.06004824072000001,0.06008273972000001,0.06027823672,0.06109882472000001,0.06057153272000001,0.06095772672000001,0.06065383072,0.061063324720000006,0.060693230720000005,0.06069213072000001,0.06079512972000001,0.06035973572000001,0.060976226720000005,0.06119942372000001,0.060803728720000005,0.06089352772000001,0.061383119720000004,0.06115222372,0.06107372472000001,0.060887728720000006,0.06076452972000001,0.06183891272000001,0.060417934720000004,0.06028713672,0.06077392872000001,0.060190038720000005,0.06014623972000001,0.060513533720000005,0.060823728720000005,0.061047625720000005,0.060492333720000006,0.06167761572,0.060775229720000004,0.060384235720000005,0.060681930720000006,0.06085182772000001,0.060850328720000006,0.06090302772,0.060607131720000006,0.06128612172,0.061242022720000004,0.06093192672000001,0.060893727720000006,0.06115512372,0.060823028720000005,0.061139324720000006],"exit_codes":[0,0,0,0,0,0,0,0,0,0,0,0,0,0,0,0,0,0,0,0,0,0,0,0,0,0,0,0,0,0,0,0,0,0,0,0,0,0,0,0,0,0,0,0,0,0,0,0,0,0,0,0,0,0,0,0,0,0,0,0,0,0,0,0,0,0,0,0,0,0,0,0,0,0,0,0,0,0,0,0,0,0,0,0,0,0,0,0,0,0,0,0,0,0,0,0,0,0,0,0]}],"latency":null},"language":"JavaScript","tool":"server","type":"/iter","version":"19.8.1 (x64-linux)","additionalInfo":null,"runtime":"node"}