{"stats":{"results":[{"command":"ruby benchmarks/json/stringify/main.rb","mean":0.055909068920000006,"stddev":0.00041429268049090584,"median":0.05589622998,"user":0.048727079999999964,"system":0.0070980852000000014,"min":0.05522527698000001,"max":0.05724158598000001,"times":[0.05605018098000001,0.05599048098000001,0.05553757798000001,0.05619088098,0.056021979980000004,0.05588217998000001,0.05573397898000001,0.055661977980000006,0.055366576980000005,0.05522527698000001,0.055817179980000006,0.05527737698000001,0.05576557898000001,0.05592997998000001,0.055693078980000005,0.05564227898000001,0.05558797898000001,0.05589717998000001,0.05598637998000001,0.055632477980000004,0.05567147798000001,0.05629458098000001,0.055658378980000006,0.05590557998000001,0.056730482980000004,0.05543157798000001,0.055474877980000004,0.05599607998000001,0.055896079980000006,0.056174480980000004,0.05615128098000001,0.055844678980000007,0.05606848098000001,0.055454677980000006,0.05544267798000001,0.05551147898000001,0.05574607898000001,0.055232676980000006,0.056208281980000004,0.055755378980000006,0.055970379980000005,0.05611457998000001,0.05596537998000001,0.056299581980000006,0.05632278198000001,0.05630568098000001,0.05597197998000001,0.055322376980000004,0.05595097998000001,0.056030479980000006,0.05553177798000001,0.055929079980000004,0.056312581980000005,0.05548717798,0.056008480980000004,0.05628618198000001,0.05612638098000001,0.055501477980000005,0.05527687698000001,0.05583197998000001,0.05581337998000001,0.056121480980000006,0.05608848098000001,0.05576197898000001,0.05589397998000001,0.05665728298000001,0.05599177998,0.05616358198000001,0.05602987998000001,0.05605428098000001,0.05617278098,0.057000584980000005,0.05672248398000001,0.05724158598000001,0.05665508298000001,0.056369081980000006,0.056734183980000005,0.056668782980000006,0.05680928398000001,0.05641958298000001,0.056366381980000005,0.05602937998000001,0.055826079980000005,0.05586767998000001,0.05574697898000001,0.05575257898000001,0.05544097798000001,0.05578827898000001,0.05531847698,0.05543617798000001,0.05559227898000001,0.056115680980000006,0.05572547898000001,0.05589637998000001,0.05554237898000001,0.05552717798000001,0.055448577980000004,0.05536917798,0.05538017798000001,0.05528097698000001],"exit_codes":[0,0,0,0,0,0,0,0,0,0,0,0,0,0,0,0,0,0,0,0,0,0,0,0,0,0,0,0,0,0,0,0,0,0,0,0,0,0,0,0,0,0,0,0,0,0,0,0,0,0,0,0,0,0,0,0,0,0,0,0,0,0,0,0,0,0,0,0,0,0,0,0,0,0,0,0,0,0,0,0,0,0,0,0,0,0,0,0,0,0,0,0,0,0,0,0,0,0,0,0]}],"latency":null},"language":"JavaScript","tool":"server","type":"/iter","version":"1.37.2 (x64-linux)","additionalInfo":null,"runtime":"deno"}