{"stats":{"results":[{"command":"ruby benchmarks/json/stringify/main.rb","mean":0.059210337680000016,"stddev":0.00045480362779114404,"median":0.059110397800000006,"user":0.04781621999999999,"system":0.011327911999999997,"min":0.05841540380000001,"max":0.06076818180000001,"times":[0.05948849380000001,0.0593447948,0.058923399800000005,0.05909359780000001,0.05883349980000001,0.05921999680000001,0.0591049978,0.05909909780000001,0.05907649780000001,0.05876740080000001,0.05879560080000001,0.05856310280000001,0.05875200080000001,0.059175496800000005,0.0591160978,0.058755700800000005,0.0590313978,0.059482193800000006,0.059684092800000005,0.05927169680000001,0.059042097800000005,0.05902939880000001,0.058927998800000006,0.05920599680000001,0.06011238780000001,0.06068278280000001,0.05993148980000001,0.059507294800000006,0.05958049380000001,0.059960289800000004,0.06076818180000001,0.0596673928,0.05921729580000001,0.058728701800000005,0.059325094800000006,0.0592861968,0.059017698800000004,0.059141696800000004,0.058890599800000006,0.059093997800000006,0.059054397800000005,0.05912109780000001,0.059159296800000004,0.059612392800000004,0.059731391800000005,0.0598328908,0.05983878980000001,0.05940069480000001,0.05899029880000001,0.058539802800000006,0.05868130180000001,0.0589078998,0.058877599800000006,0.058852899800000004,0.05949789380000001,0.059367294800000005,0.05911579780000001,0.059071997800000005,0.05891309880000001,0.05891019980000001,0.0589377988,0.058817200800000004,0.058870799800000005,0.059266895800000004,0.060027188800000006,0.060155287800000005,0.059912090800000005,0.05959979380000001,0.059366595800000005,0.05897009880000001,0.059430294800000005,0.05906369880000001,0.05891719880000001,0.058782000800000005,0.05888079980000001,0.058523402800000006,0.058638202800000004,0.058444004800000005,0.0585325038,0.05841540380000001,0.058664501800000005,0.05898569880000001,0.05900169880000001,0.059553992800000004,0.059142897800000004,0.0593872958,0.059055398800000006,0.058818899800000005,0.05898599880000001,0.05901419880000001,0.059193596800000005,0.05906459780000001,0.059195296800000005,0.05927069580000001,0.05965959180000001,0.06018628780000001,0.060060187800000005,0.05949769380000001,0.0593329958,0.059237695800000004],"exit_codes":[0,0,0,0,0,0,0,0,0,0,0,0,0,0,0,0,0,0,0,0,0,0,0,0,0,0,0,0,0,0,0,0,0,0,0,0,0,0,0,0,0,0,0,0,0,0,0,0,0,0,0,0,0,0,0,0,0,0,0,0,0,0,0,0,0,0,0,0,0,0,0,0,0,0,0,0,0,0,0,0,0,0,0,0,0,0,0,0,0,0,0,0,0,0,0,0,0,0,0,0]}],"latency":null},"language":"JavaScript","tool":"server","type":"/iter","version":"0.4.0 (x64-linux)","additionalInfo":null,"runtime":"bun"}