{"stats":{"results":[{"command":"ruby benchmarks/json/stringify/main.rb","mean":0.06072959826999998,"stddev":0.0004326398402743467,"median":0.060680130560000003,"user":0.048154739999999994,"system":0.012487313800000002,"min":0.059930180560000004,"max":0.06195607956000001,"times":[0.060279880560000006,0.060462980560000004,0.060914679560000004,0.060851480560000004,0.06070057956000001,0.060581680560000004,0.06087627956000001,0.06073628056000001,0.06071787956000001,0.06041218056000001,0.060318180560000004,0.06005558056000001,0.06004327956000001,0.060057080560000003,0.06071918056000001,0.06054567956000001,0.061011280560000006,0.06114547956000001,0.06131787956,0.06053958056000001,0.06117477956000001,0.060300380560000005,0.06051568056000001,0.060403679560000006,0.059948280560000004,0.060147380560000005,0.06102028056000001,0.060556879560000006,0.060757180560000006,0.06070707956000001,0.06081208056000001,0.06085237956000001,0.060769680560000004,0.061001079560000004,0.06099127956000001,0.06050468056000001,0.060308780560000004,0.06030338056000001,0.06037937956000001,0.059930180560000004,0.060621980560000004,0.06055477956000001,0.06083188056000001,0.060590679560000006,0.06160148056000001,0.06135567956000001,0.06150817956000001,0.061841079560000005,0.06195607956000001,0.06138927956000001,0.06145867956,0.06068588056000001,0.06090257956000001,0.061053480560000005,0.06164937956,0.06165727956000001,0.06161728056000001,0.061254980560000005,0.061383079560000005,0.06103338056000001,0.06082848056000001,0.06125727956000001,0.06084148056000001,0.060589980560000006,0.06036588056000001,0.060271381560000004,0.06046968056000001,0.060988779560000005,0.060261281560000005,0.060328580560000004,0.060426580560000005,0.06035818056000001,0.06088488056000001,0.060245080560000004,0.06033188056000001,0.060513480560000006,0.060903880560000005,0.06055868056000001,0.06055968056000001,0.060674380560000005,0.06034468056000001,0.06066128056000001,0.060610480560000006,0.06068828056000001,0.060341680560000006,0.060422680560000004,0.06044098056000001,0.06094988056000001,0.06071388056000001,0.060774980560000004,0.06066388056000001,0.060511080560000007,0.06019088056000001,0.060710380560000006,0.06062188056000001,0.060260580560000006,0.060374980560000006,0.06091828056000001,0.06154108056000001,0.060939779560000004],"exit_codes":[0,0,0,0,0,0,0,0,0,0,0,0,0,0,0,0,0,0,0,0,0,0,0,0,0,0,0,0,0,0,0,0,0,0,0,0,0,0,0,0,0,0,0,0,0,0,0,0,0,0,0,0,0,0,0,0,0,0,0,0,0,0,0,0,0,0,0,0,0,0,0,0,0,0,0,0,0,0,0,0,0,0,0,0,0,0,0,0,0,0,0,0,0,0,0,0,0,0,0,0]}],"latency":null},"language":"JavaScript","tool":"server","type":"/iter","version":"0.5.8 (x64-linux)","additionalInfo":null,"runtime":"bun"}