{"stats":{"results":[{"command":"ruby benchmarks/json/stringify/main.rb","mean":0.06025113790999998,"stddev":0.00031872374595604957,"median":0.06020284972000001,"user":0.04884574999999999,"system":0.011314292000000004,"min":0.059510657220000006,"max":0.06135934122000001,"times":[0.06012605322000001,0.060040954220000005,0.05993375522000001,0.06135934122000001,0.06036275122000001,0.060246252220000004,0.060257851220000005,0.060434649220000004,0.06008335322000001,0.05991395522000001,0.059971954220000005,0.06018025222000001,0.05999305422000001,0.059922255220000005,0.060323251220000006,0.06075064622000001,0.060112653220000006,0.060662947220000006,0.06048564922000001,0.060133853220000005,0.06061614622000001,0.060630546220000005,0.060729745220000006,0.060418948220000004,0.060171450220000006,0.06021815022000001,0.060265049220000005,0.06008325122000001,0.060784244220000005,0.06018605022000001,0.05992625322000001,0.060017252220000004,0.060123650220000005,0.059977252220000006,0.05991825222000001,0.05962515622000001,0.059510657220000006,0.059959152220000006,0.060302448220000006,0.06011105122000001,0.06021524922000001,0.06061834522000001,0.060857543220000004,0.06110574122000001,0.06058724522000001,0.06013685022000001,0.060018752220000006,0.06030444922000001,0.06082144322000001,0.06078604422000001,0.06071894522000001,0.06031054922000001,0.06038774822000001,0.060355248220000005,0.06059474522000001,0.06028474922000001,0.060251549220000006,0.06007605122000001,0.060178950220000006,0.059833954220000006,0.06002485222000001,0.06003505122000001,0.060310348220000004,0.059934052220000006,0.06008345122000001,0.060010251220000005,0.06018455022000001,0.059953852220000006,0.05978965422000001,0.06058724622000001,0.06043864722000001,0.06024364922000001,0.060253649220000004,0.06043094822000001,0.06055004722000001,0.06014625122000001,0.06004945222000001,0.05995805322000001,0.06018745022000001,0.06032854822000001,0.061189239220000004,0.06040054822000001,0.05990635322000001,0.060123450220000006,0.06046294722000001,0.06044684722000001,0.06034614822000001,0.059893053220000006,0.060237350220000006,0.06018025022000001,0.06024294922000001,0.059838753220000006,0.060314549220000006,0.06018264922000001,0.06020555022000001,0.060200149220000006,0.060316448220000006,0.05971655522000001,0.06002175122000001,0.060073951220000005],"exit_codes":[0,0,0,0,0,0,0,0,0,0,0,0,0,0,0,0,0,0,0,0,0,0,0,0,0,0,0,0,0,0,0,0,0,0,0,0,0,0,0,0,0,0,0,0,0,0,0,0,0,0,0,0,0,0,0,0,0,0,0,0,0,0,0,0,0,0,0,0,0,0,0,0,0,0,0,0,0,0,0,0,0,0,0,0,0,0,0,0,0,0,0,0,0,0,0,0,0,0,0,0]}],"latency":null},"language":"JavaScript","tool":"server","type":"/iter","version":"20.0.0 (x64-linux)","additionalInfo":null,"runtime":"node"}