{"stats":{"results":[{"command":"ruby benchmarks/json/stringify/main.rb","mean":0.06053901471,"stddev":0.00038408408240386344,"median":0.06047594794000001,"user":0.049210789999999976,"system":0.011212739999999997,"min":0.05992814794,"max":0.06286534394000001,"times":[0.06072844694000001,0.06048934794000001,0.06090724694000001,0.06072994694000001,0.060987346940000006,0.060623646940000005,0.06045724794000001,0.060964145940000006,0.06044614794000001,0.06013734794000001,0.060417347940000005,0.060275747940000006,0.06055554694,0.06024904794000001,0.060362347940000005,0.061256846940000005,0.06110904694000001,0.06061164694000001,0.06085834694000001,0.06080454694000001,0.06045774794000001,0.060281747940000005,0.060141047940000004,0.06008694894,0.060237348940000005,0.06012594794000001,0.05992814794,0.06008204894000001,0.06017064794000001,0.06069424794000001,0.060252347940000006,0.060199447940000005,0.060520647940000005,0.06024184894000001,0.06026764894000001,0.060243347940000004,0.06007794894000001,0.06024934794,0.06031184794,0.06031564794000001,0.06042084794000001,0.060362348940000005,0.06135204594000001,0.061143946940000006,0.06035164794,0.060368647940000006,0.060364247940000004,0.060693147940000004,0.06053744694,0.060959546940000005,0.06091764794000001,0.060791846940000005,0.06081784694,0.060686947940000006,0.06119734594000001,0.06060664794000001,0.06111224694,0.060413947940000004,0.060266347940000006,0.060301747940000004,0.06051984794,0.06023794894000001,0.06077864694000001,0.060589147940000004,0.06072074694000001,0.06064524794000001,0.060591347940000005,0.061135746940000006,0.06286534394000001,0.060718047940000006,0.06057504794000001,0.060384047940000005,0.060822747940000005,0.06056854694000001,0.06051864794,0.060294347940000007,0.060497947940000005,0.06001504894,0.06048794794000001,0.060715846940000005,0.06012554894000001,0.06064794794000001,0.06066934694000001,0.06084524694000001,0.06065834794,0.06005484894000001,0.060356047940000004,0.060455747940000006,0.060463947940000005,0.06085084694000001,0.06028904794000001,0.060107048940000005,0.060690246940000005,0.06030114894000001,0.06039724794,0.06054384694000001,0.06021404894000001,0.06039894794,0.06027384794000001,0.06035214794],"exit_codes":[0,0,0,0,0,0,0,0,0,0,0,0,0,0,0,0,0,0,0,0,0,0,0,0,0,0,0,0,0,0,0,0,0,0,0,0,0,0,0,0,0,0,0,0,0,0,0,0,0,0,0,0,0,0,0,0,0,0,0,0,0,0,0,0,0,0,0,0,0,0,0,0,0,0,0,0,0,0,0,0,0,0,0,0,0,0,0,0,0,0,0,0,0,0,0,0,0,0,0,0]}],"latency":null},"language":"JavaScript","tool":"server","type":"/iter","version":"19.7.0 (x64-linux)","additionalInfo":null,"runtime":"node"}