{"stats":{"results":[{"command":"ruby benchmarks/json/stringify/main.rb","mean":0.055226510199999995,"stddev":0.0005014737930715463,"median":0.055216332240000006,"user":0.047449899999999996,"system":0.0076960914000000005,"min":0.054063860740000004,"max":0.05628100274,"times":[0.054851575740000005,0.05490547674000001,0.054506068740000004,0.05445526774000001,0.05427346374000001,0.05411906074,0.054251963740000006,0.054063860740000004,0.05417166274000001,0.054148561740000004,0.054422566740000004,0.05470827274000001,0.055231082740000007,0.05507227974000001,0.055214182740000006,0.055057479740000005,0.05502037874000001,0.05499937774000001,0.055087879740000005,0.05499677874,0.055408685740000005,0.05542738674000001,0.055354884740000006,0.05551208874000001,0.05537698574,0.05487337474000001,0.054668771740000004,0.054508068740000006,0.05464387074,0.05567579074000001,0.05490717574000001,0.05611609974000001,0.055377785740000005,0.055153780740000005,0.055387885740000004,0.05518358074,0.055536588740000004,0.055762792740000004,0.05608929874000001,0.05602439774,0.055960296740000005,0.05499957774000001,0.05523478274,0.055431386740000005,0.055683391740000004,0.05567919174000001,0.055560288740000005,0.055844394740000004,0.05611249874,0.05505417874000001,0.05550898774000001,0.05559178974000001,0.055934195740000005,0.05628100274,0.056090898740000006,0.05514758074000001,0.05506357874000001,0.054964476740000004,0.05542348574000001,0.055075578740000006,0.05515458074000001,0.055277183740000006,0.054945477740000005,0.055166581740000005,0.055959596740000006,0.056002796740000006,0.05580499374,0.055586389740000006,0.05557248974000001,0.05568479174,0.05503857874,0.05487557574000001,0.055048778740000005,0.055218481740000006,0.05526548274,0.054667371740000005,0.055859170740000005,0.055417449740000006,0.05555345274,0.055225247740000004,0.055652953740000004,0.055738955740000005,0.05549115174000001,0.055062344740000005,0.054770740740000004,0.055134745740000005,0.05509174574,0.05573065574,0.055351749740000004,0.055304448740000005,0.05574745574000001,0.05498574474,0.05445733574000001,0.055587552740000004,0.05560575274000001,0.05450903674,0.05520364774000001,0.05509694574000001,0.05478414074000001,0.054831341740000004],"exit_codes":[0,0,0,0,0,0,0,0,0,0,0,0,0,0,0,0,0,0,0,0,0,0,0,0,0,0,0,0,0,0,0,0,0,0,0,0,0,0,0,0,0,0,0,0,0,0,0,0,0,0,0,0,0,0,0,0,0,0,0,0,0,0,0,0,0,0,0,0,0,0,0,0,0,0,0,0,0,0,0,0,0,0,0,0,0,0,0,0,0,0,0,0,0,0,0,0,0,0,0,0]}],"latency":null},"language":"JavaScript","tool":"server","type":"/iter","version":"1.0.4 (x64-linux)","additionalInfo":null,"runtime":"bun"}