{"stats":{"results":[{"command":"ruby benchmarks/json/stringify/main.rb","mean":0.060628076620000006,"stddev":0.0007845327142730248,"median":0.060445395560000004,"user":0.04846647000000002,"system":0.0120683696,"min":0.05962349656000001,"max":0.06428332156,"times":[0.06018469656000001,0.05974719656000001,0.05980029656000001,0.06194349356,0.05992099556000001,0.060363395560000005,0.06021919556000001,0.059867796560000006,0.05988229556000001,0.05962349656000001,0.060033096560000006,0.059750995560000006,0.06004329656000001,0.060039795560000005,0.05995529656000001,0.059941795560000004,0.059964496560000004,0.05984829556000001,0.05962949656000001,0.05973439656000001,0.060098195560000005,0.06023109656000001,0.06015219656000001,0.06113559356000001,0.06075389556000001,0.060673494560000006,0.06044899556,0.060246095560000004,0.060350395560000006,0.060442095560000006,0.06069189456000001,0.06044389556000001,0.060335395560000005,0.06076979456000001,0.060553295560000005,0.06039469556000001,0.06003799556000001,0.06018059556000001,0.060483595560000006,0.060218395560000006,0.060767594560000006,0.060515695560000006,0.06067749456,0.06069729556,0.060220995560000004,0.06124249356000001,0.06120729456000001,0.06053099556000001,0.06025659556000001,0.060316095560000005,0.06017219556000001,0.05996389556000001,0.06002689656000001,0.06032339556000001,0.06061209456000001,0.060414295560000005,0.060117995560000005,0.060053596560000005,0.060266895560000006,0.06009079556000001,0.06037849556000001,0.06064799456000001,0.060615995560000004,0.060195495560000006,0.06036809556000001,0.060491095560000006,0.060375195560000004,0.05981099656000001,0.05993589656000001,0.060446895560000005,0.060882695560000005,0.06061859456000001,0.060182195560000006,0.06071869556000001,0.061149293560000005,0.06200350056,0.060678625560000005,0.061994024560000006,0.06121522456,0.061407825560000004,0.06121462456000001,0.061302625560000004,0.060722825560000006,0.06096882456000001,0.06073542556000001,0.06058832556,0.06138982556000001,0.061247824560000004,0.06100722556000001,0.06089382556,0.06076662556000001,0.061389024560000005,0.06174272456000001,0.062015224560000005,0.062198123560000006,0.061234325560000004,0.06088042556000001,0.06258942356,0.06391022256,0.06428332156],"exit_codes":[0,0,0,0,0,0,0,0,0,0,0,0,0,0,0,0,0,0,0,0,0,0,0,0,0,0,0,0,0,0,0,0,0,0,0,0,0,0,0,0,0,0,0,0,0,0,0,0,0,0,0,0,0,0,0,0,0,0,0,0,0,0,0,0,0,0,0,0,0,0,0,0,0,0,0,0,0,0,0,0,0,0,0,0,0,0,0,0,0,0,0,0,0,0,0,0,0,0,0,0]}],"latency":null},"language":"JavaScript","tool":"server","type":"/iter","version":"0.3.0 (x64-linux)","additionalInfo":null,"runtime":"bun"}