{"stats":{"results":[{"command":"ruby benchmarks/json/stringify/main.rb","mean":0.06084346644000001,"stddev":0.0004928550758209353,"median":0.06089799606000001,"user":0.04887269999999997,"system":0.011879661199999995,"min":0.05976135006,"max":0.06220094306000001,"times":[0.060915246060000004,0.06077564706000001,0.06029894806,0.060778247060000005,0.06109474606,0.060953846060000004,0.06105294606000001,0.06066704706000001,0.060829847060000004,0.06135604506,0.061103746060000005,0.06084974606000001,0.06121024606000001,0.060982346060000005,0.06074364706,0.06109444606000001,0.06032784806000001,0.05989834906000001,0.05976135006,0.05981394906,0.05998324906000001,0.06024654806000001,0.05993624906000001,0.060563748060000006,0.060300248060000006,0.06019194806000001,0.060055549060000005,0.06022774806000001,0.06100004606000001,0.060910447060000004,0.06059064706000001,0.06059754706000001,0.06052044806000001,0.06063914706000001,0.06048444706000001,0.06028134906,0.06137574506000001,0.06220094306000001,0.062041143060000005,0.06162144406000001,0.061002147060000005,0.061448545060000005,0.06126934606000001,0.06113114606000001,0.061343045060000004,0.061122346060000006,0.06091994606000001,0.060456848060000005,0.06028274806000001,0.06003754906000001,0.060950046060000006,0.061372745060000004,0.06151664506000001,0.061167946060000006,0.06095714606000001,0.06168484406,0.060661947060000006,0.060761847060000006,0.06056454706000001,0.060372848060000005,0.060385648060000005,0.06065074706,0.06101914606000001,0.061193246060000005,0.061601544060000006,0.06179044406000001,0.06179154406,0.06149234506,0.06172294406,0.06091534706000001,0.060870146060000005,0.060938247060000006,0.06124214506,0.06067794706000001,0.06096414706000001,0.060901747060000004,0.06110164606000001,0.06091994606000001,0.060899647060000006,0.061095746060000004,0.061344245060000004,0.060612146060000004,0.060956745060000005,0.06035924706,0.06089634506000001,0.06068854606000001,0.060682445060000006,0.060811246060000004,0.060647946060000006,0.06021224706000001,0.060212147060000006,0.06053274606,0.06033554706000001,0.06104984506,0.06061974606000001,0.060801346060000004,0.06164534306,0.060933145060000006,0.06101454506000001,0.060515646060000004],"exit_codes":[0,0,0,0,0,0,0,0,0,0,0,0,0,0,0,0,0,0,0,0,0,0,0,0,0,0,0,0,0,0,0,0,0,0,0,0,0,0,0,0,0,0,0,0,0,0,0,0,0,0,0,0,0,0,0,0,0,0,0,0,0,0,0,0,0,0,0,0,0,0,0,0,0,0,0,0,0,0,0,0,0,0,0,0,0,0,0,0,0,0,0,0,0,0,0,0,0,0,0,0]}],"latency":null},"language":"JavaScript","tool":"server","type":"/iter","version":"1.34.3 (x64-linux)","additionalInfo":null,"runtime":"deno"}