{"stats":{"results":[{"command":"ruby benchmarks/json/stringify/main.rb","mean":0.05476471802999999,"stddev":0.00028499800592275584,"median":0.05473881958000001,"user":0.04239783000000002,"system":0.012322520000000003,"min":0.054079206580000004,"max":0.055634836580000006,"times":[0.055095726580000004,0.054729319580000005,0.05489482258,0.05497752358000001,0.054681818580000006,0.05530323058000001,0.05526702958000001,0.05532253058000001,0.054776419580000006,0.05476131958000001,0.054816420580000004,0.05433091158000001,0.05468601858,0.054767019580000006,0.05493052258000001,0.05482962158000001,0.05485522158000001,0.055201728580000005,0.054643417580000006,0.05490032258000001,0.055061026580000005,0.05442241358,0.05480022058,0.055224929580000005,0.054670218580000006,0.05452451558000001,0.05454141558,0.05511612658000001,0.05460681758000001,0.054842821580000006,0.05479782058,0.054362112580000004,0.05440431258,0.054079206580000004,0.054490814580000005,0.05439311258000001,0.054495215580000006,0.054470314580000005,0.05445351458000001,0.05460001658000001,0.05431301058000001,0.05460891658000001,0.05472751858,0.05452041558000001,0.05503532558,0.05524942958000001,0.054443513580000005,0.054589016580000004,0.05447241458,0.05464201758000001,0.05471931958000001,0.05426301058000001,0.054636417580000006,0.05444871358,0.05456041558000001,0.054810420580000005,0.054647217580000004,0.054498014580000004,0.05452761558000001,0.054538415580000006,0.054884522580000004,0.054842321580000006,0.05439411258000001,0.05460031758000001,0.054736119580000006,0.05474151958000001,0.05447551458000001,0.05481922058000001,0.05474541958,0.054699118580000004,0.05537903158000001,0.054571915580000005,0.05477602058000001,0.054871722580000004,0.055386932580000006,0.055634836580000006,0.05514652758000001,0.05461021758000001,0.05488392258000001,0.054746919580000004,0.05509852658000001,0.055038525580000004,0.05478452058,0.054767420580000004,0.054437513580000006,0.05504392558000001,0.05494382358000001,0.05527542958000001,0.054681018580000004,0.054769120580000004,0.054864021580000005,0.054676918580000004,0.054986924580000006,0.054719118580000004,0.054804820580000004,0.054700818580000005,0.054504815580000004,0.054730019580000004,0.05514082758,0.05517842758000001],"exit_codes":[0,0,0,0,0,0,0,0,0,0,0,0,0,0,0,0,0,0,0,0,0,0,0,0,0,0,0,0,0,0,0,0,0,0,0,0,0,0,0,0,0,0,0,0,0,0,0,0,0,0,0,0,0,0,0,0,0,0,0,0,0,0,0,0,0,0,0,0,0,0,0,0,0,0,0,0,0,0,0,0,0,0,0,0,0,0,0,0,0,0,0,0,0,0,0,0,0,0,0,0]}],"latency":null},"language":"JavaScript","tool":"server","type":"/iter","version":"18.11.0 (x64-linux)","additionalInfo":null,"runtime":"node"}