{"stats":{"results":[{"command":"ruby benchmarks/json/stringify/main.rb","mean":0.05424924916000002,"stddev":0.00071531545493175,"median":0.054064047000000004,"user":0.047184289999999976,"system":0.006999245599999998,"min":0.05317573900000001,"max":0.056892974000000006,"times":[0.053573942000000006,0.053873145000000004,0.05336334100000001,0.05342434200000001,0.053873446000000005,0.054015147000000006,0.053453942000000004,0.05365294300000001,0.054271449000000006,0.05508295700000001,0.05463695300000001,0.054094248000000004,0.05395344600000001,0.05406204700000001,0.05425384900000001,0.05403834700000001,0.054075948000000006,0.05406394700000001,0.05385064500000001,0.053719644000000004,0.05317573900000001,0.053735344000000004,0.053609643000000005,0.05377294500000001,0.05352984300000001,0.05378374500000001,0.054458951000000005,0.05454115200000001,0.05439045000000001,0.054274850000000006,0.05406414700000001,0.053995546000000005,0.054501651000000005,0.05444815100000001,0.054416251000000006,0.05420414900000001,0.05407624800000001,0.053676944000000004,0.05372604400000001,0.05412834800000001,0.053961247000000004,0.054306650000000005,0.05511095800000001,0.056085567,0.056207068000000006,0.05619286800000001,0.05500595600000001,0.055078657,0.05575486400000001,0.05545026100000001,0.05490645500000001,0.05441095000000001,0.055795963000000004,0.055377260000000005,0.054678853000000006,0.05537496000000001,0.056892974000000006,0.05597596500000001,0.05564166200000001,0.054699854000000006,0.054408951000000004,0.054513751000000006,0.05429494900000001,0.05433525000000001,0.05417904800000001,0.054328650000000006,0.054151948000000005,0.054003946000000004,0.05416994800000001,0.054048848000000003,0.05405934700000001,0.05386584500000001,0.05351174200000001,0.053871445000000004,0.054018247000000005,0.054014547,0.053828045000000005,0.05390704600000001,0.053968246000000004,0.053868146000000006,0.05391454600000001,0.05400434700000001,0.05424765000000001,0.05432655000000001,0.054206749000000005,0.05432875000000001,0.053677244000000006,0.05392054600000001,0.053531842,0.05366474400000001,0.053381541000000005,0.05359284300000001,0.053646244,0.053343941000000006,0.05350794300000001,0.05339204100000001,0.05351484200000001,0.053895146000000005,0.054227949000000004,0.05449865200000001],"exit_codes":[0,0,0,0,0,0,0,0,0,0,0,0,0,0,0,0,0,0,0,0,0,0,0,0,0,0,0,0,0,0,0,0,0,0,0,0,0,0,0,0,0,0,0,0,0,0,0,0,0,0,0,0,0,0,0,0,0,0,0,0,0,0,0,0,0,0,0,0,0,0,0,0,0,0,0,0,0,0,0,0,0,0,0,0,0,0,0,0,0,0,0,0,0,0,0,0,0,0,0,0]}],"latency":null},"language":"JavaScript","tool":"server","type":"/iter","version":"20.8.0 (x64-linux)","additionalInfo":null,"runtime":"node"}