{"stats":{"results":[{"command":"ruby benchmarks/json/stringify/main.rb","mean":0.05999878239000001,"stddev":0.00034033990088175103,"median":0.05996435400000001,"user":0.04831227000000001,"system":0.011612464600000004,"min":0.059391541500000006,"max":0.06109097050000001,"times":[0.05977256350000001,0.05975226250000001,0.06015896450000001,0.06002906450000001,0.05975636250000001,0.05989176350000001,0.05973686250000001,0.059747163500000006,0.059959263500000005,0.05979216350000001,0.05999866450000001,0.05997746350000001,0.059825562500000005,0.060271066500000005,0.060676267500000006,0.06012566450000001,0.05997896450000001,0.06008966450000001,0.06002166450000001,0.05980586350000001,0.05956406150000001,0.05982666250000001,0.059734563500000004,0.059915763500000004,0.060443166500000006,0.06024076550000001,0.06027746550000001,0.060196464500000005,0.05993546450000001,0.059730662500000004,0.059977864500000005,0.059864163500000005,0.05979476350000001,0.06000106350000001,0.06065806750000001,0.06010156450000001,0.05957826250000001,0.05941346050000001,0.059935363500000005,0.059599162500000004,0.05951166150000001,0.05959596250000001,0.059869763500000006,0.060193565500000004,0.060339065500000004,0.05996376450000001,0.059957763500000004,0.06015626550000001,0.060268165500000005,0.06085476850000001,0.06109097050000001,0.06049979750000001,0.06056834550000001,0.060555644500000005,0.05998454350000001,0.05971204150000001,0.059677942500000004,0.059598542500000004,0.05962034150000001,0.059748642500000004,0.05964454250000001,0.059637441500000006,0.059733942500000005,0.06045204450000001,0.06001644350000001,0.060202143500000006,0.060031043500000006,0.060291343500000004,0.060251543500000004,0.06062114550000001,0.06060154450000001,0.060071043500000004,0.060064343500000006,0.060399544500000006,0.05985114250000001,0.05983054250000001,0.059616642500000004,0.060026943500000006,0.06005774350000001,0.059968542500000006,0.05984074250000001,0.060566245500000004,0.059720942500000006,0.05950214150000001,0.060053743500000006,0.059678141500000004,0.059828342500000006,0.059932742500000004,0.059964943500000006,0.059608441500000005,0.05941334150000001,0.05958804150000001,0.059391541500000006,0.059739542500000006,0.06053144450000001,0.060468244500000004,0.06029944350000001,0.06023814450000001,0.060279543500000005,0.05993924350000001],"exit_codes":[0,0,0,0,0,0,0,0,0,0,0,0,0,0,0,0,0,0,0,0,0,0,0,0,0,0,0,0,0,0,0,0,0,0,0,0,0,0,0,0,0,0,0,0,0,0,0,0,0,0,0,0,0,0,0,0,0,0,0,0,0,0,0,0,0,0,0,0,0,0,0,0,0,0,0,0,0,0,0,0,0,0,0,0,0,0,0,0,0,0,0,0,0,0,0,0,0,0,0,0]}],"latency":null},"language":"JavaScript","tool":"server","type":"/iter","version":"0.5.7 (x64-linux)","additionalInfo":null,"runtime":"bun"}