{"stats":{"results":[{"command":"ruby benchmarks/json/stringify/main.rb","mean":0.041445877719999996,"stddev":0.0009979132674153481,"median":0.041204255120000005,"user":0.036013159999999995,"system":0.0053769436,"min":0.04030815312,"max":0.04905387012000001,"times":[0.04181142612000001,0.04100039812,0.040959251120000005,0.04072619512,0.04056298012000001,0.04203702812000001,0.04134516412000001,0.04146230312000001,0.041750963120000005,0.04181188712000001,0.04323189512000001,0.04140009612000001,0.04131630012,0.041030585120000004,0.041681082120000004,0.042804055120000004,0.04134283012000001,0.041356705120000004,0.041755552120000004,0.04234413312000001,0.04208920612000001,0.04100885412000001,0.04070706912000001,0.040722498120000006,0.041990181120000004,0.041215842120000006,0.040801937120000006,0.042106228120000005,0.04068207312000001,0.042356336120000004,0.04119069512,0.04076796312000001,0.04080352912000001,0.040626028120000005,0.04197138612,0.040884030120000005,0.04070047812000001,0.040820302120000006,0.04104109412,0.04161040212000001,0.04111792912000001,0.04098916712,0.04045658112000001,0.04083067112000001,0.041947320120000006,0.040912414120000004,0.041573732120000005,0.042652660120000005,0.042952122120000005,0.041697454120000005,0.04117533512,0.04089406912000001,0.040691781120000006,0.042555739120000005,0.04237055412000001,0.04186431512000001,0.041510694120000004,0.04118986312,0.04198253712,0.04150311912000001,0.04905387012000001,0.04153764412000001,0.04156414312000001,0.04184523012000001,0.04113637312000001,0.040396709120000006,0.040567639120000006,0.04202314312000001,0.04104258712000001,0.04064380112,0.04116660912,0.041889241120000004,0.04267402112,0.041849468120000004,0.040902224120000004,0.040891625120000004,0.04060462812000001,0.04243228712000001,0.041155178120000004,0.041019785120000006,0.04102384212000001,0.04100740212000001,0.04212616612,0.040706879120000004,0.041192668120000005,0.041292135120000004,0.04203174912,0.04163933512,0.04153250412000001,0.04134471312000001,0.04042923912000001,0.04178412512000001,0.04089173512000001,0.041082352120000006,0.040630206120000005,0.04030815312,0.04205966112000001,0.04095451312000001,0.04071834112000001,0.040740822120000006],"exit_codes":[0,0,0,0,0,0,0,0,0,0,0,0,0,0,0,0,0,0,0,0,0,0,0,0,0,0,0,0,0,0,0,0,0,0,0,0,0,0,0,0,0,0,0,0,0,0,0,0,0,0,0,0,0,0,0,0,0,0,0,0,0,0,0,0,0,0,0,0,0,0,0,0,0,0,0,0,0,0,0,0,0,0,0,0,0,0,0,0,0,0,0,0,0,0,0,0,0,0,0,0]}],"latency":null},"language":"JavaScript","tool":"server","type":"/iter","version":"21.7.1 (x64-linux)","additionalInfo":null,"runtime":"node"}