{"stats":{"results":[{"command":"ruby benchmarks/json/stringify/main.rb","mean":0.058475825870000005,"stddev":0.0006832010068432557,"median":0.05865716396000001,"user":0.04838988,"system":0.010034042799999998,"min":0.05649515846000001,"max":0.05956976546000001,"times":[0.059457567460000006,0.05878776446000001,0.05719366146000001,0.05875906446000001,0.05866706446000001,0.05873106446000001,0.058656864460000006,0.058495364460000004,0.05876046546000001,0.05878126446000001,0.05869386546000001,0.059131265460000006,0.059011565460000005,0.059457066460000006,0.058804765460000005,0.05872596446000001,0.05870206546000001,0.05852376446000001,0.05678716046000001,0.058676564460000004,0.05899886546000001,0.058955765460000004,0.05872816446000001,0.05693926146000001,0.058488163460000006,0.05833116446000001,0.05846696446000001,0.058851264460000004,0.05881526546000001,0.05703656046000001,0.058350363460000006,0.058480664460000005,0.05933966646000001,0.058846964460000005,0.05706576146000001,0.058709864460000004,0.058603264460000005,0.058383164460000005,0.05842626446000001,0.058221963460000005,0.05819506346000001,0.05846456446000001,0.05855996446000001,0.059193465460000004,0.057668161460000006,0.059017366460000005,0.05890356446000001,0.058802065460000004,0.056969760460000005,0.05868016546000001,0.056933060460000004,0.05833236346000001,0.058821865460000004,0.05859656446000001,0.05692116046000001,0.058570664460000005,0.05829396446000001,0.058504264460000004,0.059295065460000004,0.059047265460000005,0.05895256446000001,0.058806165460000004,0.05871386446000001,0.05864226546000001,0.058343563460000004,0.058569663460000004,0.05843276346000001,0.057358260460000005,0.05898976446000001,0.059137964460000005,0.05742546046000001,0.05881836446000001,0.058626863460000005,0.05891346446000001,0.058646463460000006,0.058379062460000006,0.058346963460000005,0.05840166246000001,0.05690635946000001,0.05841266346000001,0.058267362460000006,0.05649515846000001,0.05855176346000001,0.058761063460000006,0.058695464460000006,0.05855296346000001,0.058825663460000004,0.05842336346000001,0.05685645946000001,0.05865746346000001,0.057231060460000004,0.05956976546000001,0.05933166546000001,0.05906256446000001,0.05875506346000001,0.05758496146000001,0.05933456546000001,0.05905996446000001,0.05929296446000001,0.058835164460000006],"exit_codes":[0,0,0,0,0,0,0,0,0,0,0,0,0,0,0,0,0,0,0,0,0,0,0,0,0,0,0,0,0,0,0,0,0,0,0,0,0,0,0,0,0,0,0,0,0,0,0,0,0,0,0,0,0,0,0,0,0,0,0,0,0,0,0,0,0,0,0,0,0,0,0,0,0,0,0,0,0,0,0,0,0,0,0,0,0,0,0,0,0,0,0,0,0,0,0,0,0,0,0,0]}],"latency":null},"language":"JavaScript","tool":"server","type":"/iter","version":"19.6.0 (x64-linux)","additionalInfo":null,"runtime":"node"}