{"stats":{"results":[{"command":"ruby benchmarks/json/stringify/main.rb","mean":0.05482892485000001,"stddev":0.0004013094628096221,"median":0.054789116760000006,"user":0.04829422000000001,"system":0.006476954999999999,"min":0.05401647426000001,"max":0.05651007226000001,"times":[0.054989659260000004,0.05540295926000001,0.055015560260000006,0.054788460260000005,0.05468486026000001,0.05430786026000001,0.05422006026000001,0.05426856126000001,0.054845159260000005,0.054694160260000006,0.05481036026,0.05429246026000001,0.05434486126000001,0.05445296126000001,0.05471666026000001,0.054686860260000004,0.05505566026000001,0.054749360260000005,0.05480085926000001,0.05485856026000001,0.055145860260000006,0.05508376026,0.05484046026000001,0.054928159260000005,0.05488296026000001,0.054988260260000005,0.05472585926000001,0.05441006126,0.055034859260000006,0.054824768260000004,0.05470437326000001,0.054714174260000005,0.05470947426000001,0.054543074260000005,0.05455477426000001,0.05458707326000001,0.054684774260000006,0.054555874260000005,0.054631174260000005,0.054249874260000004,0.05478977326000001,0.05424517526000001,0.05401647426000001,0.054480574260000005,0.054652874260000005,0.055124873260000005,0.054962973260000006,0.054364774260000005,0.05418997526000001,0.05466187326000001,0.054562374260000004,0.05483227426000001,0.054939573260000006,0.05471677426,0.054546974260000006,0.055078273260000005,0.05453717426000001,0.054683274260000005,0.05478567426000001,0.05476647426,0.055286973260000004,0.05568287326000001,0.05651007226000001,0.05593747326000001,0.055063774260000004,0.054802673260000004,0.055227673260000006,0.05499547426,0.055018473260000006,0.05526007426000001,0.05535157326000001,0.05458377426000001,0.054891073260000006,0.05445567426,0.054675574260000005,0.05444497426000001,0.05419767426000001,0.054549074260000004,0.054633374260000006,0.054812573260000004,0.05541187326000001,0.05476637426000001,0.05490977426000001,0.05545367426000001,0.05544127326000001,0.055173073260000004,0.055209573260000006,0.05572407326000001,0.05532677326,0.05484577426000001,0.05544107326000001,0.05452627426000001,0.05485957426000001,0.05421017526000001,0.05439237426000001,0.05504657326000001,0.05508127326000001,0.055209574260000005,0.05499687326000001,0.05476187426000001],"exit_codes":[0,0,0,0,0,0,0,0,0,0,0,0,0,0,0,0,0,0,0,0,0,0,0,0,0,0,0,0,0,0,0,0,0,0,0,0,0,0,0,0,0,0,0,0,0,0,0,0,0,0,0,0,0,0,0,0,0,0,0,0,0,0,0,0,0,0,0,0,0,0,0,0,0,0,0,0,0,0,0,0,0,0,0,0,0,0,0,0,0,0,0,0,0,0,0,0,0,0,0,0]}],"latency":null},"language":"JavaScript","tool":"server","type":"/iter","version":"20.8.0 (x64-linux)","additionalInfo":null,"runtime":"node"}