{"stats":{"results":[{"command":"ruby benchmarks/json/stringify/main.rb","mean":0.06028095886000002,"stddev":0.0005192137425657245,"median":0.060190501480000005,"user":0.04728337999999998,"system":0.012899977199999997,"min":0.05956777548000001,"max":0.062125633480000005,"times":[0.060372794480000005,0.060016486480000006,0.060417395480000004,0.061192612480000005,0.062125633480000005,0.06184072748,0.06121391248000001,0.061084010480000006,0.060692601480000004,0.060799604480000005,0.06037749448000001,0.06002568648000001,0.05956777548000001,0.059670278480000005,0.05993088348000001,0.06001998648000001,0.059934584480000004,0.059783981480000005,0.06035509448,0.06069010148000001,0.060563198480000004,0.05996998448000001,0.05965947848000001,0.05994508548000001,0.060058487480000006,0.060030686480000005,0.05990678448,0.06085710448000001,0.060680601480000006,0.060428995480000004,0.06025559148000001,0.05996418548000001,0.06031429348,0.06025749148000001,0.06000378548000001,0.060594398480000006,0.060099988480000005,0.05990598348000001,0.06156982048,0.06187442748,0.06059649948,0.060631299480000005,0.060174089480000005,0.06029199248000001,0.05993088348000001,0.059567876480000004,0.059719279480000005,0.05974528048,0.06029369248000001,0.060343993480000004,0.05974188048000001,0.06020849048000001,0.06105270948000001,0.06032679348000001,0.06012128848000001,0.05995698548000001,0.059768080480000006,0.06011238848000001,0.06010808748000001,0.06028339248,0.06007288748,0.060004386480000005,0.05991328348,0.06004988648000001,0.05988048348,0.060126589480000006,0.06059231348000001,0.05992190748000001,0.06026371448000001,0.060636623480000006,0.060217713480000004,0.06005460948000001,0.05972710248000001,0.060262114480000004,0.059795304480000006,0.05983330548000001,0.059817004480000005,0.05984240448000001,0.05969430148,0.060394017480000006,0.05977820348000001,0.06011161148000001,0.06074292548000001,0.06112123448000001,0.06072582548000001,0.06023931448000001,0.059659101480000004,0.05962300048000001,0.059569598480000006,0.06145764148000001,0.060766025480000006,0.060491019480000005,0.060206913480000006,0.059920106480000006,0.06000470848000001,0.060504019480000004,0.060415918480000004,0.060784626480000006,0.06045801848000001,0.060389117480000004],"exit_codes":[0,0,0,0,0,0,0,0,0,0,0,0,0,0,0,0,0,0,0,0,0,0,0,0,0,0,0,0,0,0,0,0,0,0,0,0,0,0,0,0,0,0,0,0,0,0,0,0,0,0,0,0,0,0,0,0,0,0,0,0,0,0,0,0,0,0,0,0,0,0,0,0,0,0,0,0,0,0,0,0,0,0,0,0,0,0,0,0,0,0,0,0,0,0,0,0,0,0,0,0]}],"latency":null},"language":"JavaScript","tool":"server","type":"/iter","version":"20.1.0 (x64-linux)","additionalInfo":null,"runtime":"node"}