{"stats":{"results":[{"command":"ruby benchmarks/json/stringify/main.rb","mean":0.042837411510000006,"stddev":0.0006962935586957085,"median":0.04281693460000001,"user":0.03769868000000001,"system":0.0051084934,"min":0.04124838560000001,"max":0.04541303060000001,"times":[0.04292028860000001,0.0428098016,0.04303491360000001,0.043467714600000006,0.04276187160000001,0.042880905600000005,0.0424898926,0.042017056600000005,0.042279737600000006,0.04299572060000001,0.04292379560000001,0.042443314600000004,0.043685903600000006,0.043490126600000005,0.04307980460000001,0.043932675600000005,0.04308023960000001,0.04276776260000001,0.0431397696,0.042882577600000006,0.043756985600000006,0.042899860600000006,0.04339546960000001,0.043468886600000006,0.04200427760000001,0.04238890360000001,0.042273636600000004,0.042429970600000005,0.043413402600000005,0.0424655166,0.04339915660000001,0.042934285600000004,0.042322067600000006,0.043047246600000005,0.042107515600000006,0.04366905460000001,0.04291172260000001,0.04282406760000001,0.0425074656,0.043070790600000006,0.041599052600000005,0.042421203600000006,0.04201190760000001,0.043447626600000004,0.04323514860000001,0.042901573600000006,0.042197915600000004,0.042238029600000004,0.043214540600000004,0.0425575586,0.04261121960000001,0.04244154160000001,0.042407176600000006,0.042580100600000004,0.042539825600000004,0.042928203600000006,0.04541303060000001,0.04316505760000001,0.04251802560000001,0.04308916560000001,0.044100731600000005,0.04436579660000001,0.042632749600000006,0.04124838560000001,0.042710765600000006,0.042847301600000005,0.043029964600000005,0.04320993160000001,0.04257729660000001,0.042472458600000006,0.04218258660000001,0.043948956600000005,0.043438329600000006,0.04216575460000001,0.042237579600000005,0.042771278600000004,0.042082920600000004,0.042903487600000005,0.04350254060000001,0.043284552600000005,0.044302588600000005,0.04258947960000001,0.0425897786,0.04430565560000001,0.04401796560000001,0.042042473600000005,0.042968569600000006,0.04198442460000001,0.043217345600000005,0.042663938600000006,0.0423258826,0.04343525360000001,0.044070874600000004,0.0423684766,0.041738544600000003,0.04230162960000001,0.04211721360000001,0.0421270316,0.0413788106,0.041589784600000006],"exit_codes":[0,0,0,0,0,0,0,0,0,0,0,0,0,0,0,0,0,0,0,0,0,0,0,0,0,0,0,0,0,0,0,0,0,0,0,0,0,0,0,0,0,0,0,0,0,0,0,0,0,0,0,0,0,0,0,0,0,0,0,0,0,0,0,0,0,0,0,0,0,0,0,0,0,0,0,0,0,0,0,0,0,0,0,0,0,0,0,0,0,0,0,0,0,0,0,0,0,0,0,0]}],"latency":null},"language":"JavaScript","tool":"server","type":"/iter","version":"1.0.35 (x64-linux)","additionalInfo":null,"runtime":"bun"}