{"stats":{"results":[{"command":"ruby benchmarks/json/stringify/main.rb","mean":0.04023914846000001,"stddev":0.00022759325708348262,"median":0.04021462994,"user":0.035631430000000006,"system":0.0046019649999999995,"min":0.039773278940000004,"max":0.04085257694,"times":[0.040537381940000006,0.040364619940000006,0.04061106794000001,0.04014579294000001,0.04032861294000001,0.040417234940000005,0.040316569940000005,0.04020834294000001,0.04085257694,0.04009503794000001,0.040097942940000006,0.03995772194,0.039887731940000004,0.03989539594000001,0.03997586594000001,0.04021141394,0.040314355940000005,0.04048652694,0.039886399940000004,0.04060990594,0.040778496940000006,0.040416376940000005,0.03996936394000001,0.040181919940000005,0.04036218894000001,0.04027264794,0.040689580940000004,0.040347126940000005,0.04001355594000001,0.04026240894000001,0.039941424940000005,0.03993893794000001,0.04002391594000001,0.039773278940000004,0.04007576194,0.040521692940000006,0.04057398894000001,0.03994749394000001,0.04019529494000001,0.040209460940000004,0.04022732494,0.03999523294000001,0.03985310794000001,0.040141234940000006,0.039985153940000004,0.04019550494000001,0.040155420940000006,0.04057253394000001,0.04025653894,0.04004048694000001,0.04064315894000001,0.040245357940000004,0.040087924940000005,0.04003700994000001,0.040347947940000004,0.04014057294000001,0.040331968940000004,0.040291774940000004,0.04019951194000001,0.040143717940000004,0.040163845940000005,0.040318032940000005,0.040135001940000005,0.04081856494,0.04049298894000001,0.039897590940000005,0.04013986094000001,0.04024283294000001,0.04028644394000001,0.040082404940000003,0.040124402940000005,0.040360111940000006,0.04012959194000001,0.039977278940000006,0.040344872940000005,0.040099536940000007,0.040103122940000006,0.040479362940000006,0.04026309094,0.040194853940000004,0.039913249940000006,0.04049656594000001,0.04041850994000001,0.04012994294,0.039955317940000006,0.040479192940000006,0.040575531940000006,0.04030235394000001,0.040422878940000004,0.04055497394000001,0.040217845940000004,0.04022661294,0.04021940294,0.040186888940000005,0.040018766940000006,0.04028730694,0.040125590940000004,0.040406026940000006,0.04026313494000001,0.040474049940000006],"exit_codes":[0,0,0,0,0,0,0,0,0,0,0,0,0,0,0,0,0,0,0,0,0,0,0,0,0,0,0,0,0,0,0,0,0,0,0,0,0,0,0,0,0,0,0,0,0,0,0,0,0,0,0,0,0,0,0,0,0,0,0,0,0,0,0,0,0,0,0,0,0,0,0,0,0,0,0,0,0,0,0,0,0,0,0,0,0,0,0,0,0,0,0,0,0,0,0,0,0,0,0,0]}],"latency":null},"language":"JavaScript","tool":"server","type":"/iter","version":"1.39.2 (x64-linux)","additionalInfo":null,"runtime":"deno"}