{"stats":{"results":[{"command":"ruby benchmarks/json/stringify/main.rb","mean":0.060984645129999994,"stddev":0.0003601705136985347,"median":0.06093307778000001,"user":0.04816457999999999,"system":0.012739600000000004,"min":0.06001686028000001,"max":0.06194879828000001,"times":[0.06108068128000001,0.06128778528000001,0.06115078228000001,0.061089081280000006,0.06116258228000001,0.061267485280000006,0.06142648828000001,0.06095247828000001,0.060528770280000005,0.060730574280000005,0.060642672280000004,0.06070277428,0.06080817628000001,0.060583371280000006,0.060709574280000005,0.06092547828000001,0.060720873280000004,0.06110608128000001,0.060965878280000003,0.06132358528000001,0.061317385280000004,0.061291784280000004,0.06114228228000001,0.06107198128000001,0.06087987728000001,0.061451388280000005,0.06116938328000001,0.061155382280000004,0.06049866928000001,0.060872977280000004,0.06044896928000001,0.060791875280000005,0.06090227728000001,0.06039226728000001,0.06084977728000001,0.06126078428000001,0.06096777828000001,0.061327985280000004,0.061613091280000004,0.061659492280000006,0.06150458828000001,0.061181283280000005,0.061394386280000005,0.06171469328000001,0.06131848528000001,0.06086587728000001,0.06093437828000001,0.060919577280000005,0.06100467928000001,0.06077407428000001,0.060758074280000005,0.060292665280000005,0.06101627928000001,0.06114548228,0.06169449328000001,0.06106388128000001,0.060290966280000004,0.060979979280000006,0.060714873280000005,0.06088377728000001,0.06112008228000001,0.060739474280000004,0.06065567228000001,0.060571770280000006,0.06058947128000001,0.06001686028000001,0.06065857328000001,0.060763175280000005,0.061665292280000006,0.06133998628000001,0.06107588028000001,0.06103198028000001,0.061215084280000005,0.06081907628000001,0.06109068128,0.06153458928000001,0.06092647828000001,0.060915278280000006,0.061848296280000006,0.06100838028,0.06054967128000001,0.06088877728000001,0.06083397628000001,0.06080727628000001,0.06097617928000001,0.06086387628000001,0.060866976280000006,0.060854676280000006,0.06082267628000001,0.060632572280000005,0.06058417128000001,0.06142538728000001,0.06194879828000001,0.06115578328000001,0.06016176328000001,0.060733474280000005,0.06091147728000001,0.06093177728000001,0.06144818828000001,0.060797875280000004],"exit_codes":[0,0,0,0,0,0,0,0,0,0,0,0,0,0,0,0,0,0,0,0,0,0,0,0,0,0,0,0,0,0,0,0,0,0,0,0,0,0,0,0,0,0,0,0,0,0,0,0,0,0,0,0,0,0,0,0,0,0,0,0,0,0,0,0,0,0,0,0,0,0,0,0,0,0,0,0,0,0,0,0,0,0,0,0,0,0,0,0,0,0,0,0,0,0,0,0,0,0,0,0]}],"latency":null},"language":"JavaScript","tool":"server","type":"/iter","version":"20.5.0 (x64-linux)","additionalInfo":null,"runtime":"node"}