{"stats":{"results":[{"command":"ruby benchmarks/json/stringify/main.rb","mean":0.041093355479999996,"stddev":0.0007076170500511953,"median":0.04094484282000001,"user":0.03678575,"system":0.0042642602,"min":0.040051983820000005,"max":0.044645430820000005,"times":[0.040681991820000006,0.04044290482000001,0.04043643282000001,0.04070246982,0.041348637820000006,0.04097518882000001,0.040849413820000006,0.042047003820000005,0.042775965820000005,0.04222032782000001,0.041175507820000005,0.040683313820000004,0.04007653882000001,0.040346834820000003,0.04064238782000001,0.04058462982,0.04079975182000001,0.040634562820000004,0.040731613820000005,0.04109970182000001,0.041017328820000004,0.04164001282,0.04158853582000001,0.04104069282000001,0.042965890820000005,0.044645430820000005,0.041498307820000004,0.040798849820000004,0.04091037882,0.04055377182000001,0.04106508382000001,0.04005555982,0.040134787820000004,0.040051983820000005,0.04047856082000001,0.04098631082,0.04047216982000001,0.04077141782,0.040876784820000005,0.040334531820000005,0.04071580482000001,0.04031785982,0.04094673682,0.04155050482000001,0.040772099820000005,0.04048582482000001,0.04054384182,0.04125961082000001,0.04081407882000001,0.040956975820000005,0.04088314682000001,0.041140057820000006,0.041529405820000004,0.04097644182000001,0.040393040820000004,0.040519527820000005,0.04075550882000001,0.04044601082,0.04054939282000001,0.04073540082,0.040602775820000006,0.04303173382000001,0.04114575882,0.04077421382000001,0.04112067082,0.04138550682000001,0.040786455820000005,0.041423397820000006,0.041438583820000006,0.04140530282,0.04174552882,0.041705144820000005,0.042516299820000006,0.042859241820000005,0.041378233820000006,0.041070466820000005,0.041993282820000005,0.041721454820000003,0.041364126820000006,0.040652635820000005,0.040768552820000005,0.042147762820000004,0.041384313820000004,0.040816672820000004,0.041109820820000004,0.040815841820000004,0.041171155820000006,0.041378853820000006,0.041052814820000005,0.040942948820000005,0.04113160282000001,0.04112697282,0.040919154820000005,0.04068517682000001,0.040517523820000005,0.04079803782000001,0.040772309820000005,0.041140047820000004,0.04169301182000001,0.04140931082],"exit_codes":[0,0,0,0,0,0,0,0,0,0,0,0,0,0,0,0,0,0,0,0,0,0,0,0,0,0,0,0,0,0,0,0,0,0,0,0,0,0,0,0,0,0,0,0,0,0,0,0,0,0,0,0,0,0,0,0,0,0,0,0,0,0,0,0,0,0,0,0,0,0,0,0,0,0,0,0,0,0,0,0,0,0,0,0,0,0,0,0,0,0,0,0,0,0,0,0,0,0,0,0]}],"latency":null},"language":"JavaScript","tool":"server","type":"/iter","version":"1.38.1 (x64-linux)","additionalInfo":null,"runtime":"deno"}