{"stats":{"results":[{"command":"ruby benchmarks/json/stringify/main.rb","mean":0.05970694657000001,"stddev":0.0012724685529639157,"median":0.059515485480000005,"user":0.04822466,"system":0.011410610399999998,"min":0.05842858598000001,"max":0.07007488598,"times":[0.05963848598000001,0.05892578498000001,0.05910728598000001,0.05932648598000001,0.059063484980000004,0.05892108598000001,0.05937108598000001,0.058946484980000005,0.058735385980000006,0.05900208598000001,0.059084284980000006,0.059174285980000005,0.05918328498000001,0.059011385980000004,0.05879248598000001,0.05896038498000001,0.059287485980000006,0.059501285980000006,0.05906728498000001,0.05908248598000001,0.059032584980000004,0.05904048598000001,0.058718685980000004,0.058884684980000004,0.05945748598000001,0.059320485980000004,0.05904848498000001,0.05910278598000001,0.058859884980000006,0.059025385980000004,0.058861584980000006,0.058869285980000005,0.05858568598000001,0.058435584980000004,0.05842858598000001,0.058493084980000006,0.05882788598000001,0.059870884980000004,0.059956585980000004,0.059394384980000006,0.059872885980000005,0.05969508598000001,0.05974188498000001,0.05994708598000001,0.059682684980000004,0.05989158598000001,0.05962128498000001,0.05987998598000001,0.059527785980000004,0.05946898498000001,0.059636885980000005,0.06036518498000001,0.059767385980000004,0.05961408498000001,0.06116958598000001,0.06117628598000001,0.06091468498000001,0.061034985980000005,0.061107084980000004,0.061001985980000006,0.061038085980000004,0.06082538498000001,0.060617985980000004,0.06052618498000001,0.060310085980000004,0.059829685980000005,0.060055784980000006,0.05975718598000001,0.06008488498000001,0.060173985980000004,0.060271684980000004,0.06064808598000001,0.060457785980000005,0.060338084980000005,0.06033728598000001,0.059780184980000005,0.05964518598000001,0.061933084980000004,0.07007488598,0.060072385980000004,0.059262384980000006,0.05924048598000001,0.05888128598000001,0.05865318498000001,0.058741885980000005,0.05921278498000001,0.06027188598000001,0.059701284980000005,0.05972598598000001,0.05954328498000001,0.059460285980000006,0.058872685980000006,0.059053884980000006,0.059120485980000005,0.059104484980000004,0.05950868598,0.06051188498000001,0.06028348598000001,0.05972988598000001,0.059522284980000006],"exit_codes":[0,0,0,0,0,0,0,0,0,0,0,0,0,0,0,0,0,0,0,0,0,0,0,0,0,0,0,0,0,0,0,0,0,0,0,0,0,0,0,0,0,0,0,0,0,0,0,0,0,0,0,0,0,0,0,0,0,0,0,0,0,0,0,0,0,0,0,0,0,0,0,0,0,0,0,0,0,0,0,0,0,0,0,0,0,0,0,0,0,0,0,0,0,0,0,0,0,0,0,0]}],"latency":null},"language":"JavaScript","tool":"server","type":"/iter","version":"19.4.0 (x64-linux)","additionalInfo":null,"runtime":"node"}