{"stats":{"results":[{"command":"ruby benchmarks/json/stringify/main.rb","mean":0.06102808186000003,"stddev":0.0011020671064437683,"median":0.06124384474000001,"user":0.04878502000000001,"system":0.012140040000000001,"min":0.058756431740000004,"max":0.06638645674,"times":[0.058862631740000004,0.06102822774,0.060364028740000006,0.06033492874000001,0.060759028740000005,0.060219928740000005,0.060164428740000005,0.058878631740000006,0.060174328740000005,0.06076852874000001,0.05911403174,0.06052112774000001,0.06115582774000001,0.060543528740000005,0.058756431740000004,0.06058922774000001,0.06098712774000001,0.06090892874000001,0.06069692774,0.060667128740000006,0.05898413074000001,0.06118262774000001,0.06070532774000001,0.061004127740000004,0.06124432774000001,0.060967927740000004,0.06137172774000001,0.06148622674000001,0.061006327740000005,0.061130627740000006,0.05905274974000001,0.061773361740000005,0.06154576174000001,0.060334963740000004,0.062071160740000006,0.06131356174000001,0.062260760740000004,0.06181736174000001,0.061439361740000004,0.061377161740000005,0.061465461740000005,0.06019226274000001,0.06252256074000001,0.06213356174000001,0.06180306074000001,0.06231396074000001,0.06332665974000001,0.06262686074000001,0.05987536374000001,0.06130996174000001,0.059997863740000004,0.06007516374000001,0.06164966174,0.061627161740000005,0.06207856074000001,0.059989663740000004,0.06208256174,0.05967376374,0.06142956174,0.06139796174000001,0.061569761740000006,0.05961726374000001,0.06124336174000001,0.06147386174000001,0.05964516374000001,0.061778160740000004,0.06102886274000001,0.06149186174,0.05960016374,0.05969276374000001,0.05946686374000001,0.06125996174000001,0.06141446174000001,0.06141346174000001,0.06153506174000001,0.06009326374000001,0.06163626174,0.06187836174000001,0.06121876174000001,0.06145406174000001,0.05932856374000001,0.061690361740000005,0.06157426174000001,0.059331663740000005,0.06253166074000001,0.06638645674,0.06170696174000001,0.060184662740000006,0.062220760740000006,0.06180496174000001,0.06163626174,0.06210256074000001,0.06039536274000001,0.06010086374,0.06164536074,0.06171126174000001,0.06151096174000001,0.061694761740000006,0.06154646174,0.060056062740000006],"exit_codes":[0,0,0,0,0,0,0,0,0,0,0,0,0,0,0,0,0,0,0,0,0,0,0,0,0,0,0,0,0,0,0,0,0,0,0,0,0,0,0,0,0,0,0,0,0,0,0,0,0,0,0,0,0,0,0,0,0,0,0,0,0,0,0,0,0,0,0,0,0,0,0,0,0,0,0,0,0,0,0,0,0,0,0,0,0,0,0,0,0,0,0,0,0,0,0,0,0,0,0,0]}],"latency":null},"language":"JavaScript","tool":"server","type":"/iter","version":"1.30.2 (x64-linux)","additionalInfo":null,"runtime":"deno"}