{"stats":{"avg":4855.354941706624,"min":675.5771569551889,"max":7110.54003715048,"p75":5308.537269,"p99":6335.652166,"latency":10316202.892868934},"language":"Rust","tool":"bombardier","type":"/rps","additionalInfo":null,"runtime":null}