{"stats":{"avg":3885.501343499964,"min":2006.4517997357918,"max":9971.405499020733,"p75":6298.582189,"p99":8719.440106,"latency":12869761.864297671},"language":"Rust","tool":"bombardier","type":"/rps","runtime":null}