{"stats":{"avg":7098.359870230266,"min":1292.5638092628262,"max":31238.135515837734,"p75":7539.019662,"p99":8840.037448,"latency":7093825.145841909},"language":"Rust","tool":"bombardier","type":"/rps","additionalInfo":null,"runtime":null}