{"stats":{"avg":34974.10553327195,"min":3881.0491953231367,"max":44083.585015779536,"p75":37662.201347,"p99":42488.491992,"latency":1427334.6686453302},"language":"Go","tool":"bombardier","type":"/rps","additionalInfo":null,"runtime":null}