{"stats":{"avg":7157.76809707162,"min":696.6282673818096,"max":9252.38108086057,"p75":7595.440019,"p99":8880.103312,"latency":6985625.543212464},"language":"Rust","tool":"bombardier","type":"/rps","additionalInfo":null,"runtime":null}