{"stats":{"avg":7319.363965686486,"min":767.2492247162852,"max":9820.88901257294,"p75":7807.340071,"p99":9378.452159,"latency":6844432.178902538},"language":"Rust","tool":"bombardier","type":"/rps","additionalInfo":null,"runtime":null}