{"stats":{"avg":6279.887124058943,"min":818.2522012721232,"max":8684.861026866194,"p75":6794.743926,"p99":7802.946856,"latency":7961801.261628648},"language":"Ruby","tool":"bombardier","type":"/rps","additionalInfo":null,"runtime":null}