{"stats":{"avg":9073.569607834555,"min":958.3170357105495,"max":11603.300722237878,"p75":9723.914477,"p99":10954.339014,"latency":5513794.256156875},"language":"Ruby","tool":"bombardier","type":"/rps","additionalInfo":null,"runtime":null}