{"stats":{"avg":35318.884007614586,"min":4364.281890827897,"max":45253.13765455009,"p75":38438.230664,"p99":43098.149487,"latency":1413410.7554468173},"language":"Go","tool":"bombardier","type":"/rps","additionalInfo":null,"runtime":null}