{"stats":{"avg":82097.50248588737,"min":2764.280225519515,"max":85495.60408186092,"p75":83608.586584,"p99":84652.563525,"latency":607716.8716882649},"language":"Crystal","tool":"bombardier","type":"/rps","additionalInfo":null,"runtime":null}