{"stats":{"avg":7061.567951283785,"min":761.4277464329396,"max":9246.008115247741,"p75":7548.969186,"p99":9016.123566,"latency":7085787.058173002},"language":"Rust","tool":"bombardier","type":"/rps","runtime":null}