{"stats":{"avg":54621.726095334285,"min":3539.131548526042,"max":63724.98019223536,"p75":56817.443605,"p99":61558.315645,"latency":913740.5824801909},"language":"Go","tool":"bombardier","type":"/rps","additionalInfo":null,"runtime":null}