{"stats":{"avg":56363.0981974549,"min":3711.142423502807,"max":66532.87111233213,"p75":58424.58621,"p99":62855.354263,"latency":885524.834437086},"language":"Go","tool":"bombardier","type":"/rps","additionalInfo":null,"runtime":null}