{"stats":{"avg":83691.65151447136,"min":3163.1159058032117,"max":97745.9163601148,"p75":85419.369919,"p99":86500.173,"latency":596002.4051408393},"language":"Crystal","tool":"bombardier","type":"/rps","additionalInfo":null,"runtime":null}