{"stats":{"avg":32147.675546098853,"min":3942.183909099548,"max":40523.8681836018,"p75":34855.480026,"p99":39434.543651,"latency":1553858.3746946524},"language":"Go","tool":"bombardier","type":"/rps","additionalInfo":null,"runtime":null}