{"stats":{"avg":56909.19363316854,"min":3980.825965350422,"max":67537.20541799547,"p75":59372.783516,"p99":64138.875112,"latency":876868.6953863668},"language":"Go","tool":"bombardier","type":"/rps","additionalInfo":null,"runtime":null}