{"stats":{"avg":8727.75434457861,"min":1012.5470178535594,"max":11123.867369828704,"p75":9444.952145,"p99":10699.578437,"latency":5730208.9562505735},"language":"Ruby","tool":"bombardier","type":"/rps","runtime":null}