{"stats":{"avg":6937.900552148899,"min":681.2673396404739,"max":9253.620016150318,"p75":7399.787256,"p99":8569.057123,"latency":7213719.314704694},"language":"Rust","tool":"bombardier","type":"/rps","additionalInfo":null,"runtime":null}