{"stats":{"avg":9162.370147462441,"min":873.4555052129572,"max":11630.695858246336,"p75":9806.490586,"p99":10981.642772,"latency":5459084.419201573},"language":"Ruby","tool":"bombardier","type":"/rps","runtime":null}