{"stats":{"avg":62854.38486541399,"min":4328.517912243024,"max":73101.79181171628,"p75":65065.807918,"p99":70563.505863,"latency":793774.2991301082},"language":"Go","tool":"bombardier","type":"/rps","additionalInfo":null,"runtime":null}