{"stats":{"avg":35136.48005834826,"min":4737.2681872359735,"max":46036.92816430973,"p75":38391.34659,"p99":43689.285609,"latency":1421567.9269296145},"language":"Go","tool":"bombardier","type":"/rps","additionalInfo":null,"runtime":null}