{"stats":{"avg":7776.140576164982,"min":781.8758350452591,"max":10856.20432076932,"p75":8292.482036,"p99":9613.209411,"latency":6436880.244147415},"language":"Rust","tool":"bombardier","type":"/rps","runtime":null}