{"stats":{"avg":92753.74212609377,"min":10188.771759798645,"max":127459.4487763718,"p75":98433.162132,"p99":122617.666559,"latency":537767.3002490485},"language":"Crystal","tool":"bombardier","type":"/rps","runtime":null}