{"stats":{"avg":62362.776646723025,"min":6767.328996315557,"max":73080.5879001112,"p75":67156.727563,"p99":70488.591368,"latency":799581.8733218412},"language":"Crystal","tool":"bombardier","type":"/rps","additionalInfo":null,"runtime":null}