{"stats":{"avg":58307.714228490644,"min":3716.6695036666974,"max":68315.18588858229,"p75":60403.751875,"p99":65722.463938,"latency":856124.7440114985},"language":"Go","tool":"bombardier","type":"/rps","additionalInfo":null,"runtime":null}