{"stats":{"avg":40975.127306940165,"min":4669.11434017695,"max":51839.371242832494,"p75":44167.122375,"p99":49642.923401,"latency":1218537.7573086142},"language":"Go","tool":"bombardier","type":"/rps","additionalInfo":null,"runtime":null}