{"stats":{"avg":9373.77226378574,"min":896.7493097484937,"max":11685.155364633365,"p75":9952.501561,"p99":11408.794096,"latency":5334793.69924122},"language":"Ruby","tool":"bombardier","type":"/rps","additionalInfo":null,"runtime":null}