{"stats":{"avg":62136.94098525345,"min":3326.974635211089,"max":71156.78868917814,"p75":64298.689418,"p99":68394.843079,"latency":803291.5881412862},"language":"Go","tool":"bombardier","type":"/rps","additionalInfo":null,"runtime":null}