{"stats":{"avg":6973.955253351416,"min":782.8975482491119,"max":8979.00668108324,"p75":7463.096615,"p99":8573.664454,"latency":7173020.062569961},"language":"Ruby","tool":"bombardier","type":"/rps","additionalInfo":null,"runtime":null}