{"stats":{"avg":85934.63138927001,"min":6202.6638651554185,"max":91116.07625283666,"p75":88794.046359,"p99":89794.769455,"latency":580446.2993716781},"language":"Crystal","tool":"bombardier","type":"/rps","additionalInfo":null,"runtime":null}