{"stats":{"avg":57218.09824565391,"min":9939.903406929583,"max":68500.71759975488,"p75":64956.595365,"p99":68206.514704,"latency":871885.488364614},"language":"Crystal","tool":"bombardier","type":"/rps","additionalInfo":null,"runtime":null}