{"stats":{"avg":6297.892834581275,"min":727.8335135271689,"max":8222.299062150783,"p75":6776.814562,"p99":7892.454419,"latency":7938544.277247231},"language":"Ruby","tool":"bombardier","type":"/rps","additionalInfo":null,"runtime":null}