{"stats":{"avg":5950.274696735812,"min":687.3146774653083,"max":7000.550593304164,"p75":6584.190027,"p99":6922.91278,"latency":8686767.07694884},"language":"Python","tool":"bombardier","type":"/rps","additionalInfo":null,"runtime":null}