{"stats":{"avg":6450.461369710507,"min":971.8056995873885,"max":8816.150305745095,"p75":7093.606842,"p99":8247.943788,"latency":7753745.741677267},"language":"Ruby","tool":"bombardier","type":"/rps","additionalInfo":null,"runtime":null}