{"stats":{"avg":9144.028437191848,"min":926.9141747590719,"max":12020.972665206924,"p75":9767.259115,"p99":11218.516321,"latency":5476469.600184076},"language":"Ruby","tool":"bombardier","type":"/rps","additionalInfo":null,"runtime":null}