{"stats":{"avg":5684.862991348207,"min":590.6824508949243,"max":6712.965298740255,"p75":6196.820721,"p99":6561.269569,"latency":9102954.930811},"language":"Python","tool":"bombardier","type":"/rps","additionalInfo":null,"runtime":null}