{"stats":{"avg":9255.979570374113,"min":920.8830588736078,"max":12003.05791452212,"p75":9890.814401,"p99":11346.821671,"latency":5406233.27456219},"language":"Ruby","tool":"bombardier","type":"/rps","additionalInfo":null,"runtime":null}