{"stats":{"avg":3367.2855146149495,"min":581.6418220443715,"max":4497.9077981876735,"p75":3996.156993,"p99":4413.240383,"latency":15407858.352578906},"language":"Python","tool":"bombardier","type":"/rps","additionalInfo":null,"runtime":null}