{"stats":{"avg":83051.84258169011,"min":2650.7420572202877,"max":86159.04575493741,"p75":84630.947461,"p99":85685.007012,"latency":600534.2876750262},"language":"Crystal","tool":"bombardier","type":"/rps","additionalInfo":null,"runtime":null}