{"stats":{"avg":5477.936545818407,"min":798.0956084584635,"max":7071.872768926746,"p75":6417.300281,"p99":6996.513987,"latency":9433675.064529028},"language":"Python","tool":"bombardier","type":"/rps","additionalInfo":null,"runtime":null}