{"stats":{"avg":10046.87425215216,"min":1021.7733143528443,"max":12733.752336468935,"p75":10757.399836,"p99":12361.928207,"latency":4979564.945803778},"language":"Ruby","tool":"bombardier","type":"/rps","runtime":null}