{"stats":{"avg":6918.742046605109,"min":688.9859856907825,"max":9296.900429707086,"p75":7374.50461,"p99":8644.803304,"latency":7221811.170520231},"language":"Rust","tool":"bombardier","type":"/rps","additionalInfo":null,"runtime":null}