{"stats":{"avg":10088.137659972195,"min":938.1481223060731,"max":13358.686732396145,"p75":10674.1198,"p99":12124.427233,"latency":4962344.056555065},"language":"Ruby","tool":"bombardier","type":"/rps","additionalInfo":null,"runtime":null}