{"stats":{"avg":78559.20034174502,"min":2958.183399931023,"max":83683.81987874565,"p75":80247.07457,"p99":82433.223169,"latency":635088.1786559313},"language":"Crystal","tool":"bombardier","type":"/rps","additionalInfo":null,"runtime":null}