{"stats":{"avg":6681.823812491137,"min":760.0250862834789,"max":8972.864460607294,"p75":7210.608999,"p99":8247.073114,"latency":7481635.450654055},"language":"Ruby","tool":"bombardier","type":"/rps","additionalInfo":null,"runtime":null}