{"stats":{"avg":80195.3550029617,"min":3817.7483104150083,"max":84507.94374671219,"p75":82508.912737,"p99":84011.453444,"latency":621261.355037604},"language":"Crystal","tool":"bombardier","type":"/rps","runtime":null}