{"stats":{"avg":82680.21088583428,"min":3218.890885458312,"max":86592.68220457455,"p75":84676.521761,"p99":86001.384622,"latency":603040.1470579343},"language":"Crystal","tool":"bombardier","type":"/rps","additionalInfo":null,"runtime":null}