{"stats":{"avg":5131.836600408682,"min":747.5895859010757,"max":11536.781366678182,"p75":5592.400034,"p99":6624.469738,"latency":9770518.213797146},"language":"Rust","tool":"bombardier","type":"/rps","additionalInfo":null,"runtime":null}