{"stats":{"avg":9085.360483200911,"min":924.8464650792798,"max":11425.678901722196,"p75":9698.681949,"p99":10817.752164,"latency":5504295.510851254},"language":"Ruby","tool":"bombardier","type":"/rps","additionalInfo":null,"runtime":null}