{"stats":{"avg":9239.42908012823,"min":867.2371841354664,"max":11694.000527959906,"p75":9841.834762,"p99":11313.276367,"latency":5416414.685701278},"language":"Ruby","tool":"bombardier","type":"/rps","additionalInfo":null,"runtime":null}