{"stats":{"avg":34270.331714862354,"min":4705.838541146298,"max":45381.96868492888,"p75":37589.157873,"p99":42388.507415,"latency":1456988.4893135894},"language":"Go","tool":"bombardier","type":"/rps","additionalInfo":null,"runtime":null}