{"stats":{"avg":58570.59554311822,"min":3302.0194384101324,"max":67573.19902390751,"p75":60688.45524,"p99":64921.139089,"latency":852307.6339970157},"language":"Go","tool":"bombardier","type":"/rps","additionalInfo":null,"runtime":null}