{"stats":{"avg":3484.898234895691,"min":466.3114450027513,"max":4440.077093707128,"p75":3836.005867,"p99":4380.598405,"latency":15029888.726919338},"language":"Python","tool":"bombardier","type":"/rps","additionalInfo":null,"runtime":null}