{"stats":{"avg":6773.892811125289,"min":770.3372531746008,"max":9408.842430115823,"p75":7238.276688,"p99":8598.26444,"latency":7384614.289091124},"language":"Rust","tool":"bombardier","type":"/rps","additionalInfo":null,"runtime":null}