{"stats":{"avg":56504.06049946147,"min":6287.540916549433,"max":66232.456283901,"p75":61473.015641,"p99":64909.634106,"latency":881252.5070544055},"language":"Crystal","tool":"bombardier","type":"/rps","additionalInfo":null,"runtime":null}