{"stats":{"avg":5799.232771223176,"min":634.2919899345785,"max":6955.272792303845,"p75":6350.718584,"p99":6865.023494,"latency":8933215.189655766},"language":"Python","tool":"bombardier","type":"/rps","additionalInfo":null,"runtime":null}