{"stats":{"avg":57438.56364942647,"min":3744.858974446516,"max":65972.47129571336,"p75":59940.193784,"p99":64653.649699,"latency":869215.409371849},"language":"Go","tool":"bombardier","type":"/rps","additionalInfo":null,"runtime":null}