{"stats":{"avg":54326.43668198202,"min":5717.989448295683,"max":63054.116359759464,"p75":58284.773103,"p99":61949.350473,"latency":917739.5585225628},"language":"Crystal","tool":"bombardier","type":"/rps","additionalInfo":null,"runtime":null}