{"stats":{"avg":55169.0662779661,"min":3161.3251958349397,"max":66212.0748125935,"p75":57096.867964,"p99":61579.23007,"latency":904583.6343960105},"language":"Go","tool":"bombardier","type":"/rps","additionalInfo":null,"runtime":null}