{"stats":{"avg":5859.64275420499,"min":624.4542973576307,"max":6972.245350524987,"p75":6412.428857,"p99":6837.599793,"latency":8859796.64908998},"language":"Python","tool":"bombardier","type":"/rps","runtime":null}