{"stats":{"avg":3535.8818495892833,"min":586.7230675795468,"max":4464.93095235121,"p75":3996.239738,"p99":4375.200986,"latency":14757994.059684685},"language":"Python","tool":"bombardier","type":"/rps","additionalInfo":null,"runtime":null}