{"stats":{"avg":4723.318635000458,"min":710.6866113084291,"max":7265.97597460007,"p75":5205.421446,"p99":6257.577707,"latency":10607438.330291582},"language":"Rust","tool":"bombardier","type":"/rps","additionalInfo":null,"runtime":null}