{"stats":{"avg":7784.656840802814,"min":785.3789816599384,"max":9903.537968199582,"p75":8331.198464,"p99":9573.31821,"latency":6433229.486255534},"language":"Rust","tool":"bombardier","type":"/rps","additionalInfo":null,"runtime":null}