{"stats":{"avg":3292.3542725365396,"min":582.3322253333639,"max":4400.9756963118725,"p75":3933.278207,"p99":4329.976528,"latency":15918385.117769782},"language":"Python","tool":"bombardier","type":"/rps","additionalInfo":null,"runtime":null}