{"stats":{"avg":6501.3410459465385,"min":755.970237414866,"max":9155.557762059303,"p75":6996.304413,"p99":8299.297464,"latency":7694208.20640635},"language":"Rust","tool":"bombardier","type":"/rps","runtime":null}