{"stats":{"avg":5277.509538247517,"min":1023.8587369370244,"max":7147.395881055023,"p75":6585.569043,"p99":7041.797362,"latency":9776039.8429685},"language":"Python","tool":"bombardier","type":"/rps","additionalInfo":null,"runtime":null}