{"stats":{"avg":53660.6767152086,"min":6899.786090752338,"max":64036.950397636545,"p75":59428.771576,"p99":63518.452386,"latency":927942.4831512162},"language":"Crystal","tool":"bombardier","type":"/rps","additionalInfo":null,"runtime":null}