{"stats":{"avg":35787.15632675125,"min":3638.850189992547,"max":50085.70613524655,"p75":38219.514204,"p99":42611.605271,"latency":1395167.2352850777},"language":"Go","tool":"bombardier","type":"/rps","additionalInfo":null,"runtime":null}