{"stats":{"avg":4928.778131915282,"min":667.0620700141263,"max":7650.720894254174,"p75":5398.154101,"p99":6335.055977,"latency":10166483.70825367},"language":"Rust","tool":"bombardier","type":"/rps","additionalInfo":null,"runtime":null}