{"stats":{"avg":3437.609042087084,"min":610.7395521967569,"max":4849.993568598954,"p75":4050.370609,"p99":4718.757068,"latency":17242084.250463393},"language":"Python","tool":"bombardier","type":"/rps","additionalInfo":null,"runtime":null}