{"stats":{"avg":59657.14287426865,"min":7653.387848407625,"max":70819.70331886919,"p75":65267.498586,"p99":69672.820633,"latency":835046.5521141392},"language":"Crystal","tool":"bombardier","type":"/rps","additionalInfo":null,"runtime":null}