{"stats":{"avg":81947.39962687778,"min":2943.590276687733,"max":85409.16816174716,"p75":83757.226905,"p99":84799.715921,"latency":608651.3305851647},"language":"Crystal","tool":"bombardier","type":"/rps","additionalInfo":null,"runtime":null}