{"stats":{"avg":3154.923917289575,"min":573.3160365959221,"max":4252.0048202727585,"p75":3778.077729,"p99":4175.443175,"latency":16466616.261086388},"language":"Python","tool":"bombardier","type":"/rps","additionalInfo":null,"runtime":null}