{"stats":{"avg":2947.138690384789,"min":641.8365797405903,"max":4354.639501168896,"p75":3698.794933,"p99":4225.316291,"latency":18407757.39145126},"language":"Python","tool":"bombardier","type":"/rps","additionalInfo":null,"runtime":null}