{"stats":{"avg":4604.671471125463,"min":686.7291313936119,"max":6632.96410801448,"p75":5094.647991,"p99":6290.026596,"latency":10861620.281224873},"language":"Rust","tool":"bombardier","type":"/rps","additionalInfo":null,"runtime":null}