{"stats":{"avg":156142.77346436743,"min":44472.162863800804,"max":237420.79790569865,"p75":191094.726045,"p99":220358.88864,"latency":318268.62754765863},"language":"Go","tool":"bombardier","type":"/rps","runtime":null}