{"stats":{"avg":65740.42452543396,"min":3829.759888842512,"max":75700.94626182827,"p75":67995.63616,"p99":72947.024903,"latency":759095.8052680576},"language":"Go","tool":"bombardier","type":"/rps","runtime":null}