{"stats":{"avg":6702.414466823473,"min":715.2684086850431,"max":8590.013988765797,"p75":7149.48345,"p99":8188.996509,"latency":7455131.430616444},"language":"Ruby","tool":"bombardier","type":"/rps","additionalInfo":null,"runtime":null}