{"stats":{"avg":6660.014796835403,"min":761.4031171230024,"max":9142.031921146994,"p75":7134.829099,"p99":8585.385118,"latency":7509227.249504117},"language":"Rust","tool":"bombardier","type":"/rps","additionalInfo":null,"runtime":null}