{"stats":{"avg":4206.185730814328,"min":1403.3258530000385,"max":6980.228832474434,"p75":5825.841014,"p99":6890.21985,"latency":12363921.0980949},"language":"Python","tool":"bombardier","type":"/rps","additionalInfo":null,"runtime":null}