{"stats":{"avg":6491.104083528587,"min":1307.4628149896591,"max":10013.63105527399,"p75":7498.832432,"p99":8970.867584,"latency":7697210.138901722},"language":"Ruby","tool":"bombardier","type":"/rps","runtime":null}