{"stats":{"avg":5590.489704203832,"min":1018.888003664347,"max":7325.348256871141,"p75":6803.612718,"p99":7249.802017,"latency":9224082.966710009},"language":"Python","tool":"bombardier","type":"/rps","additionalInfo":null,"runtime":null}