{"stats":{"avg":33477.16030038646,"min":3737.1718763487575,"max":43506.17678815313,"p75":35780.202069,"p99":41101.401558,"latency":1491628.0473411677},"language":"Go","tool":"bombardier","type":"/rps","additionalInfo":null,"runtime":null}