{"stats":{"avg":6235.57667766975,"min":747.833192919277,"max":8155.734197599508,"p75":6700.511249,"p99":7881.70172,"latency":8019357.133688467},"language":"Ruby","tool":"bombardier","type":"/rps","additionalInfo":null,"runtime":null}