{"stats":{"avg":7338.277245771557,"min":827.1191842380712,"max":9419.117749012546,"p75":7958.810395,"p99":9064.001616,"latency":6811221.578516902},"language":"Ruby","tool":"bombardier","type":"/rps","additionalInfo":null,"runtime":null}