{"stats":{"avg":61828.13086560777,"min":9101.899937021897,"max":76168.32242225399,"p75":68441.555729,"p99":74461.416402,"latency":806305.171501995},"language":"Crystal","tool":"bombardier","type":"/rps","additionalInfo":null,"runtime":null}