{"stats":{"avg":9215.120630865513,"min":830.6030206645147,"max":11479.300434266228,"p75":9757.670993,"p99":11175.331698,"latency":5431302.78269751},"language":"Ruby","tool":"bombardier","type":"/rps","additionalInfo":null,"runtime":null}