{"stats":{"avg":4987.718881317815,"min":697.174906896527,"max":6780.786974087981,"p75":5455.969103,"p99":6506.56545,"latency":10029533.370802304},"language":"Rust","tool":"bombardier","type":"/rps","additionalInfo":null,"runtime":null}