{"stats":{"avg":5713.7745388402545,"min":700.8942273194162,"max":7142.35161277546,"p75":6255.176836,"p99":6924.416311,"latency":9080717.434939696},"language":"Python","tool":"bombardier","type":"/rps","additionalInfo":null,"runtime":null}