{"stats":{"avg":6972.778741377411,"min":754.622507310018,"max":9105.195074867097,"p75":7446.149968,"p99":8564.1276,"latency":7167837.422168661},"language":"Ruby","tool":"bombardier","type":"/rps","additionalInfo":null,"runtime":null}