{"stats":{"avg":9561.031172649646,"min":943.5896547014494,"max":12156.802338748646,"p75":10172.036658,"p99":11572.357748,"latency":5229578.711695595},"language":"Ruby","tool":"bombardier","type":"/rps","additionalInfo":null,"runtime":null}