{"stats":{"avg":9418.195828144495,"min":927.362633002899,"max":11835.48837850892,"p75":10077.835991,"p99":11350.813094,"latency":5309651.222309539},"language":"Ruby","tool":"bombardier","type":"/rps","additionalInfo":null,"runtime":null}