{"stats":{"avg":10110.293832220459,"min":951.4531528434743,"max":12435.644797953639,"p75":10798.570269,"p99":11862.726466,"latency":4950456.514848347},"language":"Ruby","tool":"bombardier","type":"/rps","additionalInfo":null,"runtime":null}