{"stats":{"avg":5402.032726925572,"min":829.4235792539057,"max":7057.910152803755,"p75":5999.335574,"p99":6903.33758,"latency":9616854.233536247},"language":"Python","tool":"bombardier","type":"/rps","runtime":null}