{"stats":{"avg":83816.18698444877,"min":3387.815314296672,"max":88487.92080091932,"p75":85500.696831,"p99":87698.289883,"latency":595178.3911924084},"language":"Crystal","tool":"bombardier","type":"/rps","additionalInfo":null,"runtime":null}