{"stats":{"avg":842.6413681016869,"min":193.35268941701,"max":1553.0517466822305,"p75":947.76933,"p99":1253.394129,"latency":61065060.313346684},"language":"Python","tool":"bombardier","type":"/rps","runtime":null}