{"stats":{"avg":85673.97061219739,"min":10988.984635400746,"max":91483.93687869617,"p75":89938.673635,"p99":91077.444671,"latency":582208.8887436328},"language":"Crystal","tool":"bombardier","type":"/rps","runtime":null}