{"stats":{"avg":4866.28315260426,"min":697.8934467638942,"max":6580.757803899647,"p75":5378.546632,"p99":6243.685449,"latency":10281502.725720517},"language":"Rust","tool":"bombardier","type":"/rps","additionalInfo":null,"runtime":null}