{"stats":{"avg":65187.18335056573,"min":4513.567128321935,"max":75979.504939041,"p75":67633.100791,"p99":72344.841813,"latency":765463.2246585218},"language":"Go","tool":"bombardier","type":"/rps","additionalInfo":null,"runtime":null}