{"stats":{"avg":7101.87957700629,"min":736.4147722682999,"max":9155.931670332626,"p75":7550.73006,"p99":9023.047395,"latency":7040774.363019197},"language":"Rust","tool":"bombardier","type":"/rps","additionalInfo":null,"runtime":null}