{"stats":{"avg":6737.153363027825,"min":812.8376230370303,"max":8671.342356021294,"p75":7287.968293,"p99":8389.505149,"latency":7431700.408891532},"language":"Ruby","tool":"bombardier","type":"/rps","additionalInfo":null,"runtime":null}