{"stats":{"avg":3201.7429555538874,"min":546.6681486582867,"max":4348.816904361169,"p75":3755.362846,"p99":4287.73626,"latency":16244343.887887638},"language":"Python","tool":"bombardier","type":"/rps","additionalInfo":null,"runtime":null}