{"stats":{"avg":3537.06293584857,"min":450.84123635588395,"max":4254.4535792545485,"p75":3905.41564,"p99":4203.539591,"latency":14951777.495769883},"language":"Python","tool":"bombardier","type":"/rps","additionalInfo":null,"runtime":null}