{"stats":{"avg":7688.644044455982,"min":775.4820251426538,"max":10617.358451181386,"p75":8149.775474,"p99":9663.316455,"latency":6508281.695277293},"language":"Rust","tool":"bombardier","type":"/rps","additionalInfo":null,"runtime":null}