{"stats":{"avg":79132.20415227933,"min":6764.61816675561,"max":92902.9485278974,"p75":84002.038019,"p99":90366.450895,"latency":629955.377067192},"language":"Crystal","tool":"bombardier","type":"/rps","runtime":null}