{"stats":{"avg":4686.781016308665,"min":1241.799063691246,"max":6873.93224781385,"p75":6209.40075,"p99":6814.878471,"latency":11092682.882768001},"language":"Python","tool":"bombardier","type":"/rps","additionalInfo":null,"runtime":null}