{"stats":{"avg":78698.56532219853,"min":5296.180483841078,"max":84885.18699275366,"p75":81155.860098,"p99":83337.994734,"latency":633734.6531209213},"language":"Crystal","tool":"bombardier","type":"/rps","additionalInfo":null,"runtime":null}