{"stats":{"avg":6819.548454806397,"min":594.2854463131592,"max":7582.355009190369,"p75":7217.946839,"p99":7473.854507,"latency":7634576.371739606},"language":"Python","tool":"bombardier","type":"/rps","runtime":null}