{"stats":{"avg":88079.83724421947,"min":6421.383468798295,"max":92323.66194539928,"p75":90431.623547,"p99":91486.882674,"latency":566130.7930728836},"language":"Crystal","tool":"bombardier","type":"/rps","additionalInfo":null,"runtime":null}