{"stats":{"avg":82908.62861171599,"min":3874.8470447634854,"max":86395.08571569547,"p75":85354.425627,"p99":86192.470685,"latency":601012.0990348503},"language":"Crystal","tool":"bombardier","type":"/rps","additionalInfo":null,"runtime":null}