{"stats":{"avg":35547.54615847922,"min":3951.058974190995,"max":45165.948571596855,"p75":38356.052585,"p99":43626.219348,"latency":1404356.6822169574},"language":"Go","tool":"bombardier","type":"/rps","additionalInfo":null,"runtime":null}