{"stats":{"avg":6361.704404612347,"min":605.9042937039542,"max":7102.023011254755,"p75":6714.215105,"p99":7017.635007,"latency":8209130.133124511},"language":"Python","tool":"bombardier","type":"/rps","additionalInfo":null,"runtime":null}