{"stats":{"avg":4658.277071750389,"min":1182.8315331337867,"max":6799.4200665626895,"p75":6173.680575,"p99":6696.697858,"latency":11511505.18794258},"language":"Python","tool":"bombardier","type":"/rps","additionalInfo":null,"runtime":null}