{"stats":{"avg":5243.087060035497,"min":887.1242170929644,"max":16025.536395477,"p75":5728.05325,"p99":7086.772893,"latency":9580569.372580582},"language":"Rust","tool":"bombardier","type":"/rps","additionalInfo":null,"runtime":null}