{"stats":{"avg":57115.2550296415,"min":3410.480997830213,"max":65878.57536302537,"p75":59196.335047,"p99":64313.003223,"latency":873704.9062908259},"language":"Go","tool":"bombardier","type":"/rps","runtime":null}