{"stats":{"avg":6249.553085593948,"min":811.3122684635135,"max":7515.410891397153,"p75":7137.900732,"p99":7467.021681,"latency":8347866.172367058},"language":"Python","tool":"bombardier","type":"/rps","additionalInfo":null,"runtime":null}