{"stats":{"avg":8922.537909534345,"min":870.5263175246264,"max":11265.664949147853,"p75":9544.291082,"p99":10665.959631,"latency":5607537.864513235},"language":"Ruby","tool":"bombardier","type":"/rps","additionalInfo":null,"runtime":null}