{"stats":{"avg":58931.42485166303,"min":5660.749744045786,"max":67036.58481511004,"p75":62869.105543,"p99":66631.826169,"latency":845381.6846983468},"language":"Crystal","tool":"bombardier","type":"/rps","additionalInfo":null,"runtime":null}