{"stats":{"avg":58752.66020978285,"min":3982.0410411745447,"max":67544.06000950013,"p75":60987.552266,"p99":65628.010035,"latency":849530.805856628},"language":"Go","tool":"bombardier","type":"/rps","additionalInfo":null,"runtime":null}