{"stats":{"avg":61823.35700270495,"min":9470.30404020406,"max":217891.1842154063,"p75":66532.52523,"p99":69376.63369,"latency":809965.7431868179},"language":"Crystal","tool":"bombardier","type":"/rps","additionalInfo":null,"runtime":null}