{"stats":{"avg":52971.644801698814,"min":3724.0847420912646,"max":62322.45462217693,"p75":55255.734729,"p99":61310.289042,"latency":942209.3104021018},"language":"Go","tool":"bombardier","type":"/rps","runtime":null}