{"stats":{"avg":6966.711378885867,"min":849.751880727834,"max":17507.65280634091,"p75":7390.24122,"p99":8656.674414,"latency":7195826.122625216},"language":"Rust","tool":"bombardier","type":"/rps","additionalInfo":null,"runtime":null}