{"stats":{"avg":35283.86686289767,"min":4093.89342051953,"max":45519.8922416461,"p75":37935.849378,"p99":42820.012862,"latency":1415349.2735631403},"language":"Go","tool":"bombardier","type":"/rps","additionalInfo":null,"runtime":null}