{"stats":{"avg":6932.207722615219,"min":588.1950424083005,"max":7569.1966180027475,"p75":7307.315719,"p99":7527.650901,"latency":7569357.15826252},"language":"Python","tool":"bombardier","type":"/rps","additionalInfo":null,"runtime":null}