{"stats":{"avg":4821.927207353854,"min":704.1399631433433,"max":7438.300946603688,"p75":5348.018559,"p99":6157.663212,"latency":10370060.551981738},"language":"Rust","tool":"bombardier","type":"/rps","additionalInfo":null,"runtime":null}