{"stats":{"avg":6686.715789594526,"min":735.9664815830828,"max":9049.410308718321,"p75":7150.312111,"p99":8330.598764,"latency":7483406.737535559},"language":"Rust","tool":"bombardier","type":"/rps","additionalInfo":null,"runtime":null}