{"stats":{"avg":2980.700510020002,"min":522.7293996249539,"max":4051.134151834298,"p75":3503.823898,"p99":3973.218143,"latency":17332405.9548049},"language":"Python","tool":"bombardier","type":"/rps","additionalInfo":null,"runtime":null}