{"stats":{"avg":59854.4346760233,"min":6439.015698116725,"max":68703.27714631989,"p75":64505.540495,"p99":67524.526372,"latency":832291.1872280214},"language":"Crystal","tool":"bombardier","type":"/rps","additionalInfo":null,"runtime":null}