{"stats":{"avg":81038.68156187731,"min":5084.2649549278185,"max":85034.9737637748,"p75":83236.923479,"p99":84759.981065,"latency":615511.1304094678},"language":"Crystal","tool":"bombardier","type":"/rps","additionalInfo":null,"runtime":null}