{"stats":{"avg":8759.208452722758,"min":825.1277754363815,"max":11343.35053629741,"p75":9296.826064,"p99":10621.10032,"latency":5709765.439009345},"language":"Ruby","tool":"bombardier","type":"/rps","additionalInfo":null,"runtime":null}