{"stats":{"avg":57838.8021277043,"min":3336.229588359396,"max":68678.4272132942,"p75":59883.906268,"p99":65315.720678,"latency":862985.4592551348},"language":"Go","tool":"bombardier","type":"/rps","additionalInfo":null,"runtime":null}