{"stats":{"avg":4898.2898906621085,"min":709.7132518370022,"max":7338.688787870291,"p75":5390.271511,"p99":6398.752795,"latency":10207015.215570942},"language":"Rust","tool":"bombardier","type":"/rps","additionalInfo":null,"runtime":null}