{"stats":{"avg":82537.02116380684,"min":3244.632017394547,"max":87011.01366889133,"p75":84571.75539,"p99":86054.407503,"latency":604249.2459499335},"language":"Crystal","tool":"bombardier","type":"/rps","additionalInfo":null,"runtime":null}