{"stats":{"avg":66005.18865485777,"min":4041.1256003113094,"max":74923.23367476968,"p75":68392.322962,"p99":73666.777609,"latency":756128.8416612884},"language":"Go","tool":"bombardier","type":"/rps","additionalInfo":null,"runtime":null}