{"stats":{"avg":7831.1210465989525,"min":723.1421972973565,"max":10515.688375142367,"p75":8237.845954,"p99":9668.366426,"latency":6391937.347301636},"language":"Rust","tool":"bombardier","type":"/rps","additionalInfo":null,"runtime":null}