{"stats":{"results":[{"command":"ruby benchmarks/json/stringify/main.rb","mean":0.060767340489999995,"stddev":0.00042720868678539103,"median":0.060751336960000006,"user":0.047202,"system":0.013461793599999996,"min":0.05998962246000001,"max":0.061902757460000006,"times":[0.06015332646000001,0.060579433460000005,0.06053463246000001,0.05998962246000001,0.06022422746000001,0.06036983046000001,0.06038953046000001,0.06014962646000001,0.06055053346000001,0.06062993446000001,0.06080643846000001,0.060986441460000006,0.060952640460000006,0.06093053946000001,0.060589533460000004,0.06092043946000001,0.061160244460000006,0.060343528460000004,0.06054603346000001,0.061352147460000006,0.06086843846000001,0.06143644846000001,0.06043693046000001,0.061149143460000006,0.06115864346000001,0.06026112746000001,0.060198026460000005,0.060085524460000005,0.06075183646000001,0.06084793846000001,0.06071283646000001,0.060754936460000006,0.060700635460000006,0.06046023146000001,0.060144726460000006,0.060782937460000006,0.061067541460000006,0.06074493646000001,0.060750837460000005,0.06030442946000001,0.060245627460000006,0.06057713346000001,0.06155105146000001,0.061526951460000014,0.061180444460000004,0.060544132460000004,0.06151515046000001,0.061902757460000006,0.06096434046000001,0.06050663246000001,0.060817437460000005,0.06032052946000001,0.060180426460000006,0.06027473146000001,0.060389033460000005,0.06176495746000001,0.061114446460000006,0.060791640460000004,0.060092628460000005,0.060141328460000004,0.06065463746000001,0.06094704346000001,0.060530236460000005,0.061314549460000006,0.06096874346000001,0.06051173546000001,0.061013044460000006,0.06037783346000001,0.06067013846000001,0.06099254346000001,0.06045863446000001,0.060181629460000004,0.060334232460000005,0.060914043460000004,0.061208548460000005,0.061161947460000005,0.061506853460000004,0.061410852460000005,0.06079014146000001,0.06133775046000001,0.060940843460000005,0.06100224446000001,0.061310150460000004,0.06133375046000001,0.06123114846000001,0.06139935146000001,0.061237948460000004,0.06075893946000001,0.060497634460000005,0.060972743460000006,0.060602637460000004,0.060478135460000006,0.061158346460000006,0.06105634546000001,0.060755440460000004,0.06074154046000001,0.060700939460000006,0.06038773346000001,0.06001842646000001,0.060686438460000006],"exit_codes":[0,0,0,0,0,0,0,0,0,0,0,0,0,0,0,0,0,0,0,0,0,0,0,0,0,0,0,0,0,0,0,0,0,0,0,0,0,0,0,0,0,0,0,0,0,0,0,0,0,0,0,0,0,0,0,0,0,0,0,0,0,0,0,0,0,0,0,0,0,0,0,0,0,0,0,0,0,0,0,0,0,0,0,0,0,0,0,0,0,0,0,0,0,0,0,0,0,0,0,0]}],"latency":null},"language":"JavaScript","tool":"server","type":"/iter","version":"19.9.0 (x64-linux)","additionalInfo":null,"runtime":"node"}