{"stats":{"results":[{"command":"ruby benchmarks/json/stringify/main.rb","mean":0.040371136979999986,"stddev":0.00031607040441208336,"median":0.040320391860000006,"user":0.03575380999999999,"system":0.004610279999999999,"min":0.039841641860000006,"max":0.04147647486000001,"times":[0.04036681586000001,0.04024805386000001,0.04010013786,0.039986946860000004,0.04065953086000001,0.04136965486000001,0.040560757860000005,0.04023687286000001,0.04048292186000001,0.04050004486000001,0.040403853860000005,0.040494382860000004,0.04017603086,0.04018315186000001,0.04024604986000001,0.03986257486000001,0.04022806586000001,0.040210353860000006,0.04004024686,0.040087804860000006,0.039931563860000005,0.040396431860000005,0.04064522386,0.040011542860000006,0.04001762486,0.03999293786000001,0.040022643860000005,0.03996893386000001,0.040038452860000004,0.04030020086,0.04033839286,0.040313535860000006,0.040303256860000004,0.039938245860000006,0.04016257386000001,0.04024355586000001,0.039990243860000003,0.040194824860000006,0.04070585586000001,0.04045654186000001,0.040293077860000005,0.04013407086,0.040198621860000006,0.04021906086,0.04014775686000001,0.040924817860000004,0.04094496486000001,0.04074476986000001,0.04020268886000001,0.040303517860000006,0.04021733686000001,0.040468333860000004,0.040004199860000006,0.04081884786000001,0.04019279086000001,0.04075716386000001,0.04147647486000001,0.040656294860000004,0.040726546860000004,0.040698375860000004,0.040222996860000006,0.040473604860000005,0.040516093860000005,0.04064245886000001,0.040228627860000005,0.040075201860000007,0.040339294860000006,0.040914136860000005,0.040368603860000005,0.040327247860000005,0.040294450860000004,0.040264869860000004,0.03989725586000001,0.04004101286,0.03997680386000001,0.040576511860000004,0.040783466860000006,0.040437310860000006,0.040441478860000005,0.040456477860000006,0.04097830886000001,0.040295386860000004,0.040392347860000004,0.04044558586000001,0.04033827686000001,0.04041102286000001,0.040464812860000005,0.040251945860000006,0.040041533860000006,0.04043594886000001,0.04011020086000001,0.039841641860000006,0.040461345860000004,0.04089292086000001,0.040825524860000004,0.04074127886000001,0.04103491486000001,0.040447450860000005,0.040436629860000003,0.04044216086000001],"exit_codes":[0,0,0,0,0,0,0,0,0,0,0,0,0,0,0,0,0,0,0,0,0,0,0,0,0,0,0,0,0,0,0,0,0,0,0,0,0,0,0,0,0,0,0,0,0,0,0,0,0,0,0,0,0,0,0,0,0,0,0,0,0,0,0,0,0,0,0,0,0,0,0,0,0,0,0,0,0,0,0,0,0,0,0,0,0,0,0,0,0,0,0,0,0,0,0,0,0,0,0,0]}],"latency":null},"language":"JavaScript","tool":"server","type":"/iter","version":"1.0.25 (x64-linux)","additionalInfo":null,"runtime":"bun"}