{"stats":{"results":[{"command":"ruby benchmarks/json/stringify/main.rb","mean":0.05799258204000001,"stddev":0.0010337691238667306,"median":0.05779176566000001,"user":0.04894634,"system":0.0089093534,"min":0.05648344316000001,"max":0.06206681916000001,"times":[0.057294839160000006,0.05769394616000001,0.057432442160000007,0.057767947160000006,0.05747764216000001,0.058977968160000005,0.058515260160000006,0.058467959160000006,0.05800635216,0.057702246160000005,0.057199238160000006,0.05797665116,0.056960734160000005,0.05783704916000001,0.06206681916000001,0.057394041160000006,0.057488343160000004,0.057351040160000005,0.057090136160000006,0.05828895616000001,0.058729563160000005,0.05821095516000001,0.057417442160000005,0.05773034716000001,0.05744464216,0.057503143160000006,0.057997951160000005,0.05785115316000001,0.05757026216,0.058290373160000006,0.05765416316000001,0.05695105116000001,0.05743545916000001,0.057879767160000005,0.05809187116,0.058378975160000006,0.05952269416000001,0.06098161916000001,0.059946302160000006,0.05900188616,0.05826217316000001,0.05847027716000001,0.057948569160000005,0.058457877160000005,0.059277590160000004,0.05855047816000001,0.058277074160000004,0.058386676160000005,0.05783356716000001,0.05744616016000001,0.05764836316000001,0.05804187016000001,0.05825037316000001,0.059992602160000005,0.058379475160000006,0.057817266160000005,0.05810057116,0.05742555916000001,0.05747536016000001,0.062066138160000006,0.05785886716000001,0.05682504916000001,0.056801048160000006,0.056698947160000006,0.05725665616000001,0.05765996316000001,0.05815137116000001,0.05648344316000001,0.05728505716000001,0.05707225316,0.05686414916000001,0.058117071160000006,0.05751156116000001,0.05779776616000001,0.057247356160000006,0.057583362160000005,0.05849957716,0.05756056216000001,0.05744836016,0.05762546216000001,0.057453960160000005,0.058577878160000006,0.057807865160000006,0.05720575516,0.05668674716000001,0.056929951160000006,0.062015937160000006,0.058309874160000004,0.059385492160000004,0.05801746916000001,0.05878408216000001,0.05772416416000001,0.05778576516000001,0.05743985916000001,0.058230973160000005,0.05774996516000001,0.05698635216,0.05786346716000001,0.057695864160000006,0.05657164516],"exit_codes":[0,0,0,0,0,0,0,0,0,0,0,0,0,0,0,0,0,0,0,0,0,0,0,0,0,0,0,0,0,0,0,0,0,0,0,0,0,0,0,0,0,0,0,0,0,0,0,0,0,0,0,0,0,0,0,0,0,0,0,0,0,0,0,0,0,0,0,0,0,0,0,0,0,0,0,0,0,0,0,0,0,0,0,0,0,0,0,0,0,0,0,0,0,0,0,0,0,0,0,0]}],"latency":null},"language":"JavaScript","tool":"server","type":"/iter","version":"1.37.2 (x64-linux)","additionalInfo":null,"runtime":"deno"}