{"stats":{"results":[{"command":"ruby benchmarks/json/stringify/main.rb","mean":0.055491853150000006,"stddev":0.00036613713779618396,"median":0.05547826736000001,"user":0.04875075999999998,"system":0.006673956400000002,"min":0.054794883360000005,"max":0.056752171360000006,"times":[0.055758868360000005,0.056191270360000004,0.05577486836000001,0.055891569360000004,0.05592886836,0.055684767360000005,0.05555796836000001,0.055520967360000006,0.056028469360000006,0.055949268360000005,0.055308367360000006,0.05555576836000001,0.05561896736000001,0.05530166736000001,0.055219466360000004,0.05580796836000001,0.05582576836000001,0.05541676736000001,0.05517446736000001,0.05513016636,0.05524446636000001,0.054802966360000004,0.055000365360000004,0.05534636736,0.055803969360000004,0.05503786536000001,0.05558566736000001,0.05545006736000001,0.05500756636,0.05554226836000001,0.054844765360000006,0.05530076736,0.05494406536,0.05549616736000001,0.05547516736000001,0.05558696736,0.055720968360000005,0.055287566360000005,0.055443267360000006,0.05500466636,0.05530816736000001,0.05569916836,0.055316767360000005,0.05530136636000001,0.05588706836000001,0.05536496736,0.05494046636,0.056752171360000006,0.055208366360000004,0.05540886736,0.055538567360000006,0.05607996936,0.055465867360000004,0.055097366360000004,0.05527586636,0.055481367360000006,0.05493316536000001,0.055328167360000007,0.05554616736,0.055576668360000005,0.05571266836,0.055930469360000006,0.05584916836000001,0.05550436836000001,0.055438867360000005,0.055904868360000005,0.05506806636000001,0.05508616636000001,0.05568518236,0.05664328936000001,0.055779286360000006,0.056010886360000005,0.05556148536,0.05557248536000001,0.055361484360000005,0.05493178336000001,0.055325984360000004,0.05561138636000001,0.05520038336000001,0.055339084360000006,0.05537438436000001,0.054794883360000005,0.055887086360000005,0.05484448336000001,0.055403484360000005,0.055118984360000005,0.05598228636000001,0.056040587360000005,0.05534018436,0.055107884360000005,0.05533538436,0.05570958636000001,0.055301384360000004,0.05534978436000001,0.055679586360000005,0.055572185360000005,0.055678086360000004,0.055986786360000006,0.055569985360000004,0.055508185360000004],"exit_codes":[0,0,0,0,0,0,0,0,0,0,0,0,0,0,0,0,0,0,0,0,0,0,0,0,0,0,0,0,0,0,0,0,0,0,0,0,0,0,0,0,0,0,0,0,0,0,0,0,0,0,0,0,0,0,0,0,0,0,0,0,0,0,0,0,0,0,0,0,0,0,0,0,0,0,0,0,0,0,0,0,0,0,0,0,0,0,0,0,0,0,0,0,0,0,0,0,0,0,0,0]}],"latency":null},"language":"JavaScript","tool":"server","type":"/iter","version":"1.0.3 (x64-linux)","additionalInfo":null,"runtime":"bun"}