{"stats":{"results":[{"command":"ruby benchmarks/json/stringify/main.rb","mean":0.06125285658000001,"stddev":0.0004496500151532914,"median":0.061254987360000006,"user":0.04713928000000002,"system":0.014020079999999999,"min":0.06025686586000001,"max":0.06271781986000001,"times":[0.061399565860000005,0.061364764860000004,0.06147306686000001,0.06135506486000001,0.06094485586000001,0.06132696386000001,0.061357764860000004,0.06118146086000001,0.061595569860000005,0.06122536186000001,0.06181827486000001,0.06184707586,0.061438665860000005,0.06135646486000001,0.06161797086000001,0.06248190186000001,0.06271781986000001,0.06216070686000001,0.061026581860000005,0.060534071860000004,0.060799477860000006,0.06100058186000001,0.061386990860000004,0.061097584860000005,0.06167549686000001,0.06138809086000001,0.061143684860000005,0.06180719986000001,0.061277688860000006,0.06100638186000001,0.06138298986000001,0.061335589860000005,0.061143384860000004,0.06072447586000001,0.06098128086000001,0.06101918186000001,0.06048447086000001,0.060624673860000006,0.060981481860000006,0.06156689486000001,0.06108438386000001,0.061414490860000004,0.06160509486,0.060665473860000006,0.061684896860000005,0.06092817986000001,0.060735975860000006,0.061155484860000005,0.06142929086000001,0.06131538886000001,0.060831578860000006,0.060792477860000006,0.061153084860000005,0.060952980860000006,0.06172509786000001,0.06189460186000001,0.06114578586000001,0.061287088860000005,0.06194410186,0.06140559086000001,0.060786876860000005,0.06140138986,0.061355189860000006,0.06138208986000001,0.06110658386000001,0.06209320586,0.06179939986000001,0.06167999686,0.061613895860000004,0.061214585860000004,0.061281787860000006,0.06089927886000001,0.060751676860000006,0.061202386860000006,0.060883879860000004,0.060968380860000004,0.061303488860000005,0.06098448186000001,0.06074857586000001,0.06099148086000001,0.06134048986000001,0.06248951586000001,0.06133888986000001,0.061233686860000004,0.061508693860000005,0.06116458586000001,0.06117898586000001,0.06140749086000001,0.061202585860000006,0.06094128086000001,0.06190400186,0.06141279086000001,0.06091957986000001,0.06037266786000001,0.06029746586000001,0.06033456686000001,0.06127628786000001,0.061035482860000004,0.06101848186000001,0.06025686586000001],"exit_codes":[0,0,0,0,0,0,0,0,0,0,0,0,0,0,0,0,0,0,0,0,0,0,0,0,0,0,0,0,0,0,0,0,0,0,0,0,0,0,0,0,0,0,0,0,0,0,0,0,0,0,0,0,0,0,0,0,0,0,0,0,0,0,0,0,0,0,0,0,0,0,0,0,0,0,0,0,0,0,0,0,0,0,0,0,0,0,0,0,0,0,0,0,0,0,0,0,0,0,0,0]}],"latency":null},"language":"JavaScript","tool":"server","type":"/iter","version":"19.8.1 (x64-linux)","additionalInfo":null,"runtime":"node"}