{"stats":{"results":[{"command":"ruby benchmarks/json/stringify/main.rb","mean":0.06100788263,"stddev":0.0004336320151158305,"median":0.06095640872000001,"user":0.04747231999999997,"system":0.01344042,"min":0.060092198220000004,"max":0.06210312122,"times":[0.061367613220000006,0.06138551322000001,0.06071920522000001,0.06052100322000001,0.060092198220000004,0.060539204220000004,0.06043100222000001,0.06092580822000001,0.060723605220000004,0.060729205220000006,0.06063250422000001,0.060803007220000004,0.06090190822000001,0.06052080322000001,0.060686205220000004,0.060573804220000006,0.060924908220000004,0.06125301122000001,0.061345112220000005,0.06145791322000001,0.060831306220000006,0.060697305220000004,0.06089560722000001,0.060281000220000006,0.060378701220000004,0.06033330122,0.06083070722000001,0.061182711220000005,0.060886807220000005,0.060957309220000006,0.060295001220000005,0.060694705220000006,0.061315913220000004,0.06210312122,0.061474314220000006,0.060914508220000003,0.06149661422000001,0.06110340922000001,0.06169321622000001,0.06147681422000001,0.06113521022000001,0.06047510322000001,0.060849107220000004,0.060743706220000006,0.06039090222000001,0.060640405220000006,0.06146181422000001,0.061048510220000005,0.060955308220000004,0.06071240622000001,0.061036909220000005,0.060342102220000006,0.06101340922000001,0.06183511822000001,0.06164701622,0.06149371422000001,0.06095550822000001,0.06113581022000001,0.061236511220000005,0.06125841222000001,0.06160881622,0.06140731322000001,0.060966208220000005,0.060984008220000004,0.06105100922000001,0.06166991622000001,0.061339812220000005,0.06141301322000001,0.06183231822,0.060710405220000006,0.06032770122000001,0.060982108220000004,0.06182271822,0.06094020822000001,0.060917407220000004,0.06141941322,0.06091340822000001,0.06098930922000001,0.06153251522,0.06142271322000001,0.060987208220000005,0.06129941222000001,0.061217211220000005,0.06189801922,0.06093961122000001,0.060510608220000005,0.06056120822000001,0.06085371122000001,0.06050590822000001,0.060131904220000004,0.06063380922000001,0.06071201022000001,0.06067750922000001,0.06140041822000001,0.06085561222000001,0.06163302122,0.060982013220000006,0.060996513220000007,0.06145081822000001,0.06154852022],"exit_codes":[0,0,0,0,0,0,0,0,0,0,0,0,0,0,0,0,0,0,0,0,0,0,0,0,0,0,0,0,0,0,0,0,0,0,0,0,0,0,0,0,0,0,0,0,0,0,0,0,0,0,0,0,0,0,0,0,0,0,0,0,0,0,0,0,0,0,0,0,0,0,0,0,0,0,0,0,0,0,0,0,0,0,0,0,0,0,0,0,0,0,0,0,0,0,0,0,0,0,0,0]}],"latency":null},"language":"JavaScript","tool":"server","type":"/iter","version":"19.3.0 (x64-linux)","additionalInfo":null,"runtime":"node"}