{"stats":{"results":[{"command":"ruby benchmarks/json/stringify/main.rb","mean":0.061696889890000016,"stddev":0.0005423301894860245,"median":0.06167070754000001,"user":0.04762923000000001,"system":0.013958130000000003,"min":0.060708298040000004,"max":0.06296042804,"times":[0.061960710040000005,0.061661205040000014,0.06191440904000001,0.06188240804,0.06209691104000001,0.061770007040000005,0.06187880804000001,0.06162850504,0.06221091204000001,0.06284942004,0.061973709040000005,0.06245681504,0.06203711104000001,0.061765207040000006,0.06175510704000001,0.06153510404000001,0.061373701040000006,0.06243531504000001,0.06241771504,0.061513704040000006,0.06165720604000001,0.06177730704000001,0.062385514040000006,0.06191780904000001,0.06163780504000001,0.06173630804000001,0.061088004040000005,0.06112100404000001,0.060710999040000005,0.060792800040000004,0.060933001040000004,0.06111340304000001,0.06088490104000001,0.06098430204000001,0.06126820504000001,0.06098390204000001,0.06096290204000001,0.06074559904000001,0.060826400040000006,0.060708298040000004,0.06090050004000001,0.06201511504000001,0.06202481504,0.06163101104,0.061119104040000004,0.06105120304000001,0.06115980404000001,0.06278242504,0.06236022004000001,0.06174411204000001,0.061784613040000005,0.06211441704000001,0.06251242204,0.061949215040000005,0.06197491504000001,0.062322319040000004,0.06290272704000001,0.06296042804,0.06259202304000001,0.06212031704000001,0.06177431304,0.06145770804,0.061195604040000004,0.061324306040000005,0.061087304040000005,0.061786513040000005,0.062377820040000004,0.06219891804000001,0.06282272604000001,0.06211411604,0.06211241604000001,0.062435321040000005,0.06242352004000001,0.06141640704000001,0.06158341004000001,0.061439408040000004,0.06119630504000001,0.061236205040000005,0.06114320404000001,0.06120640504000001,0.06183661304,0.062080016040000005,0.06140920704000001,0.06139410704000001,0.061565910040000005,0.06134860704000001,0.061312207040000004,0.061095304040000006,0.06121900504000001,0.061489108040000004,0.06156420904000001,0.06168021004,0.061773012040000005,0.06226461904000001,0.06206321604000001,0.061540309040000005,0.06150530904000001,0.06173271204000001,0.06161651104,0.06149270804000001],"exit_codes":[0,0,0,0,0,0,0,0,0,0,0,0,0,0,0,0,0,0,0,0,0,0,0,0,0,0,0,0,0,0,0,0,0,0,0,0,0,0,0,0,0,0,0,0,0,0,0,0,0,0,0,0,0,0,0,0,0,0,0,0,0,0,0,0,0,0,0,0,0,0,0,0,0,0,0,0,0,0,0,0,0,0,0,0,0,0,0,0,0,0,0,0,0,0,0,0,0,0,0,0]}],"latency":null},"language":"JavaScript","tool":"server","type":"/iter","version":"0.5.7 (x64-linux)","additionalInfo":null,"runtime":"bun"}