{"stats":{"results":[{"command":"ruby benchmarks/json/stringify/main.rb","mean":0.05481708774000001,"stddev":0.0007812804904114261,"median":0.05469607582000001,"user":0.0473151,"system":0.007391542599999998,"min":0.05310901532000001,"max":0.058428585320000004,"times":[0.055008794320000005,0.055231100320000004,0.055690612320000006,0.055223399320000005,0.055622210320000004,0.05576001432,0.05537220432000001,0.05520179932000001,0.05452998232,0.05455688232000001,0.05550890732000001,0.05551590732000001,0.055426705320000005,0.05463978432,0.054617684320000005,0.054795788320000004,0.054878590320000004,0.05550620832000001,0.05556060832,0.055617910320000005,0.05580001532000001,0.05549580732000001,0.05533600332000001,0.055629710320000005,0.055318302320000005,0.05513559832000001,0.056055122320000005,0.056933445320000005,0.05488499132000001,0.055473006320000004,0.058428585320000004,0.05746465932000001,0.05653033432000001,0.054888591320000006,0.05462818432000001,0.05468268532000001,0.054819689320000003,0.05477298832000001,0.05485268932000001,0.055069895320000006,0.054788388320000006,0.05486069032,0.055688112320000004,0.055139397320000005,0.05506339532000001,0.055362504320000006,0.055246300320000004,0.054962693320000006,0.054575183320000005,0.05434997632000001,0.05445217932000001,0.05425107432000001,0.05439707832000001,0.054578783320000004,0.054817289320000004,0.054266875320000005,0.05434087732000001,0.05417567132000001,0.054541182320000006,0.05445257932000001,0.054015068320000005,0.05398746732,0.05409127032,0.05404096832000001,0.054772438320000005,0.054814968320000004,0.05456516132000001,0.054265752320000006,0.054122046320000006,0.05388744032000001,0.05390564032,0.054328953320000005,0.05478446732000001,0.05501597532000001,0.05460476232000001,0.054709466320000004,0.05435465432000001,0.05399804332000001,0.05374083432000001,0.05388964032000001,0.054279252320000006,0.054526460320000004,0.054713365320000006,0.05429895332,0.053232519320000005,0.05310901532000001,0.05400474332000001,0.05391714132000001,0.053969442320000005,0.054651763320000005,0.05455356032000001,0.05434425432000001,0.05417814932000001,0.054225650320000006,0.05442375632,0.05447325832,0.054386456320000005,0.05456856132000001,0.05445385732000001,0.05472796632000001],"exit_codes":[0,0,0,0,0,0,0,0,0,0,0,0,0,0,0,0,0,0,0,0,0,0,0,0,0,0,0,0,0,0,0,0,0,0,0,0,0,0,0,0,0,0,0,0,0,0,0,0,0,0,0,0,0,0,0,0,0,0,0,0,0,0,0,0,0,0,0,0,0,0,0,0,0,0,0,0,0,0,0,0,0,0,0,0,0,0,0,0,0,0,0,0,0,0,0,0,0,0,0,0]}],"latency":null},"language":"JavaScript","tool":"server","type":"/iter","version":"1.0.3 (x64-linux)","additionalInfo":null,"runtime":"bun"}