{"stats":{"results":[{"command":"ruby benchmarks/json/stringify/main.rb","mean":0.04278229904999998,"stddev":0.0005574692022858429,"median":0.042630590960000006,"user":0.03772531999999999,"system":0.004986178999999999,"min":0.041968096960000006,"max":0.04512109696,"times":[0.042341795960000005,0.042748948960000005,0.04297455096,0.043652004960000004,0.042897703960000005,0.042393195960000005,0.04252789296000001,0.042427720960000005,0.04213356496000001,0.042669444960000004,0.04223317696000001,0.042440294960000007,0.04279769296000001,0.04251995896000001,0.04234097396000001,0.042534936960000005,0.042642283960000006,0.042393685960000003,0.04264037996,0.04351154396,0.04359862096000001,0.04379092196000001,0.044067802960000006,0.043233710960000005,0.042659645960000006,0.04279581896,0.04254948496,0.04262229496000001,0.04237709396000001,0.042438581960000006,0.04247725596000001,0.041968096960000006,0.04249787696000001,0.042446767960000006,0.042519036960000006,0.042556267960000005,0.04266551796,0.04239693196,0.04254918496000001,0.042653304960000006,0.04216242096,0.04214487796000001,0.04244639696000001,0.04264826496000001,0.042533053960000004,0.04232032596,0.042236302960000006,0.04235058296000001,0.04257164796000001,0.042134306960000006,0.04234921096000001,0.042403083960000004,0.04235126496,0.04235684496000001,0.042589040960000005,0.04251842496,0.042267812960000005,0.04258226896,0.04243274096000001,0.042476404960000005,0.04464893996000001,0.04283344396,0.04281154896000001,0.042368306960000005,0.04348889996000001,0.04279505696000001,0.04378879696000001,0.043462799960000006,0.043287854960000004,0.044342419960000004,0.043599403960000005,0.04512109696,0.04309111596,0.04339955896000001,0.04305842396000001,0.04267219196000001,0.04292469596,0.042573641960000005,0.04287681396,0.04312763696000001,0.042375911960000005,0.042638886960000004,0.043015059960000004,0.04294713696000001,0.043899419960000005,0.043209715960000006,0.04279090596000001,0.04307684196000001,0.042346411960000004,0.04273456996,0.04256569696,0.04300822696000001,0.043054384960000004,0.04226787496000001,0.042349139960000004,0.042777342960000006,0.04271781896000001,0.043126955960000005,0.04341250396000001,0.042081194960000005],"exit_codes":[0,0,0,0,0,0,0,0,0,0,0,0,0,0,0,0,0,0,0,0,0,0,0,0,0,0,0,0,0,0,0,0,0,0,0,0,0,0,0,0,0,0,0,0,0,0,0,0,0,0,0,0,0,0,0,0,0,0,0,0,0,0,0,0,0,0,0,0,0,0,0,0,0,0,0,0,0,0,0,0,0,0,0,0,0,0,0,0,0,0,0,0,0,0,0,0,0,0,0,0]}],"latency":null},"language":"JavaScript","tool":"server","type":"/iter","version":"1.38.3 (x64-linux)","additionalInfo":null,"runtime":"deno"}