{"stats":{"results":[{"command":"ruby benchmarks/json/stringify/main.rb","mean":0.04269569987000001,"stddev":0.0009728250764577958,"median":0.04257700116,"user":0.03713046,"system":0.005528492599999999,"min":0.04112433966000001,"max":0.046863995660000005,"times":[0.04224366266000001,0.04196867966000001,0.04239195666000001,0.041915109660000005,0.04297824766,0.04208851266000001,0.04114431566000001,0.04137868966000001,0.042625430660000005,0.04214040866,0.041584405660000004,0.041387938660000005,0.04199335466,0.04181483166,0.04223104666000001,0.042231417660000006,0.04304944066000001,0.04250481666000001,0.04221646166,0.041874904660000004,0.042520335660000005,0.04332234866,0.04326648466000001,0.043527009660000004,0.04262558166000001,0.04428230466000001,0.043097758660000006,0.04236963466000001,0.042854036660000004,0.042907266660000005,0.04362484866000001,0.043103730660000006,0.04396261966000001,0.04181984366000001,0.04243386466000001,0.04287095766000001,0.042515616660000005,0.04294980466000001,0.043224445660000006,0.04283886866000001,0.042433684660000005,0.04324035466000001,0.04206614066000001,0.042150056660000004,0.043266673660000005,0.043840011660000004,0.04304309866000001,0.04360512566000001,0.04226451866000001,0.04199953866000001,0.04248281366000001,0.04192356566000001,0.04206922666000001,0.042760753660000005,0.04294183966000001,0.043312218660000006,0.041998254660000005,0.041903048660000004,0.04250916466000001,0.04217862866000001,0.042685332660000005,0.04229825266000001,0.04156044066,0.04162238666,0.042616334660000005,0.04253766766000001,0.04264435666000001,0.04267850966000001,0.04211894766,0.04112433966000001,0.04129312266000001,0.043498214660000006,0.044991972660000004,0.043243631660000004,0.042871608660000005,0.04162073166000001,0.042191433660000006,0.041805285660000004,0.04155299566000001,0.041874955660000004,0.042929917660000004,0.042866139660000004,0.04284580166000001,0.04267048466000001,0.04316935366000001,0.043679602660000004,0.04333623366000001,0.043635490660000005,0.04267611466000001,0.04362545066000001,0.04334162266000001,0.042749149660000006,0.046432493660000004,0.046863995660000005,0.045916935660000005,0.043780359660000004,0.04226736366000001,0.041804542660000006,0.04227801266,0.04200068766000001],"exit_codes":[0,0,0,0,0,0,0,0,0,0,0,0,0,0,0,0,0,0,0,0,0,0,0,0,0,0,0,0,0,0,0,0,0,0,0,0,0,0,0,0,0,0,0,0,0,0,0,0,0,0,0,0,0,0,0,0,0,0,0,0,0,0,0,0,0,0,0,0,0,0,0,0,0,0,0,0,0,0,0,0,0,0,0,0,0,0,0,0,0,0,0,0,0,0,0,0,0,0,0,0]}],"latency":null},"language":"JavaScript","tool":"server","type":"/iter","version":"1.1.3 (x64-linux)","additionalInfo":null,"runtime":"bun"}