{"stats":{"results":[{"command":"ruby benchmarks/json/stringify/main.rb","mean":0.05928555057,"stddev":0.0005429690435322627,"median":0.05919857480000001,"user":0.04807777000000001,"system":0.011128811999999997,"min":0.058463910800000005,"max":0.060752436800000004,"times":[0.05962731880000001,0.060242428800000004,0.060614933800000007,0.060752436800000004,0.05920341180000001,0.05902310880000001,0.058567801800000006,0.05897320780000001,0.05894390780000001,0.05859610180000001,0.05918611180000001,0.060044724800000004,0.06066153480000001,0.060481631800000005,0.06000692480000001,0.059638517800000006,0.05897670780000001,0.058934159800000004,0.058523312800000005,0.05877811680000001,0.05857991380000001,0.058593313800000005,0.05859751380000001,0.05854761280000001,0.058765216800000006,0.059670234800000006,0.05919432480000001,0.05883001780000001,0.05907942280000001,0.060028840800000004,0.060526450800000006,0.06005534180000001,0.059273826800000005,0.05885921880000001,0.058613113800000005,0.05848651080000001,0.058681215800000006,0.05875391680000001,0.058954920800000005,0.05915762480000001,0.058943820800000005,0.05992213980000001,0.059346227800000005,0.058601312800000006,0.05862721380000001,0.058823117800000005,0.05893521980000001,0.059517431800000006,0.06033774780000001,0.05972563480000001,0.059267725800000004,0.05955243180000001,0.058865418800000006,0.059202824800000005,0.05888431880000001,0.058862718800000005,0.05906752180000001,0.058463910800000005,0.059512531800000004,0.05972363580000001,0.059111123800000005,0.05995633980000001,0.05936802780000001,0.05942912980000001,0.059275726800000005,0.059090323800000004,0.059413129800000006,0.05918652480000001,0.059342327800000004,0.060216244800000006,0.059906238800000004,0.05971683480000001,0.05930639680000001,0.05884316480000001,0.059526674800000005,0.059424374800000006,0.059583175800000006,0.059129168800000007,0.05875926380000001,0.05945797480000001,0.05939547380000001,0.05943387380000001,0.05996268280000001,0.059355272800000004,0.059525974800000006,0.059700477800000006,0.058916466800000004,0.05899086680000001,0.058905165800000006,0.058912666800000006,0.058988166800000005,0.06005278280000001,0.05932507280000001,0.059223770800000006,0.059090768800000006,0.05903926880000001,0.05957717580000001,0.05923737080000001,0.058989167800000006,0.058682562800000004],"exit_codes":[0,0,0,0,0,0,0,0,0,0,0,0,0,0,0,0,0,0,0,0,0,0,0,0,0,0,0,0,0,0,0,0,0,0,0,0,0,0,0,0,0,0,0,0,0,0,0,0,0,0,0,0,0,0,0,0,0,0,0,0,0,0,0,0,0,0,0,0,0,0,0,0,0,0,0,0,0,0,0,0,0,0,0,0,0,0,0,0,0,0,0,0,0,0,0,0,0,0,0,0]}],"latency":null},"language":"JavaScript","tool":"server","type":"/iter","version":"1.29.1 (x64-linux)","additionalInfo":null,"runtime":"deno"}