{"benchmarks":[{"name":"console.log('hello')","group":null,"time":500,"warmup":true,"baseline":false,"async":false,"stats":{"n":33,"min":2038.2653,"max":2259.4714,"jit":[32200,7901,7400,2700,6900,2300,2300,4600,2000,2000],"p75":2221.0509,"p99":2259.4714,"avg":2185.7452151515154,"p995":2259.4714,"p999":2259.4714},"formattedName":"[bun] console.log('hello')","id":"console.log('hello')","benchmark":"console.log('hello')"},{"name":"console.log({ hello: 'object' })","group":null,"time":500,"warmup":true,"baseline":false,"async":false,"stats":{"n":33,"min":2060.0687,"max":3180.9643,"jit":[90901,11301,7100,2700,3400,2400,6300,2500,2400,13800],"p75":2282.5017,"p99":3180.9643,"avg":2277.9732121212123,"p995":3180.9643,"p999":3180.9643},"formattedName":"[bun] console.log({ hello: 'object' })","id":"console.log({ hello: 'object' })","benchmark":"console.log({ hello: 'object' })"}],"cpu":"Intel(R) Xeon(R) Platinum 8272CL CPU @ 2.60GHz","runtime":"bun 0.1.5 (x64-linux)"}