{"benchmarks":[{"name":"console.log('hello')","group":null,"time":500,"warmup":true,"baseline":false,"async":false,"stats":{"n":31,"min":2080.7112,"max":3561.579,"jit":[44202,10900,3400,4401,2600,5100,2200,2200,2100,2200],"p75":2449.3956,"p99":3561.579,"avg":2423.141638709677,"p995":3561.579,"p999":3561.579},"formattedName":"[bun] console.log('hello')","id":"console.log('hello')","benchmark":"console.log('hello')"},{"name":"console.log({ hello: 'object' })","group":null,"time":500,"warmup":true,"baseline":false,"async":false,"stats":{"n":29,"min":2374.3526,"max":4309.2082,"jit":[110804,16901,9901,3500,3900,2800,5200,2901,2800,14200],"p75":2833.9206,"p99":4309.2082,"avg":2865.510420689655,"p995":4309.2082,"p999":4309.2082},"formattedName":"[bun] console.log({ hello: 'object' })","id":"console.log({ hello: 'object' })","benchmark":"console.log({ hello: 'object' })"}],"cpu":"Intel(R) Xeon(R) CPU E5-2673 v3 @ 2.40GHz","runtime":"bun 0.1.5 (x64-linux)"}