{"benchmarks":[{"name":"console.log('hello')","group":null,"time":500,"warmup":true,"baseline":false,"async":false,"stats":{"n":30,"min":2033.4767,"max":5793.7421,"jit":[28700,7300,2900,5100,2100,1900,2200,2500,4300,2000],"p75":2265.8051,"p99":5793.7421,"avg":2452.365923333333,"p995":5793.7421,"p999":5793.7421},"formattedName":"[bun] console.log('hello')","id":"console.log('hello')","benchmark":"console.log('hello')"},{"name":"console.log({ hello: 'object' })","group":null,"time":500,"warmup":true,"baseline":false,"async":false,"stats":{"n":33,"min":2014.5568,"max":2486.8537,"jit":[94099,9800,6600,2700,2100,2300,3500,2100,4800,11400],"p75":2231.1953,"p99":2486.8537,"avg":2187.23536060606,"p995":2486.8537,"p999":2486.8537},"formattedName":"[bun] console.log({ hello: 'object' })","id":"console.log({ hello: 'object' })","benchmark":"console.log({ hello: 'object' })"}],"cpu":"Intel(R) Xeon(R) Platinum 8370C CPU @ 2.80GHz","runtime":"bun 0.1.6 (x64-linux)"}