{"benchmarks":[{"name":"console.log('hello')","group":null,"time":500,"warmup":true,"baseline":false,"async":false,"stats":{"n":34,"min":1704.9021,"max":2277.5614,"jit":[31390,7898,2999,2999,2299,2500,4498,1999,2200,2199],"p75":2232.1158,"p99":2277.5614,"avg":2148.9255470588228,"p995":2277.5614,"p999":2277.5614},"formattedName":"[bun] console.log('hello')","id":"console.log('hello')","benchmark":"console.log('hello')"},{"name":"console.log({ hello: 'object' })","group":null,"time":500,"warmup":true,"baseline":false,"async":false,"stats":{"n":32,"min":2239.5355,"max":2531.4188,"jit":[96570,10397,6798,2599,4598,2300,2400,5898,2599,9997],"p75":2380.6364,"p99":2531.4188,"avg":2347.4988468749993,"p995":2531.4188,"p999":2531.4188},"formattedName":"[bun] console.log({ hello: 'object' })","id":"console.log({ hello: 'object' })","benchmark":"console.log({ hello: 'object' })"}],"cpu":"Intel(R) Xeon(R) Platinum 8272CL CPU @ 2.60GHz","runtime":"bun 0.1.7 (x64-linux)"}