{"benchmarks":[{"name":"console.log('hello')","group":null,"time":500,"warmup":true,"baseline":false,"async":false,"stats":{"n":33,"min":1921.9347,"max":3146.5268,"jit":[31400,7900,3500,4700,2000,1900,2500,2300,4200,1900],"p75":2239.7404,"p99":3146.5268,"avg":2228.165033333333,"p995":3146.5268,"p999":3146.5268},"formattedName":"[bun] console.log('hello')","id":"console.log('hello')","benchmark":"console.log('hello')"},{"name":"console.log({ hello: 'object' })","group":null,"time":500,"warmup":true,"baseline":false,"async":false,"stats":{"n":34,"min":1900.1543,"max":2833.2211,"jit":[133402,13501,7100,2400,2400,5100,2200,2200,2500,16501],"p75":2212.3599,"p99":2833.2211,"avg":2200.2005588235293,"p995":2833.2211,"p999":2833.2211},"formattedName":"[bun] console.log({ hello: 'object' })","id":"console.log({ hello: 'object' })","benchmark":"console.log({ hello: 'object' })"}],"cpu":"Intel(R) Xeon(R) Platinum 8272CL CPU @ 2.60GHz","runtime":"bun 0.1.6 (x64-linux)"}