{"benchmarks":[{"name":"console.log('hello')","group":null,"time":500,"warmup":true,"baseline":false,"async":false,"stats":{"n":33,"min":2108.0431,"max":2871.7786,"jit":[29102,7201,3100,4601,2100,2000,1900,2600,4201,2100],"p75":2239.5926,"p99":2871.7786,"avg":2250.5119545454545,"p995":2871.7786,"p999":2871.7786},"formattedName":"[bun] console.log('hello')","id":"console.log('hello')","benchmark":"console.log('hello')"},{"name":"console.log({ hello: 'object' })","group":null,"time":500,"warmup":true,"baseline":false,"async":false,"stats":{"n":33,"min":1932.2904,"max":3212.3233,"jit":[79705,9500,6500,2400,2301,3500,2000,4400,2101,9400],"p75":2145.7258,"p99":3212.3233,"avg":2156.7803060606057,"p995":3212.3233,"p999":3212.3233},"formattedName":"[bun] console.log({ hello: 'object' })","id":"console.log({ hello: 'object' })","benchmark":"console.log({ hello: 'object' })"}],"cpu":"Intel(R) Xeon(R) Platinum 8370C CPU @ 2.80GHz","runtime":"bun 0.1.6 (x64-linux)"}