{"benchmarks":[{"name":"console.log('hello')","group":null,"time":500,"warmup":true,"baseline":false,"async":false,"stats":{"n":29,"min":2430.1172,"max":2910.3383,"jit":[45201,5300,2500,3200,2200,2100,2100,2100,2100,2100],"p75":2829.2989,"p99":2910.3383,"avg":2751.0299896551724,"p995":2910.3383,"p999":2910.3383},"formattedName":"[bun] console.log('hello')","id":"console.log('hello')","benchmark":"console.log('hello')"},{"name":"console.log({ hello: 'object' })","group":null,"time":500,"warmup":true,"baseline":false,"async":false,"stats":{"n":27,"min":2566.5262,"max":3658.273,"jit":[155800,15600,9000,3300,5500,2900,2400,2900,6700,14200],"p75":3104.2195,"p99":3658.273,"avg":3020.1508222222214,"p995":3658.273,"p999":3658.273},"formattedName":"[bun] console.log({ hello: 'object' })","id":"console.log({ hello: 'object' })","benchmark":"console.log({ hello: 'object' })"}],"cpu":"Intel(R) Xeon(R) CPU E5-2673 v4 @ 2.30GHz","runtime":"bun 0.1.5 (x64-linux)"}