{"benchmarks":[{"name":"console.log('hello')","group":null,"time":500,"warmup":true,"baseline":false,"async":false,"stats":{"n":66,"min":793.22,"max":1276.71,"jit":[57100,3500,1800,1400,1300,1400,1200,1200,1200,1400],"p75":881.95,"p99":1276.71,"avg":885.2933333333333,"p995":1276.71,"p999":1276.71},"formattedName":"[bun] console.log('hello')","id":"console.log('hello')","benchmark":"console.log('hello')"},{"name":"console.log({ hello: 'object' })","group":null,"time":500,"warmup":true,"baseline":false,"async":false,"stats":{"n":41,"min":1332.38,"max":2307.19,"jit":[90100,22500,18700,4500,15300,4700,15500,4300,2700,8800],"p75":1849.01,"p99":2307.19,"avg":1674.5824390243904,"p995":2307.19,"p999":2307.19},"formattedName":"[bun] console.log({ hello: 'object' })","id":"console.log({ hello: 'object' })","benchmark":"console.log({ hello: 'object' })"}],"cpu":"Intel(R) Core(TM) i5-9300HF CPU @ 2.40GHz","runtime":"bun 0.1.5 (x64-linux)"}