{"benchmarks":[{"name":"console.log('hello')","group":null,"time":500,"warmup":true,"baseline":false,"async":false,"stats":{"n":31,"min":2130.1075,"max":2863.6342,"jit":[47301,10500,3100,5200,2300,2200,2100,2600,4100,2200],"p75":2462.2807,"p99":2863.6342,"avg":2413.221548387097,"p995":2863.6342,"p999":2863.6342},"formattedName":"[bun] console.log('hello')","id":"console.log('hello')","benchmark":"console.log('hello')"},{"name":"console.log({ hello: 'object' })","group":null,"time":500,"warmup":true,"baseline":false,"async":false,"stats":{"n":29,"min":2471.2203,"max":3037.715,"jit":[150002,15900,9300,3700,7600,3700,4100,3300,6600,15100],"p75":2811.8231,"p99":3037.715,"avg":2741.310431034483,"p995":3037.715,"p999":3037.715},"formattedName":"[bun] console.log({ hello: 'object' })","id":"console.log({ hello: 'object' })","benchmark":"console.log({ hello: 'object' })"}],"cpu":"Intel(R) Xeon(R) CPU E5-2673 v3 @ 2.40GHz","runtime":"bun 0.1.5 (x64-linux)"}