{"benchmarks":[{"name":"console.log('hello')","group":null,"time":500,"warmup":true,"baseline":false,"async":false,"stats":{"n":32,"min":1663.0882,"max":8415.3028,"jit":[30001,7200,2700,6400,2600,2700,6501,2200,2800,2400],"p75":1922.9626,"p99":8415.3028,"avg":2186.44366875,"p995":8415.3028,"p999":8415.3028},"formattedName":"[bun] console.log('hello')","id":"console.log('hello')","benchmark":"console.log('hello')"},{"name":"console.log({ hello: 'object' })","group":null,"time":500,"warmup":true,"baseline":false,"async":false,"stats":{"n":37,"min":1709.219,"max":1971.3634,"jit":[84101,9500,6200,2500,2000,2100,5400,2600,1900,9000],"p75":1913.0424,"p99":1971.3634,"avg":1878.7086432432434,"p995":1971.3634,"p999":1971.3634},"formattedName":"[bun] console.log({ hello: 'object' })","id":"console.log({ hello: 'object' })","benchmark":"console.log({ hello: 'object' })"}],"cpu":"Intel(R) Xeon(R) Platinum 8272CL CPU @ 2.60GHz","runtime":"bun 0.1.5 (x64-linux)"}