{"benchmarks":[{"name":"console.log('hello')","group":null,"time":500,"warmup":true,"baseline":false,"async":false,"stats":{"n":29,"min":1873.4208,"max":6755.5445,"jit":[38006,8601,3200,5801,2301,2100,2700,4601,2201,2600],"p75":2360.919,"p99":6755.5445,"avg":2582.8822551724143,"p995":6755.5445,"p999":6755.5445},"formattedName":"[bun] console.log('hello')","id":"console.log('hello')","benchmark":"console.log('hello')"},{"name":"console.log({ hello: 'object' })","group":null,"time":500,"warmup":true,"baseline":false,"async":false,"stats":{"n":31,"min":2309.0075,"max":2625.5332,"jit":[714658,13401,7901,3000,2400,4500,3101,4400,3000,15002],"p75":2472.7007,"p99":2625.5332,"avg":2438.223751612902,"p995":2625.5332,"p999":2625.5332},"formattedName":"[bun] console.log({ hello: 'object' })","id":"console.log({ hello: 'object' })","benchmark":"console.log({ hello: 'object' })"}],"cpu":"Intel(R) Xeon(R) Platinum 8171M CPU @ 2.60GHz","runtime":"bun 0.1.6 (x64-linux)"}