{"benchmarks":[{"name":"console.log('hello')","group":null,"time":500,"warmup":true,"baseline":false,"async":false,"stats":{"n":34,"min":1651.4114,"max":4692.3526,"jit":[33200,7400,2900,3500,1900,2100,2300,4301,1900,1800],"p75":2132.9348,"p99":4692.3526,"avg":2189.2392999999993,"p995":4692.3526,"p999":4692.3526},"formattedName":"[bun] console.log('hello')","id":"console.log('hello')","benchmark":"console.log('hello')"},{"name":"console.log({ hello: 'object' })","group":null,"time":500,"warmup":true,"baseline":false,"async":false,"stats":{"n":33,"min":2027.6841,"max":3183.8421,"jit":[89401,11100,7100,2700,6000,2400,2500,5900,2700,10300],"p75":2267.3557,"p99":3183.8421,"avg":2239.689772727273,"p995":3183.8421,"p999":3183.8421},"formattedName":"[bun] console.log({ hello: 'object' })","id":"console.log({ hello: 'object' })","benchmark":"console.log({ hello: 'object' })"}],"cpu":"Intel(R) Xeon(R) Platinum 8272CL CPU @ 2.60GHz","runtime":"bun 0.1.5 (x64-linux)"}