{"benchmarks":[{"name":"console.log('hello')","group":null,"time":500,"warmup":true,"baseline":false,"async":false,"stats":{"n":34,"min":1607.5794,"max":2400.4342,"jit":[31900,7800,3200,3000,2100,2200,4301,1900,2400,2400],"p75":2141.1127,"p99":2400.4342,"avg":2117.0904205882357,"p995":2400.4342,"p999":2400.4342},"formattedName":"[bun] console.log('hello')","id":"console.log('hello')","benchmark":"console.log('hello')"},{"name":"console.log({ hello: 'object' })","group":null,"time":500,"warmup":true,"baseline":false,"async":false,"stats":{"n":33,"min":1948.4015,"max":2273.0534,"jit":[89301,11000,7000,2700,4500,3100,6200,2700,2400,12900],"p75":2217.0631,"p99":2273.0534,"avg":2176.510103030303,"p995":2273.0534,"p999":2273.0534},"formattedName":"[bun] console.log({ hello: 'object' })","id":"console.log({ hello: 'object' })","benchmark":"console.log({ hello: 'object' })"}],"cpu":"Intel(R) Xeon(R) Platinum 8272CL CPU @ 2.60GHz","runtime":"bun 0.1.8 (x64-linux)"}