{"benchmarks":[{"name":"console.log('hello')","group":null,"time":500,"warmup":true,"baseline":false,"async":false,"stats":{"n":31,"min":1899.8385,"max":5090.1826,"jit":[31000,7100,3299,5100,2100,2500,4600,2100,2300,4200],"p75":2271.8005,"p99":5090.1826,"avg":2326.1944612903226,"p995":5090.1826,"p999":5090.1826},"formattedName":"[bun] console.log('hello')","id":"console.log('hello')","benchmark":"console.log('hello')"},{"name":"console.log({ hello: 'object' })","group":null,"time":500,"warmup":true,"baseline":false,"async":false,"stats":{"n":32,"min":1922.5235,"max":3580.6993,"jit":[89299,20800,7200,2400,2400,3500,2100,3500,2800,12100],"p75":2229.6408,"p99":3580.6993,"avg":2318.5029125,"p995":3580.6993,"p999":3580.6993},"formattedName":"[bun] console.log({ hello: 'object' })","id":"console.log({ hello: 'object' })","benchmark":"console.log({ hello: 'object' })"}],"cpu":"Intel(R) Xeon(R) Platinum 8370C CPU @ 2.80GHz","runtime":"bun 0.1.7 (x64-linux)"}