{"benchmarks":[{"name":"console.log('hello')","group":null,"time":500,"warmup":true,"baseline":false,"async":false,"stats":{"n":32,"min":1942.2224,"max":6018.4627,"jit":[35799,7799,2900,3300,2100,2300,4300,2000,2400,4200],"p75":2157.9472,"p99":6018.4627,"avg":2253.895796875,"p995":6018.4627,"p999":6018.4627},"formattedName":"[bun] console.log('hello')","id":"console.log('hello')","benchmark":"console.log('hello')"},{"name":"console.log({ hello: 'object' })","group":null,"time":500,"warmup":true,"baseline":false,"async":false,"stats":{"n":33,"min":2011.7945,"max":2373.4388,"jit":[118297,12200,7300,2700,2200,5900,2600,2200,4600,10899],"p75":2270.6276,"p99":2373.4388,"avg":2223.9523393939394,"p995":2373.4388,"p999":2373.4388},"formattedName":"[bun] console.log({ hello: 'object' })","id":"console.log({ hello: 'object' })","benchmark":"console.log({ hello: 'object' })"}],"cpu":"Intel(R) Xeon(R) Platinum 8272CL CPU @ 2.60GHz","runtime":"bun 0.1.5 (x64-linux)"}