{"benchmarks":[{"name":"console.log('hello')","group":null,"time":500,"warmup":true,"baseline":false,"async":false,"stats":{"n":33,"min":2116.0545,"max":2260.0135,"jit":[29099,7400,2900,5000,2200,2500,4600,2100,4300,2200],"p75":2229.3337,"p99":2260.0135,"avg":2206.4578030303032,"p995":2260.0135,"p999":2260.0135},"formattedName":"[bun] console.log('hello')","id":"console.log('hello')","benchmark":"console.log('hello')"},{"name":"console.log({ hello: 'object' })","group":null,"time":500,"warmup":true,"baseline":false,"async":false,"stats":{"n":30,"min":2034.7251,"max":5648.7587,"jit":[87099,9500,6700,2400,2700,4500,2200,2100,4000,9700],"p75":2292.1133,"p99":5648.7587,"avg":2464.8629733333337,"p995":5648.7587,"p999":5648.7587},"formattedName":"[bun] console.log({ hello: 'object' })","id":"console.log({ hello: 'object' })","benchmark":"console.log({ hello: 'object' })"}],"cpu":"Intel(R) Xeon(R) Platinum 8370C CPU @ 2.80GHz","runtime":"bun 0.1.7 (x64-linux)"}