{"benchmarks":[{"name":"console.log('hello')","group":null,"time":500,"warmup":true,"baseline":false,"async":false,"stats":{"n":33,"min":1905.3254,"max":2789.8518,"jit":[32901,7900,3300,5000,2100,2000,2500,2300,4000,1900],"p75":2201.9409,"p99":2789.8518,"avg":2178.6959242424236,"p995":2789.8518,"p999":2789.8518},"formattedName":"[bun] console.log('hello')","id":"console.log('hello')","benchmark":"console.log('hello')"},{"name":"console.log({ hello: 'object' })","group":null,"time":500,"warmup":true,"baseline":false,"async":false,"stats":{"n":33,"min":1938.656,"max":2289.4626,"jit":[103702,10401,7000,2700,3000,5900,2300,2100,4600,13401],"p75":2237.3916,"p99":2289.4626,"avg":2191.9101060606067,"p995":2289.4626,"p999":2289.4626},"formattedName":"[bun] console.log({ hello: 'object' })","id":"console.log({ hello: 'object' })","benchmark":"console.log({ hello: 'object' })"}],"cpu":"Intel(R) Xeon(R) Platinum 8272CL CPU @ 2.60GHz","runtime":"bun 0.1.6 (x64-linux)"}