{"benchmarks":[{"name":"console.log('hello')","group":null,"time":500,"warmup":true,"baseline":false,"async":false,"stats":{"n":32,"min":1918.9901,"max":9279.0754,"jit":[30399,7300,3100,4700,2100,2600,2400,4500,2100,2400],"p75":5970.337,"p99":9279.0754,"avg":3917.1530218750004,"p995":9279.0754,"p999":9279.0754},"formattedName":"[bun] console.log('hello')","id":"console.log('hello')","benchmark":"console.log('hello')"},{"name":"console.log({ hello: 'object' })","group":null,"time":500,"warmup":true,"baseline":false,"async":false,"stats":{"n":21,"min":2204.1157,"max":5639.5021,"jit":[93998,11000,6200,2500,4700,2200,2200,5500,2200,13899],"p75":5598.7628,"p99":5639.5021,"avg":5045.844233333333,"p995":5639.5021,"p999":5639.5021},"formattedName":"[bun] console.log({ hello: 'object' })","id":"console.log({ hello: 'object' })","benchmark":"console.log({ hello: 'object' })"}],"cpu":"Intel(R) Xeon(R) Platinum 8370C CPU @ 2.80GHz","runtime":"bun 0.1.7 (x64-linux)"}