{"benchmarks":[{"name":"console.log('hello')","group":null,"time":500,"warmup":true,"baseline":false,"async":false,"stats":{"n":33,"min":1914.2745,"max":2775.7255,"jit":[32600,7700,2700,5101,2000,1900,2000,3900,1900,1900],"p75":2250.1388,"p99":2775.7255,"avg":2207.1470363636367,"p995":2775.7255,"p999":2775.7255},"formattedName":"[bun] console.log('hello')","id":"console.log('hello')","benchmark":"console.log('hello')"},{"name":"console.log({ hello: 'object' })","group":null,"time":500,"warmup":true,"baseline":false,"async":false,"stats":{"n":33,"min":2051.8563,"max":2817.316,"jit":[92101,11200,7001,2800,2400,6200,2500,2500,5900,9400],"p75":2295.4094,"p99":2817.316,"avg":2271.970593939394,"p995":2817.316,"p999":2817.316},"formattedName":"[bun] console.log({ hello: 'object' })","id":"console.log({ hello: 'object' })","benchmark":"console.log({ hello: 'object' })"}],"cpu":"Intel(R) Xeon(R) Platinum 8272CL CPU @ 2.60GHz","runtime":"bun 0.1.5 (x64-linux)"}