{"benchmarks":[{"name":"console.log('hello')","group":null,"time":500,"warmup":true,"baseline":false,"async":false,"stats":{"n":34,"min":1812.2317,"max":2208.3864,"jit":[38100,12501,10600,10000,10000,9900,9900,9900,9800,9801],"p75":2120.6053,"p99":2208.3864,"avg":2067.592047058824,"p995":2208.3864,"p999":2208.3864},"formattedName":"[bun] console.log('hello')","id":"console.log('hello')","benchmark":"console.log('hello')"},{"name":"console.log({ hello: 'object' })","group":null,"time":500,"warmup":true,"baseline":false,"async":false,"stats":{"n":33,"min":1873.5724,"max":6120.2631,"jit":[89801,13400,6900,2700,2500,4000,2300,6200,2300,11300],"p75":2526.8402,"p99":6120.2631,"avg":3144.139366666666,"p995":6120.2631,"p999":6120.2631},"formattedName":"[bun] console.log({ hello: 'object' })","id":"console.log({ hello: 'object' })","benchmark":"console.log({ hello: 'object' })"}],"cpu":"Intel(R) Xeon(R) Platinum 8272CL CPU @ 2.60GHz","runtime":"bun 0.1.5 (x64-linux)"}