{"benchmarks":[{"name":"console.log('hello')","group":null,"time":500,"warmup":true,"baseline":false,"async":false,"stats":{"n":33,"min":1696.8183,"max":2285.3646,"jit":[37200,8200,5200,2000,2300,4100,2400,2300,12600,2000],"p75":2236.8941,"p99":2285.3646,"avg":2187.786884848485,"p995":2285.3646,"p999":2285.3646},"formattedName":"[bun] console.log('hello')","id":"console.log('hello')","benchmark":"console.log('hello')"},{"name":"console.log({ hello: 'object' })","group":null,"time":500,"warmup":true,"baseline":false,"async":false,"stats":{"n":31,"min":1994.8014,"max":4002.0531,"jit":[134802,14100,7100,2600,4800,2300,2300,6700,2400,15301],"p75":2376.6756,"p99":4002.0531,"avg":2368.40775483871,"p995":4002.0531,"p999":4002.0531},"formattedName":"[bun] console.log({ hello: 'object' })","id":"console.log({ hello: 'object' })","benchmark":"console.log({ hello: 'object' })"}],"cpu":"Intel(R) Xeon(R) Platinum 8272CL CPU @ 2.60GHz","runtime":"bun 0.1.5 (x64-linux)"}