{"benchmarks":[{"name":"console.log('hello')","group":null,"time":500,"warmup":true,"baseline":false,"async":false,"stats":{"n":33,"min":1848.7272,"max":3178.2395,"jit":[31100,7500,3600,3200,2300,4900,2100,2400,4500,2100],"p75":2204.9405,"p99":3178.2395,"avg":2198.027981818181,"p995":3178.2395,"p999":3178.2395},"formattedName":"[bun] console.log('hello')","id":"console.log('hello')","benchmark":"console.log('hello')"},{"name":"console.log({ hello: 'object' })","group":null,"time":500,"warmup":true,"baseline":false,"async":false,"stats":{"n":33,"min":1915.5444,"max":2390.9855,"jit":[81400,10500,6700,2500,2100,3100,2300,2800,3600,8000],"p75":2266.4052,"p99":2390.9855,"avg":2238.9802272727275,"p995":2390.9855,"p999":2390.9855},"formattedName":"[bun] console.log({ hello: 'object' })","id":"console.log({ hello: 'object' })","benchmark":"console.log({ hello: 'object' })"}],"cpu":"Intel(R) Xeon(R) Platinum 8370C CPU @ 2.80GHz","runtime":"bun 0.1.5 (x64-linux)"}