{"benchmarks":[{"name":"console.log('hello')","group":null,"time":500,"warmup":true,"baseline":false,"async":false,"stats":{"n":34,"min":1953.0663,"max":2899.3294,"jit":[30400,7500,3700,5600,2200,2400,2500,4500,2200,4500],"p75":2206.2071,"p99":2899.3294,"avg":2188.989702941177,"p995":2899.3294,"p999":2899.3294},"formattedName":"[bun] console.log('hello')","id":"console.log('hello')","benchmark":"console.log('hello')"},{"name":"console.log({ hello: 'object' })","group":null,"time":500,"warmup":true,"baseline":false,"async":false,"stats":{"n":33,"min":2100.8967,"max":2382.0077,"jit":[97201,11000,6500,2800,5200,2300,2400,5800,2500,10000],"p75":2270.6573,"p99":2382.0077,"avg":2245.2506727272726,"p995":2382.0077,"p999":2382.0077},"formattedName":"[bun] console.log({ hello: 'object' })","id":"console.log({ hello: 'object' })","benchmark":"console.log({ hello: 'object' })"}],"cpu":"Intel(R) Xeon(R) Platinum 8370C CPU @ 2.80GHz","runtime":"bun 0.1.5 (x64-linux)"}