{"benchmarks":[{"name":"console.log('hello')","group":null,"time":500,"warmup":true,"baseline":false,"async":false,"stats":{"n":34,"min":1938.9702,"max":2284.3838,"jit":[32501,7900,2500,3200,2000,2700,2400,4500,1900,2000],"p75":2217.3731,"p99":2284.3838,"avg":2172.0449970588234,"p995":2284.3838,"p999":2284.3838},"formattedName":"[bun] console.log('hello')","id":"console.log('hello')","benchmark":"console.log('hello')"},{"name":"console.log({ hello: 'object' })","group":null,"time":500,"warmup":true,"baseline":false,"async":false,"stats":{"n":33,"min":1969.6605,"max":2941.2206,"jit":[101701,11800,7100,2600,2600,4100,2500,7000,2401,8700],"p75":2322.8742,"p99":2941.2206,"avg":2268.1660757575755,"p995":2941.2206,"p999":2941.2206},"formattedName":"[bun] console.log({ hello: 'object' })","id":"console.log({ hello: 'object' })","benchmark":"console.log({ hello: 'object' })"}],"cpu":"Intel(R) Xeon(R) Platinum 8272CL CPU @ 2.60GHz","runtime":"bun 0.1.5 (x64-linux)"}