{"benchmarks":[{"name":"console.log('hello')","group":null,"time":500,"warmup":true,"baseline":false,"async":false,"stats":{"n":31,"min":2296.0166,"max":2614.5404,"jit":[42100,10500,6700,2200,2500,4600,2000,2200,2500,3900],"p75":2503.1491,"p99":2614.5404,"avg":2457.8253193548394,"p995":2614.5404,"p999":2614.5404},"formattedName":"[bun] console.log('hello')","id":"console.log('hello')","benchmark":"console.log('hello')"},{"name":"console.log({ hello: 'object' })","group":null,"time":500,"warmup":true,"baseline":false,"async":false,"stats":{"n":29,"min":2311.2169,"max":3212.4774,"jit":[97801,14600,8900,3500,5200,2800,2600,6700,3000,12501],"p75":2788.6223,"p99":3212.4774,"avg":2718.5615758620693,"p995":3212.4774,"p999":3212.4774},"formattedName":"[bun] console.log({ hello: 'object' })","id":"console.log({ hello: 'object' })","benchmark":"console.log({ hello: 'object' })"}],"cpu":"Intel(R) Xeon(R) CPU E5-2673 v3 @ 2.40GHz","runtime":"bun 0.1.6 (x64-linux)"}