{"benchmarks":[{"name":"console.log('hello')","group":null,"time":500,"warmup":true,"baseline":false,"async":false,"stats":{"n":33,"min":2102.5916,"max":2275.8725,"jit":[32500,7700,2600,5000,1900,1900,2100,2400,2300,4200],"p75":2228.2323,"p99":2275.8725,"avg":2196.499966666667,"p995":2275.8725,"p999":2275.8725},"formattedName":"[bun] console.log('hello')","id":"console.log('hello')","benchmark":"console.log('hello')"},{"name":"console.log({ hello: 'object' })","group":null,"time":500,"warmup":true,"baseline":false,"async":false,"stats":{"n":32,"min":1921.1705,"max":2467.8435,"jit":[79600,10301,6800,2700,2600,5800,2500,2900,5900,7200],"p75":2331.8528,"p99":2467.8435,"avg":2289.142596875,"p995":2467.8435,"p999":2467.8435},"formattedName":"[bun] console.log({ hello: 'object' })","id":"console.log({ hello: 'object' })","benchmark":"console.log({ hello: 'object' })"}],"cpu":"Intel(R) Xeon(R) Platinum 8272CL CPU @ 2.60GHz","runtime":"bun 0.1.5 (x64-linux)"}