{"benchmarks":[{"name":"console.log('hello')","group":null,"time":500,"warmup":true,"baseline":false,"async":false,"stats":{"n":33,"min":2028.7544,"max":2402.9634,"jit":[30500,7101,2600,3200,5100,2100,2000,2500,2500,4600],"p75":2215.8439,"p99":2402.9634,"avg":2196.815284848484,"p995":2402.9634,"p999":2402.9634},"formattedName":"[bun] console.log('hello')","id":"console.log('hello')","benchmark":"console.log('hello')"},{"name":"console.log({ hello: 'object' })","group":null,"time":500,"warmup":true,"baseline":false,"async":false,"stats":{"n":32,"min":2002.2745,"max":4479.6077,"jit":[82400,9500,6300,2500,2300,2400,5500,2200,2000,11299],"p75":2303.8137,"p99":4479.6077,"avg":2308.78521875,"p995":4479.6077,"p999":4479.6077},"formattedName":"[bun] console.log({ hello: 'object' })","id":"console.log({ hello: 'object' })","benchmark":"console.log({ hello: 'object' })"}],"cpu":"Intel(R) Xeon(R) Platinum 8370C CPU @ 2.80GHz","runtime":"bun 0.1.5 (x64-linux)"}