{"benchmarks":[{"name":"console.log('hello')","group":null,"time":500,"warmup":true,"baseline":false,"async":false,"stats":{"n":37,"min":1706.4179,"max":3624.378,"jit":[29900,6700,2300,4400,1700,1600,1600,1800,3500,1700],"p75":1961.8706,"p99":3624.378,"avg":1955.3348243243247,"p995":3624.378,"p999":3624.378},"formattedName":"[bun] console.log('hello')","id":"console.log('hello')","benchmark":"console.log('hello')"},{"name":"console.log({ hello: 'object' })","group":null,"time":500,"warmup":true,"baseline":false,"async":false,"stats":{"n":36,"min":1779.9987,"max":2144.0725,"jit":[78401,10400,6300,2300,2200,5300,2100,1900,5101,7200],"p75":2027.1713,"p99":2144.0725,"avg":1994.4334138888892,"p995":2144.0725,"p999":2144.0725},"formattedName":"[bun] console.log({ hello: 'object' })","id":"console.log({ hello: 'object' })","benchmark":"console.log({ hello: 'object' })"}],"cpu":"Intel(R) Xeon(R) Platinum 8272CL CPU @ 2.60GHz","runtime":"bun 0.1.5 (x64-linux)"}