{"benchmarks":[{"name":"console.log('hello')","group":null,"time":500,"warmup":true,"baseline":false,"async":false,"stats":{"n":33,"min":1703.3456,"max":6523.0779,"jit":[30000,7000,6700,2200,2100,4200,1700,1600,2100,2200],"p75":1932.039,"p99":6523.0779,"avg":2134.0892909090912,"p995":6523.0779,"p999":6523.0779},"formattedName":"[bun] console.log('hello')","id":"console.log('hello')","benchmark":"console.log('hello')"},{"name":"console.log({ hello: 'object' })","group":null,"time":500,"warmup":true,"baseline":false,"async":false,"stats":{"n":35,"min":1745.7562,"max":2975.9246,"jit":[94801,11500,6600,2500,2300,3200,2000,2200,5600,8500],"p75":2082.7813,"p99":2975.9246,"avg":2056.736574285714,"p995":2975.9246,"p999":2975.9246},"formattedName":"[bun] console.log({ hello: 'object' })","id":"console.log({ hello: 'object' })","benchmark":"console.log({ hello: 'object' })"}],"cpu":"Intel(R) Xeon(R) Platinum 8272CL CPU @ 2.60GHz","runtime":"bun 0.1.5 (x64-linux)"}