{"benchmarks":[{"name":"console.log('hello')","group":null,"time":500,"warmup":true,"baseline":false,"async":false,"stats":{"n":34,"min":1834.4777,"max":3052.3595,"jit":[31401,7800,2400,4600,1900,1800,1800,2200,2300,3800],"p75":2129.7906,"p99":3052.3595,"avg":2129.7023176470584,"p995":3052.3595,"p999":3052.3595},"formattedName":"[bun] console.log('hello')","id":"console.log('hello')","benchmark":"console.log('hello')"},{"name":"console.log({ hello: 'object' })","group":null,"time":500,"warmup":true,"baseline":false,"async":false,"stats":{"n":34,"min":1928.4787,"max":2257.4218,"jit":[92201,11700,6800,2600,2200,2900,2100,2300,6001,12100],"p75":2168.5209,"p99":2257.4218,"avg":2117.727794117647,"p995":2257.4218,"p999":2257.4218},"formattedName":"[bun] console.log({ hello: 'object' })","id":"console.log({ hello: 'object' })","benchmark":"console.log({ hello: 'object' })"}],"cpu":"Intel(R) Xeon(R) Platinum 8272CL CPU @ 2.60GHz","runtime":"bun 0.1.6 (x64-linux)"}