{"benchmarks":[{"name":"console.log('hello')","group":null,"time":500,"warmup":true,"baseline":false,"async":false,"stats":{"n":30,"min":2000.9748,"max":5193.4737,"jit":[27503,6501,2000,2000,4100,1501,1500,1500,1800,2000],"p75":2342.2246,"p99":5193.4737,"avg":2422.3439200000003,"p995":5193.4737,"p999":5193.4737},"formattedName":"[bun] console.log('hello')","id":"console.log('hello')","benchmark":"console.log('hello')"},{"name":"console.log({ hello: 'object' })","group":null,"time":500,"warmup":true,"baseline":false,"async":false,"stats":{"n":31,"min":1899.576,"max":4298.6955,"jit":[101109,11901,7800,3201,2800,3400,2601,3100,6601,12901],"p75":2583.9357,"p99":4298.6955,"avg":2625.0170290322585,"p995":4298.6955,"p999":4298.6955},"formattedName":"[bun] console.log({ hello: 'object' })","id":"console.log({ hello: 'object' })","benchmark":"console.log({ hello: 'object' })"}],"cpu":"Intel(R) Xeon(R) Platinum 8171M CPU @ 2.60GHz","runtime":"bun 0.1.8 (x64-linux)"}