{"benchmarks":[{"name":"console.log('hello')","group":null,"time":500,"warmup":true,"baseline":false,"async":false,"stats":{"n":33,"min":1953.4196,"max":2513.2023,"jit":[29201,7200,2900,5000,2200,2400,2600,4400,2300,2300],"p75":2286.4212,"p99":2513.2023,"avg":2258.8286909090903,"p995":2513.2023,"p999":2513.2023},"formattedName":"[bun] console.log('hello')","id":"console.log('hello')","benchmark":"console.log('hello')"},{"name":"console.log({ hello: 'object' })","group":null,"time":500,"warmup":true,"baseline":false,"async":false,"stats":{"n":34,"min":1994.5298,"max":2310.7413,"jit":[76701,9000,6300,2400,2600,5600,2200,2000,4400,8300],"p75":2195.3408,"p99":2310.7413,"avg":2166.2544852941173,"p995":2310.7413,"p999":2310.7413},"formattedName":"[bun] console.log({ hello: 'object' })","id":"console.log({ hello: 'object' })","benchmark":"console.log({ hello: 'object' })"}],"cpu":"Intel(R) Xeon(R) Platinum 8370C CPU @ 2.80GHz","runtime":"bun 0.1.8 (x64-linux)"}