{"benchmarks":[{"name":"console.log('hello')","group":null,"time":500,"warmup":true,"baseline":false,"async":false,"stats":{"n":23,"min":3954.3414,"max":5635.9691,"jit":[45300,31800,90901,35401,37000,22400,93601,30701,19200,27100],"p75":4067.7326,"p99":5635.9691,"avg":4096.152513043478,"p995":5635.9691,"p999":5635.9691},"formattedName":"[node] console.log('hello')","id":"console.log('hello')","benchmark":"console.log('hello')"},{"name":"console.log({ hello: 'object' })","group":null,"time":500,"warmup":true,"baseline":false,"async":false,"stats":{"n":18,"min":6121.7042,"max":6690.8602,"jit":[1474315,152302,33600,22701,24000,19500,18700,18600,21401,24800],"p75":6225.0052,"p99":6690.8602,"avg":6217.7096388888895,"p995":6690.8602,"p999":6690.8602},"formattedName":"[node] console.log({ hello: 'object' })","id":"console.log({ hello: 'object' })","benchmark":"console.log({ hello: 'object' })"}],"cpu":"Intel(R) Xeon(R) Platinum 8272CL CPU @ 2.60GHz","runtime":"node v18.7.0 (x64-linux)"}