{"benchmarks":[{"name":"console.log('hello')","group":null,"time":500,"warmup":true,"baseline":false,"async":false,"stats":{"n":25,"min":2801.4054,"max":5073.3179,"jit":[74200,26300,90701,35200,36700,22500,88701,32900,32000,29401],"p75":3593.4598,"p99":5073.3179,"avg":3521.1493719999994,"p995":5073.3179,"p999":5073.3179},"formattedName":"[node] console.log('hello')","id":"console.log('hello')","benchmark":"console.log('hello')"},{"name":"console.log({ hello: 'object' })","group":null,"time":500,"warmup":true,"baseline":false,"async":false,"stats":{"n":19,"min":5934.1027,"max":6596.2863,"jit":[1386208,159201,34900,23000,24000,19800,18700,18600,20901,23300],"p75":6072.7446,"p99":6596.2863,"avg":6055.333110526314,"p995":6596.2863,"p999":6596.2863},"formattedName":"[node] console.log({ hello: 'object' })","id":"console.log({ hello: 'object' })","benchmark":"console.log({ hello: 'object' })"}],"cpu":"Intel(R) Xeon(R) Platinum 8272CL CPU @ 2.60GHz","runtime":"node v18.7.0 (x64-linux)"}