{"benchmarks":[{"name":"console.log('hello')","group":null,"time":500,"warmup":true,"baseline":false,"async":false,"stats":{"n":24,"min":3573.3036,"max":5182.5978,"jit":[77601,26701,89701,39501,41200,22301,89801,30800,22101,27600],"p75":3744.3262,"p99":5182.5978,"avg":3763.1389625000006,"p995":5182.5978,"p999":5182.5978},"formattedName":"[node] console.log('hello')","id":"console.log('hello')","benchmark":"console.log('hello')"},{"name":"console.log({ hello: 'object' })","group":null,"time":500,"warmup":true,"baseline":false,"async":false,"stats":{"n":19,"min":6043.0306,"max":6473.1071,"jit":[1463822,146702,33801,22300,26901,19100,18700,18401,20500,24200],"p75":6156.1424,"p99":6473.1071,"avg":6142.947942105263,"p995":6473.1071,"p999":6473.1071},"formattedName":"[node] console.log({ hello: 'object' })","id":"console.log({ hello: 'object' })","benchmark":"console.log({ hello: 'object' })"}],"cpu":"Intel(R) Xeon(R) Platinum 8272CL CPU @ 2.60GHz","runtime":"node v18.7.0 (x64-linux)"}