{"benchmarks":[{"name":"console.log('hello')","group":null,"time":500,"warmup":true,"baseline":false,"async":false,"stats":{"n":24,"min":2865.0287,"max":3946.6669,"jit":[44901,28100,91602,34400,37701,22200,92202,33501,19200,27200],"p75":3695.1428,"p99":3946.6669,"avg":3536.560016666666,"p995":3946.6669,"p999":3946.6669},"formattedName":"[node] console.log('hello')","id":"console.log('hello')","benchmark":"console.log('hello')"},{"name":"console.log({ hello: 'object' })","group":null,"time":500,"warmup":true,"baseline":false,"async":false,"stats":{"n":19,"min":5897.7848,"max":6667.6332,"jit":[1480425,149803,34401,39500,25901,19600,18700,18501,20800,23600],"p75":6169.0447,"p99":6667.6332,"avg":6128.1141157894735,"p995":6667.6332,"p999":6667.6332},"formattedName":"[node] console.log({ hello: 'object' })","id":"console.log({ hello: 'object' })","benchmark":"console.log({ hello: 'object' })"}],"cpu":"Intel(R) Xeon(R) Platinum 8272CL CPU @ 2.60GHz","runtime":"node v18.7.0 (x64-linux)"}