{"benchmarks":[{"name":"console.log('hello')","group":null,"time":500,"warmup":true,"baseline":false,"async":false,"stats":{"n":32,"min":2047.4245,"max":2919.6565,"jit":[38100,3800,2100,1800,1700,2000,1800,2900,5400,1800],"p75":2462.8754,"p99":2919.6565,"avg":2403.439684375,"p995":2919.6565,"p999":2919.6565}},{"name":"console.log({ hello: 'object' })","group":null,"time":500,"warmup":true,"baseline":false,"async":false,"stats":{"n":30,"min":2135.9947,"max":3071.2868,"jit":[90200,12300,4400,6900,2700,2400,6000,2400,2700,12300],"p75":2757.5261,"p99":3071.2868,"avg":2651.0335199999995,"p995":3071.2868,"p999":3071.2868}}],"cpu":"Intel(R) Xeon(R) CPU E5-2673 v4 @ 2.30GHz","runtime":"bun 0.1.5 (x64-linux)"}