{"benchmarks":[{"name":"console.log('hello')","group":null,"time":500,"warmup":true,"baseline":false,"async":false,"stats":{"n":29,"min":2064.727,"max":9147.9228,"jit":[31000,7500,3000,3300,3200,2700,2600,2900,2500,4800],"p75":2385.1751,"p99":9147.9228,"avg":2567.389789655172,"p995":9147.9228,"p999":9147.9228},"formattedName":"[bun] console.log('hello')","id":"console.log('hello')","benchmark":"console.log('hello')"},{"name":"console.log({ hello: 'object' })","group":null,"time":500,"warmup":true,"baseline":false,"async":false,"stats":{"n":32,"min":2065.407,"max":2482.9045,"jit":[86099,10100,6500,2500,2200,3200,2300,3600,2200,10300],"p75":2351.7953,"p99":2482.9045,"avg":2305.80749375,"p995":2482.9045,"p999":2482.9045},"formattedName":"[bun] console.log({ hello: 'object' })","id":"console.log({ hello: 'object' })","benchmark":"console.log({ hello: 'object' })"}],"cpu":"Intel(R) Xeon(R) Platinum 8370C CPU @ 2.80GHz","runtime":"bun 0.1.5 (x64-linux)"}