{"benchmarks":[{"name":"console.log('hello')","group":null,"time":500,"warmup":true,"baseline":false,"async":false,"stats":{"n":30,"min":1897.583,"max":9257.7147,"jit":[27100,7100,5700,2200,2200,2800,4200,2900,3300,2700],"p75":2168.6934,"p99":9257.7147,"avg":2408.718496666667,"p995":9257.7147,"p999":9257.7147}},{"name":"console.log({ hello: 'object' })","group":null,"time":500,"warmup":true,"baseline":false,"async":false,"stats":{"n":33,"min":2067.6232,"max":2353.0338,"jit":[80100,9400,6600,2500,2800,4900,2200,2200,2300,10400],"p75":2255.4936,"p99":2353.0338,"avg":2216.545036363636,"p995":2353.0338,"p999":2353.0338}}],"cpu":"Intel(R) Xeon(R) Platinum 8370C CPU @ 2.80GHz","runtime":"bun 0.1.5 (x64-linux)"}