{"benchmarks":[{"name":"console.log('hello')","group":null,"time":500,"warmup":true,"baseline":false,"async":false,"stats":{"n":31,"min":2035.2063,"max":6384.7756,"jit":[52699,12100,10300,9800,9700,9599,9800,9700,9700,9600],"p75":2326.4829,"p99":6384.7756,"avg":2454.3639709677414,"p995":6384.7756,"p999":6384.7756}},{"name":"console.log({ hello: 'object' })","group":null,"time":500,"warmup":true,"baseline":false,"async":false,"stats":{"n":33,"min":1897.8579,"max":2393.1921,"jit":[108399,11499,6600,2700,2800,3500,2400,2600,6400,10200],"p75":2269.7535,"p99":2393.1921,"avg":2197.288024242424,"p995":2393.1921,"p999":2393.1921}}],"cpu":"Intel(R) Xeon(R) Platinum 8370C CPU @ 2.80GHz","runtime":"bun 0.1.5 (x64-linux)"}