{"benchmarks":[{"name":"console.log('hello')","group":null,"time":500,"warmup":true,"baseline":false,"async":false,"stats":{"n":66,"min":815.2,"max":1259.71,"jit":[44200,19900,2000,1200,1300,1000,3800,900,1000,900],"p75":928.67,"p99":1259.71,"avg":916.9660606060602,"p995":1259.71,"p999":1259.71}},{"name":"console.log({ hello: 'object' })","group":null,"time":500,"warmup":true,"baseline":false,"async":false,"stats":{"n":35,"min":1331.03,"max":4084.35,"jit":[526100,29500,5000,1500,1400,1200,1400,1200,1200,8800],"p75":2420.97,"p99":4084.35,"avg":1860.7874285714283,"p995":4084.35,"p999":4084.35}}],"cpu":"Intel(R) Core(TM) i5-9300HF CPU @ 2.40GHz","runtime":"bun 0.1.5 (x64-linux)"}