{"benchmarks":[{"name":"console.log('hello')","group":null,"time":500,"warmup":true,"baseline":false,"async":false,"stats":{"n":31,"min":2044.7838,"max":6987.8528,"jit":[51000,12100,11000,9500,9401,9400,9500,9500,9500,9600],"p75":2202.0541,"p99":6987.8528,"avg":2326.7787806451615,"p995":6987.8528,"p999":6987.8528}},{"name":"console.log({ hello: 'object' })","group":null,"time":500,"warmup":true,"baseline":false,"async":false,"stats":{"n":33,"min":2008.2943,"max":2917.4954,"jit":[85201,9900,6700,2600,2400,3100,2200,2300,6000,9600],"p75":2249.4648,"p99":2917.4954,"avg":2214.355296969697,"p995":2917.4954,"p999":2917.4954}}],"cpu":"Intel(R) Xeon(R) Platinum 8370C CPU @ 2.80GHz","runtime":"bun 0.1.5 (x64-linux)"}