{"benchmarks":[{"name":"console.log('hello')","group":null,"time":500,"warmup":true,"baseline":false,"async":false,"stats":{"n":34,"min":2005.7319,"max":2974.882,"jit":[41001,12900,11001,9900,9900,9900,10000,9801,10000,9900],"p75":2148.2348,"p99":2974.882,"avg":2149.0577647058826,"p995":2974.882,"p999":2974.882}},{"name":"console.log({ hello: 'object' })","group":null,"time":500,"warmup":true,"baseline":false,"async":false,"stats":{"n":32,"min":1994.8287,"max":3176.2962,"jit":[84001,11800,8200,7200,6900,6801,6900,6800,6800,13900],"p75":2255.2871,"p99":3176.2962,"avg":2243.1242125000003,"p995":3176.2962,"p999":3176.2962}}],"cpu":"Intel(R) Xeon(R) Platinum 8272CL CPU @ 2.60GHz","runtime":"bun 0.1.5 (x64-linux)"}