{"benchmarks":[{"name":"console.log('hello')","group":null,"time":500,"warmup":true,"baseline":false,"async":false,"stats":{"n":33,"min":1848.847,"max":5097.2646,"jit":[32501,7901,3200,4900,1900,1800,2600,4100,1900,2301],"p75":2139.3675,"p99":5097.2646,"avg":2261.047621212121,"p995":5097.2646,"p999":5097.2646}},{"name":"console.log({ hello: 'object' })","group":null,"time":500,"warmup":true,"baseline":false,"async":false,"stats":{"n":32,"min":2097.786,"max":2432.4481,"jit":[93103,12201,7100,2700,3400,5701,2800,2200,2800,13000],"p75":2336.6246,"p99":2432.4481,"avg":2299.4208812500005,"p995":2432.4481,"p999":2432.4481}}],"cpu":"Intel(R) Xeon(R) Platinum 8272CL CPU @ 2.60GHz","runtime":"bun 0.1.5 (x64-linux)"}