{"benchmarks":[{"name":"console.log('hello')","group":null,"time":500,"warmup":true,"baseline":false,"async":false,"stats":{"n":33,"min":1997.5296,"max":2454.6818,"jit":[32100,7200,3000,4800,2200,2000,2500,4600,2100,2300],"p75":2317.4111,"p99":2454.6818,"avg":2241.0283060606066,"p995":2454.6818,"p999":2454.6818}},{"name":"console.log({ hello: 'object' })","group":null,"time":500,"warmup":true,"baseline":false,"async":false,"stats":{"n":32,"min":2133.6302,"max":2952.1741,"jit":[99301,12000,6600,2500,2400,3400,2200,2200,3600,10300],"p75":2303.9311,"p99":2952.1741,"avg":2295.555990625,"p995":2952.1741,"p999":2952.1741}}],"cpu":"Intel(R) Xeon(R) Platinum 8370C CPU @ 2.80GHz","runtime":"bun 0.1.5 (x64-linux)"}