{"benchmarks":[{"name":"console.log('hello')","group":null,"time":500,"warmup":true,"baseline":false,"async":false,"stats":{"n":33,"min":2110.1924,"max":2521.5209,"jit":[30200,7500,3200,3300,2800,2600,4700,2800,2500,4500],"p75":2244.7319,"p99":2521.5209,"avg":2220.719245454545,"p995":2521.5209,"p999":2521.5209}},{"name":"console.log({ hello: 'object' })","group":null,"time":500,"warmup":true,"baseline":false,"async":false,"stats":{"n":31,"min":2028.1527,"max":5247.441,"jit":[82899,9500,6500,2600,2900,3100,2900,3800,2400,10300],"p75":2281.1117,"p99":5247.441,"avg":2343.27959032258,"p995":5247.441,"p999":5247.441}}],"cpu":"Intel(R) Xeon(R) Platinum 8370C CPU @ 2.80GHz","runtime":"bun 0.1.5 (x64-linux)"}