{"benchmarks":[{"name":"console.log('hello')","group":null,"time":500,"warmup":true,"baseline":false,"async":false,"stats":{"n":33,"min":1824.0826,"max":3358.2378,"jit":[37400,11699,412896,10300,9600,9500,9600,9400,9400,9400],"p75":2201.269,"p99":3358.2378,"avg":2205.196163636364,"p995":3358.2378,"p999":3358.2378}},{"name":"console.log({ hello: 'object' })","group":null,"time":500,"warmup":true,"baseline":false,"async":false,"stats":{"n":33,"min":2045.3004,"max":2742.3337,"jit":[75400,9800,6600,2300,2200,3000,2100,2400,6000,7100],"p75":2271.2882,"p99":2742.3337,"avg":2252.7693424242425,"p995":2742.3337,"p999":2742.3337}}],"cpu":"Intel(R) Xeon(R) Platinum 8370C CPU @ 2.80GHz","runtime":"bun 0.1.5 (x64-linux)"}