{"benchmarks":[{"name":"console.log('hello')","group":null,"time":500,"warmup":true,"baseline":false,"async":false,"stats":{"n":31,"min":1923.1242,"max":6338.6499,"jit":[33700,8100,2700,3000,2000,2401,4100,2100,2000,3900],"p75":2138.107,"p99":6338.6499,"avg":2329.2964580645157,"p995":6338.6499,"p999":6338.6499}},{"name":"console.log({ hello: 'object' })","group":null,"time":500,"warmup":true,"baseline":false,"async":false,"stats":{"n":34,"min":1956.5946,"max":2263.0385,"jit":[90901,10501,7100,2600,3000,5900,2400,2200,4500,8900],"p75":2207.2477,"p99":2263.0385,"avg":2168.5394617647053,"p995":2263.0385,"p999":2263.0385}}],"cpu":"Intel(R) Xeon(R) Platinum 8272CL CPU @ 2.60GHz","runtime":"bun 0.1.5 (x64-linux)"}