{"benchmarks":[{"name":"console.log('hello')","group":null,"time":500,"warmup":true,"baseline":false,"async":false,"stats":{"n":33,"min":1961.8578,"max":2415.0419,"jit":[39100,8400,3800,3100,2700,3401,2100,2200,2400,5300],"p75":2271.3405,"p99":2415.0419,"avg":2214.1300575757573,"p995":2415.0419,"p999":2415.0419}},{"name":"console.log({ hello: 'object' })","group":null,"time":500,"warmup":true,"baseline":false,"async":false,"stats":{"n":32,"min":1970.9378,"max":2743.7149,"jit":[113201,12900,6800,2500,2800,5100,2400,2600,2400,13400],"p75":2322.191,"p99":2743.7149,"avg":2295.627362500001,"p995":2743.7149,"p999":2743.7149}}],"cpu":"Intel(R) Xeon(R) Platinum 8370C CPU @ 2.80GHz","runtime":"bun 0.1.5 (x64-linux)"}