{"benchmarks":[{"name":"console.log('hello')","group":null,"time":500,"warmup":true,"baseline":false,"async":false,"stats":{"n":30,"min":1830.2236,"max":6881.6509,"jit":[30800,7200,2100,2000,4200,1700,1700,1600,1600,2100],"p75":2311.8771,"p99":6881.6509,"avg":2452.8494966666663,"p995":6881.6509,"p999":6881.6509}},{"name":"console.log({ hello: 'object' })","group":null,"time":500,"warmup":true,"baseline":false,"async":false,"stats":{"n":37,"min":1743.3029,"max":2415.4679,"jit":[109600,11300,6500,2400,4500,2300,2200,4000,2400,15900],"p75":2306.137,"p99":2415.4679,"avg":2030.3204378378384,"p995":2415.4679,"p999":2415.4679}}],"cpu":"Intel(R) Xeon(R) Platinum 8272CL CPU @ 2.60GHz","runtime":"bun 0.1.5 (x64-linux)"}