{"benchmarks":[{"name":"console.log('hello')","group":null,"time":500,"warmup":true,"baseline":false,"async":false,"stats":{"n":33,"min":2047.1498,"max":2365.7298,"jit":[30900,7500,2900,5000,2100,2200,2500,4800,2100,2600],"p75":2246.4298,"p99":2365.7298,"avg":2205.3655454545456,"p995":2365.7298,"p999":2365.7298}},{"name":"console.log({ hello: 'object' })","group":null,"time":500,"warmup":true,"baseline":false,"async":false,"stats":{"n":33,"min":2015.2498,"max":2530.9698,"jit":[89400,10400,6600,2400,2400,3500,2500,5400,2200,10600],"p75":2305.0198,"p99":2530.9698,"avg":2239.508509090909,"p995":2530.9698,"p999":2530.9698}}],"cpu":"Intel(R) Xeon(R) Platinum 8370C CPU @ 2.80GHz","runtime":"bun 0.1.5 (x64-linux)"}