{"benchmarks":[{"name":"console.log('hello')","group":null,"time":500,"warmup":true,"baseline":false,"async":false,"stats":{"n":30,"min":2012.8603,"max":6103.7812,"jit":[31000,7400,2700,5300,2200,2100,2300,2600,2900,2400],"p75":2311.2218,"p99":6103.7812,"avg":2474.3213233333327,"p995":6103.7812,"p999":6103.7812}},{"name":"console.log({ hello: 'object' })","group":null,"time":500,"warmup":true,"baseline":false,"async":false,"stats":{"n":32,"min":2017.1004,"max":2551.043,"jit":[85500,10500,6700,2600,2800,4601,2100,2100,4500,9600],"p75":2376.9322,"p99":2551.043,"avg":2311.945571875,"p995":2551.043,"p999":2551.043}}],"cpu":"Intel(R) Xeon(R) Platinum 8370C CPU @ 2.80GHz","runtime":"bun 0.1.5 (x64-linux)"}