{"benchmarks":[{"name":"console.log('hello')","group":null,"time":500,"warmup":true,"baseline":false,"async":false,"stats":{"n":31,"min":2104.1464,"max":5215.7995,"jit":[38801,9000,2700,2700,5300,2200,2201,2100,2400,4400],"p75":2385.9466,"p99":5215.7995,"avg":2431.8018870967744,"p995":5215.7995,"p999":5215.7995},"formattedName":"[bun] console.log('hello')","id":"console.log('hello')","benchmark":"console.log('hello')"},{"name":"console.log({ hello: 'object' })","group":null,"time":500,"warmup":true,"baseline":false,"async":false,"stats":{"n":30,"min":2451.489,"max":2721.2988,"jit":[124905,14301,8100,3000,2601,5100,2700,2900,2700,15501],"p75":2639.6059,"p99":2721.2988,"avg":2587.9153433333336,"p995":2721.2988,"p999":2721.2988},"formattedName":"[bun] console.log({ hello: 'object' })","id":"console.log({ hello: 'object' })","benchmark":"console.log({ hello: 'object' })"}],"cpu":"Intel(R) Xeon(R) Platinum 8171M CPU @ 2.60GHz","runtime":"bun 0.1.5 (x64-linux)"}