{"benchmarks":[{"name":"console.log('hello')","group":null,"time":500,"warmup":true,"baseline":false,"async":false,"stats":{"n":30,"min":1964.3185,"max":10060.4221,"jit":[45004,9001,8201,2700,2601,7600,2500,3201,7300,2701],"p75":2255.0215,"p99":10060.4221,"avg":2444.1367133333333,"p995":10060.4221,"p999":10060.4221},"formattedName":"[bun] console.log('hello')","id":"console.log('hello')","benchmark":"console.log('hello')"},{"name":"console.log({ hello: 'object' })","group":null,"time":500,"warmup":true,"baseline":false,"async":false,"stats":{"n":32,"min":2067.6247,"max":2575.5801,"jit":[106910,12601,8100,3200,3000,6701,2800,2900,3101,15101],"p75":2472.6109,"p99":2575.5801,"avg":2376.502675,"p995":2575.5801,"p999":2575.5801},"formattedName":"[bun] console.log({ hello: 'object' })","id":"console.log({ hello: 'object' })","benchmark":"console.log({ hello: 'object' })"}],"cpu":"Intel(R) Xeon(R) Platinum 8171M CPU @ 2.60GHz","runtime":"bun 0.1.5 (x64-linux)"}