{"benchmarks":[{"name":"console.log('hello')","group":null,"time":500,"warmup":true,"baseline":false,"async":false,"stats":{"n":31,"min":1839.9338,"max":8475.5978,"jit":[44301,12800,10801,10400,10300,10001,10200,10200,10000,10000],"p75":2157.3331,"p99":8475.5978,"avg":2313.8524903225807,"p995":8475.5978,"p999":8475.5978}},{"name":"console.log({ hello: 'object' })","group":null,"time":500,"warmup":true,"baseline":false,"async":false,"stats":{"n":33,"min":1858.1344,"max":2810.0922,"jit":[93903,11500,7101,2900,2400,3200,2500,3800,2200,9500],"p75":2276.7766,"p99":2810.0922,"avg":2232.8743787878784,"p995":2810.0922,"p999":2810.0922}}],"cpu":"Intel(R) Xeon(R) Platinum 8272CL CPU @ 2.60GHz","runtime":"bun 0.1.5 (x64-linux)"}