{"benchmarks":[{"name":"console.log('hello')","group":null,"time":500,"warmup":true,"baseline":false,"async":false,"stats":{"n":64,"min":821.85,"max":1346.06,"jit":[40400,3300,1300,1000,800,1000,900,900,800,900],"p75":954.67,"p99":1346.06,"avg":922.6559375000002,"p995":1346.06,"p999":1346.06}},{"name":"console.log({ hello: 'object' })","group":null,"time":500,"warmup":true,"baseline":false,"async":false,"stats":{"n":43,"min":1357.49,"max":3740,"jit":[130300,9600,2600,1700,3800,1400,1400,1600,16800,11800],"p75":1501.73,"p99":3740,"avg":1538.8841860465118,"p995":3740,"p999":3740}}],"cpu":"Intel(R) Core(TM) i5-9300HF CPU @ 2.40GHz","runtime":"bun 0.1.5 (x64-linux)"}