{"benchmarks":[{"name":"console.log('hello')","group":null,"time":500,"warmup":true,"baseline":false,"async":false,"stats":{"n":34,"min":1888.054,"max":2277.1272,"jit":[34801,8100,2800,4800,2000,2000,2300,4201,1900,4000],"p75":2209.9649,"p99":2277.1272,"avg":2155.914682352941,"p995":2277.1272,"p999":2277.1272}},{"name":"console.log({ hello: 'object' })","group":null,"time":500,"warmup":true,"baseline":false,"async":false,"stats":{"n":33,"min":2076.3314,"max":2623.4676,"jit":[104904,12300,7401,2700,2500,6200,2400,2400,6800,9901],"p75":2318.0085,"p99":2623.4676,"avg":2266.250054545454,"p995":2623.4676,"p999":2623.4676}}],"cpu":"Intel(R) Xeon(R) Platinum 8272CL CPU @ 2.60GHz","runtime":"bun 0.1.5 (x64-linux)"}