{"benchmarks":[{"name":"console.log('hello')","group":null,"time":500,"warmup":true,"baseline":false,"async":false,"stats":{"n":32,"min":1779.073,"max":3340.5345,"jit":[46901,14000,11600,10800,10800,10800,10800,10800,10901,10800],"p75":2273.8767,"p99":3340.5345,"avg":2262.117171875,"p995":3340.5345,"p999":3340.5345}},{"name":"console.log({ hello: 'object' })","group":null,"time":500,"warmup":true,"baseline":false,"async":false,"stats":{"n":31,"min":2178.206,"max":2561.0789,"jit":[98101,11100,6400,2500,2400,5500,2300,2500,5700,9201],"p75":2473.3383,"p99":2561.0789,"avg":2424.8623258064513,"p995":2561.0789,"p999":2561.0789}}],"cpu":"Intel(R) Xeon(R) Platinum 8171M CPU @ 2.60GHz","runtime":"bun 0.1.5 (x64-linux)"}