{"benchmarks":[{"name":"console.log('hello')","group":null,"time":500,"warmup":true,"baseline":false,"async":false,"stats":{"n":61,"min":830.56,"max":1997.7,"jit":[44600,3900,1400,2300,1600,20600,2600,1500,1200,1600],"p75":918.24,"p99":1997.7,"avg":962.5440983606558,"p995":1997.7,"p999":1997.7}},{"name":"console.log({ hello: 'object' })","group":null,"time":500,"warmup":true,"baseline":false,"async":false,"stats":{"n":41,"min":1339.15,"max":1962.09,"jit":[195300,12100,18200,4500,1800,1500,1200,1500,1700,10100],"p75":1674.88,"p99":1962.09,"avg":1608.0756097560977,"p995":1962.09,"p999":1962.09}}],"cpu":"Intel(R) Core(TM) i5-9300HF CPU @ 2.40GHz","runtime":"bun 0.1.5 (x64-linux)"}