{"benchmarks":[{"name":"console.log('hello')","group":null,"time":500,"warmup":true,"baseline":false,"async":false,"stats":{"n":31,"min":2065.6723,"max":3733.0523,"jit":[42801,16800,2500,2400,2300,6100,2000,2100,3800,2100],"p75":2388.9943,"p99":3733.0523,"avg":2380.1968354838714,"p995":3733.0523,"p999":3733.0523}},{"name":"console.log({ hello: 'object' })","group":null,"time":500,"warmup":true,"baseline":false,"async":false,"stats":{"n":30,"min":2234.4034,"max":3231.9594,"jit":[108601,15900,9300,3500,2600,2500,2500,2400,2500,10900],"p75":2685.2861,"p99":3231.9594,"avg":2609.9436333333333,"p995":3231.9594,"p999":3231.9594}}],"cpu":"Intel(R) Xeon(R) CPU E5-2673 v3 @ 2.40GHz","runtime":"bun 0.1.5 (x64-linux)"}