{"benchmarks":[{"name":"console.log('hello')","group":null,"time":500,"warmup":true,"baseline":false,"async":false,"stats":{"n":32,"min":1999.4862,"max":2504.4606,"jit":[36403,8501,2600,2800,4900,2100,2000,1900,2500,2400],"p75":2406.3539,"p99":2504.4606,"avg":2323.564178124999,"p995":2504.4606,"p999":2504.4606}},{"name":"console.log({ hello: 'object' })","group":null,"time":500,"warmup":true,"baseline":false,"async":false,"stats":{"n":30,"min":2176.2682,"max":2841.5135,"jit":[127409,13701,7900,3101,3200,6400,3101,2500,2600,15901],"p75":2602.9472,"p99":2841.5135,"avg":2558.17455,"p995":2841.5135,"p999":2841.5135}}],"cpu":"Intel(R) Xeon(R) Platinum 8171M CPU @ 2.60GHz","runtime":"bun 0.1.5 (x64-linux)"}