{"benchmarks":[{"name":"parse","group":null,"time":500,"warmup":true,"baseline":false,"async":false,"stats":{"n":372,"min":116.99,"max":652.15,"jit":[28400,1600,700,400,500,400,300,400,500,500],"p75":131.44,"p99":327.12,"avg":138.17029569892472,"p995":456.54,"p999":652.15}},{"name":"stringify","group":null,"time":500,"warmup":true,"baseline":false,"async":false,"stats":{"n":172,"min":268.78,"max":614.15,"jit":[95400,6700,1800,900,1000,800,800,1200,900,12500],"p75":313.51,"p99":550.5,"avg":307.9888372093024,"p995":614.15,"p999":614.15}}],"cpu":"Intel(R) Core(TM) i5-9300HF CPU @ 2.40GHz","runtime":"bun 0.1.5 (x64-linux)"}