{"benchmarks":[{"name":"JSON.parse('{\"hello\": \"world\"}')","group":null,"time":500,"warmup":true,"baseline":false,"async":false,"stats":{"n":326,"min":152.6018,"max":277.5132,"jit":[26100,1800,1000,500,400,400,400,400,400,300],"p75":157.8018,"p99":197.4623,"avg":158.82709601226986,"p995":210.7624,"p999":277.5132}},{"name":"JSON.stringify({hello: \"world\"})","group":null,"time":500,"warmup":true,"baseline":false,"async":false,"stats":{"n":144,"min":354.074,"max":454.3652,"jit":[70700,4200,1500,900,800,600,700,700,600,6500],"p75":378.4543,"p99":428.7349,"avg":374.6072097222222,"p995":454.3652,"p999":454.3652}}],"cpu":"Intel(R) Xeon(R) Platinum 8370C CPU @ 2.80GHz","runtime":"bun 0.1.5 (x64-linux)"}