{"benchmarks":[{"name":"parse","group":null,"time":500,"warmup":true,"baseline":false,"async":false,"stats":{"n":315,"min":153.74,"max":1129.8496,"jit":[24200,1800,900,500,300,500,400,300,400,400],"p75":158.65,"p99":255.4699,"avg":165.39268857142852,"p995":511.4698,"p999":1129.8496}},{"name":"stringify","group":null,"time":500,"warmup":true,"baseline":false,"async":false,"stats":{"n":143,"min":352.6399,"max":670.4397,"jit":[55800,3700,1300,800,700,600,800,600,600,5500],"p75":387.1499,"p99":448.3099,"avg":376.6016895104895,"p995":670.4397,"p999":670.4397}}],"cpu":"Intel(R) Xeon(R) Platinum 8370C CPU @ 2.80GHz","runtime":"bun 0.1.5 (x64-linux)"}