{"benchmarks":[{"name":"parse","group":null,"time":500,"warmup":true,"baseline":false,"async":false,"stats":{"n":280,"min":163.44,"max":362.1301,"jit":[35500,2100,700,600,400,400,400,400,400,400],"p75":192.7901,"p99":271.7901,"avg":185.59738249999992,"p995":279.87,"p999":362.1301}},{"name":"stringify","group":null,"time":500,"warmup":true,"baseline":false,"async":false,"stats":{"n":123,"min":383.4702,"max":559.9602,"jit":[65600,4700,1700,1000,1100,1000,1000,1000,900,6500],"p75":467.0902,"p99":556.6002,"avg":443.69079593495945,"p995":559.9602,"p999":559.9602}}],"cpu":"Intel(R) Xeon(R) CPU E5-2673 v3 @ 2.40GHz","runtime":"bun 0.1.5 (x64-linux)"}