{"benchmarks":[{"name":"JSON.parse('{\"hello\": \"world\"}')","group":null,"time":500,"warmup":true,"baseline":false,"async":false,"stats":{"n":372,"min":114.47,"max":670.01,"jit":[59100,3400,1000,600,700,700,800,800,700,600],"p75":129.02,"p99":356.26,"avg":138.13198924731182,"p995":646.82,"p999":670.01}},{"name":"JSON.stringify({hello: \"world\"})","group":null,"time":500,"warmup":true,"baseline":false,"async":false,"stats":{"n":150,"min":287.32,"max":638.02,"jit":[121800,7300,1700,1200,1300,1100,1200,1100,1300,11400],"p75":370.69,"p99":633.44,"avg":357.6392666666669,"p995":638.02,"p999":638.02}}],"cpu":"Intel(R) Core(TM) i5-9300HF CPU @ 2.40GHz","runtime":"bun 0.1.5 (x64-linux)"}