{"benchmarks":[{"name":"JSON.parse('{\"hello\": \"world\"}')","group":null,"time":500,"warmup":true,"baseline":false,"async":false,"stats":{"n":306,"min":147.6211,"max":377.8927,"jit":[31300,1900,800,500,400,500,500,500,500,500],"p75":176.5313,"p99":240.4018,"avg":169.1263784313726,"p995":284.3621,"p999":377.8927}},{"name":"JSON.stringify({hello: \"world\"})","group":null,"time":500,"warmup":true,"baseline":false,"async":false,"stats":{"n":130,"min":348.7126,"max":535.974,"jit":[68801,4500,1500,1200,900,1200,1000,900,900,6200],"p75":435.2332,"p99":503.3137,"avg":420.1597923076923,"p995":535.974,"p999":535.974}}],"cpu":"Intel(R) Xeon(R) Platinum 8171M CPU @ 2.60GHz","runtime":"bun 0.1.5 (x64-linux)"}