{"benchmarks":[{"name":"parse","group":null,"time":500,"warmup":true,"baseline":false,"async":false,"stats":{"n":323,"min":154.8985,"max":300.5472,"jit":[27299,1900,800,500,500,400,300,400,300,400],"p75":158.2485,"p99":196.9981,"avg":160.4392668730652,"p995":224.1079,"p999":300.5472}},{"name":"stringify","group":null,"time":500,"warmup":true,"baseline":false,"async":false,"stats":{"n":144,"min":355.1466,"max":416.0161,"jit":[62299,3400,1300,900,700,800,800,700,700,5300],"p75":388.3064,"p99":412.2261,"avg":374.4291902777777,"p995":416.0161,"p999":416.0161}}],"cpu":"Intel(R) Xeon(R) Platinum 8370C CPU @ 2.80GHz","runtime":"bun 0.1.5 (x64-linux)"}