{"benchmarks":[{"name":"parse","group":null,"time":500,"warmup":true,"baseline":false,"async":false,"stats":{"n":326,"min":152.2613,"max":287.0224,"jit":[30600,1700,700,500,400,500,400,400,400,300],"p75":155.5812,"p99":216.0217,"avg":158.4482079754602,"p995":242.4419,"p999":287.0224}},{"name":"stringify","group":null,"time":500,"warmup":true,"baseline":false,"async":false,"stats":{"n":139,"min":357.5529,"max":545.6344,"jit":[94801,6000,1400,900,1200,800,800,800,700,9300],"p75":385.3531,"p99":493.284,"avg":388.84010791366927,"p995":545.6344,"p999":545.6344}}],"cpu":"Intel(R) Xeon(R) Platinum 8272CL CPU @ 2.60GHz","runtime":"bun 0.1.5 (x64-linux)"}