{"benchmarks":[{"name":"parse","group":null,"time":500,"warmup":true,"baseline":false,"async":false,"stats":{"n":326,"min":153.0821,"max":331.2445,"jit":[28200,1700,800,500,500,400,500,700,500,500],"p75":156.3822,"p99":209.3429,"avg":158.73071595092037,"p995":217.7129,"p999":331.2445}},{"name":"stringify","group":null,"time":500,"warmup":true,"baseline":false,"async":false,"stats":{"n":142,"min":355.0348,"max":489.0667,"jit":[61301,4000,1400,800,900,900,900,700,800,5400],"p75":380.5551,"p99":460.1662,"avg":380.6739767605633,"p995":489.0667,"p999":489.0667}}],"cpu":"Intel(R) Xeon(R) Platinum 8272CL CPU @ 2.60GHz","runtime":"bun 0.1.5 (x64-linux)"}