{"benchmarks":[{"name":"parse","group":null,"time":500,"warmup":true,"baseline":false,"async":false,"stats":{"n":327,"min":152.7052,"max":333.8415,"jit":[27201,1700,800,400,400,400,400,400,400,400],"p75":155.9754,"p99":206.0171,"avg":158.49391498470933,"p995":215.0274,"p999":333.8415}},{"name":"stringify","group":null,"time":500,"warmup":true,"baseline":false,"async":false,"stats":{"n":142,"min":355.6322,"max":446.4754,"jit":[55802,3800,1400,800,800,700,800,700,700,4800],"p75":406.8639,"p99":425.0046,"avg":379.9688964788732,"p995":446.4754,"p999":446.4754}}],"cpu":"Intel(R) Xeon(R) Platinum 8272CL CPU @ 2.60GHz","runtime":"bun 0.1.5 (x64-linux)"}