{"benchmarks":[{"name":"JSON.parse('{\"hello\": \"world\"}')","group":null,"time":500,"warmup":true,"baseline":false,"async":false,"stats":{"n":327,"min":153.5306,"max":261.2109,"jit":[26401,2100,800,600,500,400,400,400,400,400],"p75":156.1906,"p99":193.4607,"avg":158.18388501529063,"p995":202.7107,"p999":261.2109}},{"name":"JSON.stringify({hello: \"world\"})","group":null,"time":500,"warmup":true,"baseline":false,"async":false,"stats":{"n":144,"min":355.5112,"max":427.5414,"jit":[57400,3800,1300,900,700,900,700,800,800,5401],"p75":376.0913,"p99":427.4815,"avg":373.99845694444434,"p995":427.5414,"p999":427.5414}}],"cpu":"Intel(R) Xeon(R) Platinum 8370C CPU @ 2.80GHz","runtime":"bun 0.1.5 (x64-linux)"}