{"benchmarks":[{"name":"parse","group":null,"time":500,"warmup":true,"baseline":false,"async":false,"stats":{"n":307,"min":157.781,"max":962.1658,"jit":[27101,1800,800,75800,500,400,500,400,400,400],"p75":162.3809,"p99":286.0618,"avg":170.05629413680796,"p995":571.1634,"p999":962.1658}},{"name":"stringify","group":null,"time":500,"warmup":true,"baseline":false,"async":false,"stats":{"n":142,"min":354.3421,"max":676.024,"jit":[59401,4200,1400,800,800,700,700,600,1000,6300],"p75":390.3623,"p99":448.7727,"avg":379.1948028169015,"p995":676.024,"p999":676.024}}],"cpu":"Intel(R) Xeon(R) Platinum 8370C CPU @ 2.80GHz","runtime":"bun 0.1.5 (x64-linux)"}