{"benchmarks":[{"name":"parse","group":null,"time":500,"warmup":true,"baseline":false,"async":false,"stats":{"n":300,"min":165.3691,"max":435.6376,"jit":[27000,1700,800,500,500,400,400,400,500,400],"p75":169.139,"p99":221.1188,"avg":172.91831933333333,"p995":306.1583,"p999":435.6376}},{"name":"stringify","group":null,"time":500,"warmup":true,"baseline":false,"async":false,"stats":{"n":141,"min":355.228,"max":467.3974,"jit":[82900,6200,1400,900,800,800,800,800,600,7400],"p75":407.5177,"p99":439.1175,"avg":383.2130758865247,"p995":467.3974,"p999":467.3974}}],"cpu":"Intel(R) Xeon(R) Platinum 8272CL CPU @ 2.60GHz","runtime":"bun 0.1.5 (x64-linux)"}