{"benchmarks":[{"name":"parse","group":null,"time":500,"warmup":true,"baseline":false,"async":false,"stats":{"n":321,"min":155.0197,"max":278.6095,"jit":[31500,1900,900,600,400,300,400,400,400,400],"p75":159.2897,"p99":210.5796,"avg":161.39522367601242,"p995":215.6796,"p999":278.6095}},{"name":"stringify","group":null,"time":500,"warmup":true,"baseline":false,"async":false,"stats":{"n":142,"min":356.3392,"max":471.829,"jit":[92999,5600,1300,900,800,600,700,700,700,8400],"p75":396.3491,"p99":424.869,"avg":380.2661042253521,"p995":471.829,"p999":471.829}}],"cpu":"Intel(R) Xeon(R) Platinum 8370C CPU @ 2.80GHz","runtime":"bun 0.1.5 (x64-linux)"}