{"benchmarks":[{"name":"JSON.parse('{\"hello\": \"world\"}')","group":null,"time":500,"warmup":true,"baseline":false,"async":false,"stats":{"n":308,"min":160.7647,"max":380.6013,"jit":[26701,1701,700,500,500,400,500,500,500,500],"p75":165.0855,"p99":216.2464,"avg":168.17394512987002,"p995":269.298,"p999":380.6013}},{"name":"JSON.stringify({hello: \"world\"})","group":null,"time":500,"warmup":true,"baseline":false,"async":false,"stats":{"n":141,"min":358.2625,"max":1193.4519,"jit":[89903,5801,1400,900,800,1100,700,900,700,7400],"p75":410.0044,"p99":1179.9514,"avg":395.1772049645391,"p995":1193.4519,"p999":1193.4519}}],"cpu":"Intel(R) Xeon(R) Platinum 8272CL CPU @ 2.60GHz","runtime":"bun 0.1.5 (x64-linux)"}