{"benchmarks":[{"name":"parse","group":null,"time":500,"warmup":true,"baseline":false,"async":false,"stats":{"n":269,"min":171.8246,"max":392.3406,"jit":[31101,2000,900,600,500,600,400,500,500,400],"p75":191.2552,"p99":310.5984,"avg":193.57495576208177,"p995":322.5288,"p999":392.3406}},{"name":"stringify","group":null,"time":500,"warmup":true,"baseline":false,"async":false,"stats":{"n":120,"min":413.3812,"max":560.2852,"jit":[73502,4900,1501,1200,900,1300,1000,900,800,5900],"p75":476.143,"p99":544.9048,"avg":456.4104674999999,"p995":560.2852,"p999":560.2852}}],"cpu":"Intel(R) Xeon(R) Platinum 8171M CPU @ 2.60GHz","runtime":"bun 0.1.5 (x64-linux)"}