{"benchmarks":[{"name":"JSON.parse('{\"hello\": \"world\"}')","group":null,"time":500,"warmup":true,"baseline":false,"async":false,"stats":{"n":323,"min":154.1126,"max":342.5056,"jit":[28200,1800,700,500,400,500,400,400,300,400],"p75":157.3026,"p99":211.8935,"avg":160.24722693498435,"p995":220.9536,"p999":342.5056}},{"name":"JSON.stringify({hello: \"world\"})","group":null,"time":500,"warmup":true,"baseline":false,"async":false,"stats":{"n":141,"min":357.0259,"max":428.187,"jit":[86601,5300,1400,1100,900,900,1300,800,900,7601],"p75":408.8867,"p99":427.587,"avg":382.40702056737575,"p995":428.187,"p999":428.187}}],"cpu":"Intel(R) Xeon(R) Platinum 8272CL CPU @ 2.60GHz","runtime":"bun 0.1.5 (x64-linux)"}