{"benchmarks":[{"name":"parse","group":null,"time":500,"warmup":true,"baseline":false,"async":false,"stats":{"n":328,"min":151.7832,"max":382.0881,"jit":[27501,1600,800,500,500,400,300,400,400,400],"p75":155.0033,"p99":205.5144,"avg":157.7803878048781,"p995":213.8146,"p999":382.0881}},{"name":"stringify","group":null,"time":500,"warmup":true,"baseline":false,"async":false,"stats":{"n":140,"min":359.1376,"max":476.5901,"jit":[67201,3900,1400,900,800,900,800,1000,700,4901],"p75":409.2287,"p99":432.4692,"avg":385.1098064285714,"p995":476.5901,"p999":476.5901}}],"cpu":"Intel(R) Xeon(R) Platinum 8272CL CPU @ 2.60GHz","runtime":"bun 0.1.5 (x64-linux)"}