{"benchmarks":[{"name":"parse","group":null,"time":500,"warmup":true,"baseline":false,"async":false,"stats":{"n":323,"min":154.4383,"max":304.9166,"jit":[27599,1700,900,400,400,500,400,500,400,400],"p75":160.0482,"p99":197.0778,"avg":160.43285325077403,"p995":200.0777,"p999":304.9166}},{"name":"stringify","group":null,"time":500,"warmup":true,"baseline":false,"async":false,"stats":{"n":144,"min":354.5861,"max":431.4752,"jit":[68599,4400,1200,800,800,700,700,700,600,6600],"p75":378.1358,"p99":424.0153,"avg":373.53819166666665,"p995":431.4752,"p999":431.4752}}],"cpu":"Intel(R) Xeon(R) Platinum 8370C CPU @ 2.80GHz","runtime":"bun 0.1.5 (x64-linux)"}