{"benchmarks":[{"name":"JSON.parse('{\"hello\": \"world\"}')","group":null,"time":500,"warmup":true,"baseline":false,"async":false,"stats":{"n":310,"min":130.8903,"max":404.9509,"jit":[49000,1900,700,500,400,400,400,500,400,400],"p75":181.0204,"p99":267.3606,"avg":168.1437448387098,"p995":313.4908,"p999":404.9509}},{"name":"JSON.stringify({hello: \"world\"})","group":null,"time":500,"warmup":true,"baseline":false,"async":false,"stats":{"n":124,"min":347.3408,"max":744.8517,"jit":[58700,5000,1500,1000,900,1100,1000,1000,800,5900],"p75":462.561,"p99":545.0413,"avg":436.01157580645156,"p995":744.8517,"p999":744.8517}}],"cpu":"Intel(R) Xeon(R) CPU E5-2673 v4 @ 2.30GHz","runtime":"bun 0.1.5 (x64-linux)"}