{"benchmarks":[{"name":"JSON.parse('{\"hello\": \"world\"}')","group":null,"time":500,"warmup":true,"baseline":false,"async":false,"stats":{"n":324,"min":153.0496,"max":363.0891,"jit":[27100,1600,700,500,400,500,400,500,400,400],"p75":156.5296,"p99":214.3195,"avg":159.4595314814815,"p995":222.7894,"p999":363.0891}},{"name":"JSON.stringify({hello: \"world\"})","group":null,"time":500,"warmup":true,"baseline":false,"async":false,"stats":{"n":141,"min":355.8591,"max":497.6587,"jit":[80100,4400,1400,900,900,700,1300,900,1300,6500],"p75":395.569,"p99":460.4188,"avg":382.95696737588645,"p995":497.6587,"p999":497.6587}}],"cpu":"Intel(R) Xeon(R) Platinum 8272CL CPU @ 2.60GHz","runtime":"bun 0.1.5 (x64-linux)"}