{"benchmarks":[{"name":"JSON.parse('{\"hello\": \"world\"}')","group":null,"time":500,"warmup":true,"baseline":false,"async":false,"stats":{"n":324,"min":152.8699,"max":277.7099,"jit":[27600,1800,800,500,500,500,500,400,400,400],"p75":157.64,"p99":199.8299,"avg":159.65253333333328,"p995":213.7299,"p999":277.7099}},{"name":"JSON.stringify({hello: \"world\"})","group":null,"time":500,"warmup":true,"baseline":false,"async":false,"stats":{"n":144,"min":353.6199,"max":464.8098,"jit":[70700,4200,1300,900,800,800,800,700,700,6400],"p75":382.0799,"p99":415.7198,"avg":374.2994569444443,"p995":464.8098,"p999":464.8098}}],"cpu":"Intel(R) Xeon(R) Platinum 8370C CPU @ 2.80GHz","runtime":"bun 0.1.5 (x64-linux)"}