{"benchmarks":[{"name":"parse","group":null,"time":500,"warmup":true,"baseline":false,"async":false,"stats":{"n":394,"min":115.11,"max":529.32,"jit":[40700,2200,700,500,400,400,600,500,400,400],"p75":124.23,"p99":329.48,"avg":130.48713197969562,"p995":403.34,"p999":529.32}},{"name":"stringify","group":null,"time":500,"warmup":true,"baseline":false,"async":false,"stats":{"n":149,"min":268.88,"max":743.94,"jit":[97800,12300,1700,900,1400,1500,1100,900,900,16800],"p75":362.09,"p99":691.4,"avg":357.6538926174496,"p995":743.94,"p999":743.94}}],"cpu":"Intel(R) Core(TM) i5-9300HF CPU @ 2.40GHz","runtime":"bun 0.1.5 (x64-linux)"}