{"benchmarks":[{"name":"parse","group":null,"time":500,"warmup":true,"baseline":false,"async":false,"stats":{"n":326,"min":152.9004,"max":300.7807,"jit":[27600,1800,800,600,500,400,400,400,500,300],"p75":157.4203,"p99":192.6804,"avg":158.67896073619627,"p995":203.4005,"p999":300.7807}},{"name":"stringify","group":null,"time":500,"warmup":true,"baseline":false,"async":false,"stats":{"n":145,"min":352.7207,"max":461.111,"jit":[63000,4900,1400,900,700,700,600,600,600,6600],"p75":372.9608,"p99":440.391,"avg":371.6389372413794,"p995":461.111,"p999":461.111}}],"cpu":"Intel(R) Xeon(R) Platinum 8370C CPU @ 2.80GHz","runtime":"bun 0.1.5 (x64-linux)"}