{"benchmarks":[{"name":"JSON.parse('{\"hello\": \"world\"}')","group":null,"time":500,"warmup":true,"baseline":false,"async":false,"stats":{"n":276,"min":171.8817,"max":388.8564,"jit":[32602,1901,800,700,600,600,800,600,600,500],"p75":185.2026,"p99":252.3671,"avg":188.702306521739,"p995":297.9402,"p999":388.8564}},{"name":"JSON.stringify({hello: \"world\"})","group":null,"time":500,"warmup":true,"baseline":false,"async":false,"stats":{"n":119,"min":421.4186,"max":561.6281,"jit":[88306,6000,1700,1000,1000,800,900,1100,700,7301],"p75":488.0431,"p99":508.7345,"avg":459.58902605042016,"p995":561.6281,"p999":561.6281}}],"cpu":"Intel(R) Xeon(R) Platinum 8171M CPU @ 2.60GHz","runtime":"bun 0.1.5 (x64-linux)"}