{"benchmarks":[{"name":"parse","group":null,"time":500,"warmup":true,"baseline":false,"async":false,"stats":{"n":316,"min":155.4017,"max":331.5636,"jit":[32001,1800,900,600,400,400,400,500,400,400],"p75":161.8818,"p99":211.3823,"avg":164.06237816455712,"p995":223.7324,"p999":331.5636}},{"name":"stringify","group":null,"time":500,"warmup":true,"baseline":false,"async":false,"stats":{"n":140,"min":356.4339,"max":469.7551,"jit":[103201,6500,1400,700,700,700,600,600,600,9700],"p75":400.7743,"p99":444.2149,"avg":384.3882342857144,"p995":469.7551,"p999":469.7551}}],"cpu":"Intel(R) Xeon(R) Platinum 8370C CPU @ 2.80GHz","runtime":"bun 0.1.5 (x64-linux)"}