{"benchmarks":[{"name":"parse","group":null,"time":500,"warmup":true,"baseline":false,"async":false,"stats":{"n":144,"min":333.6119,"max":480.3428,"jit":[26601,4000,1800,1400,6900,1700,1400,1300,2400,2600],"p75":382.1924,"p99":444.7726,"avg":372.7741548611109,"p995":480.3428,"p999":480.3428}},{"name":"stringify","group":null,"time":500,"warmup":true,"baseline":false,"async":false,"stats":{"n":177,"min":255.2103,"max":478.2105,"jit":[38100,2000,1100,1100,1000,1000,1000,1100,3700,3500],"p75":311.2503,"p99":461.6704,"avg":300.10483728813557,"p995":478.2105,"p999":478.2105}}],"cpu":"Intel(R) Xeon(R) CPU E5-2673 v3 @ 2.40GHz","runtime":"deno 1.24.0 (x86_64-unknown-linux-gnu)"}