{"benchmarks":[{"name":"parse","group":null,"time":500,"warmup":true,"baseline":false,"async":false,"stats":{"n":162,"min":322.2154,"max":397.1567,"jit":[21902,2800,1400,1401,6101,1600,1201,1200,2100,2201],"p75":337.0257,"p99":362.826,"avg":330.12454382716055,"p995":397.1567,"p999":397.1567}},{"name":"stringify","group":null,"time":500,"warmup":true,"baseline":false,"async":false,"stats":{"n":217,"min":236.124,"max":269.2146,"jit":[64001,1900,1000,1000,1200,1100,1000,1100,4500,3901],"p75":249.2542,"p99":261.4843,"avg":242.61282258064492,"p995":264.6044,"p999":269.2146}}],"cpu":"Intel(R) Xeon(R) Platinum 8272CL CPU @ 2.60GHz","runtime":"deno 1.24.0 (x86_64-unknown-linux-gnu)"}