{"benchmarks":[{"name":"parse","group":null,"time":500,"warmup":true,"baseline":false,"async":false,"stats":{"n":164,"min":318.147,"max":530.915,"jit":[24700,2800,1700,1600,6700,1800,1500,1500,2300,2400],"p75":327.1869,"p99":383.1164,"avg":325.9594993902438,"p995":530.915,"p999":530.915}},{"name":"stringify","group":null,"time":500,"warmup":true,"baseline":false,"async":false,"stats":{"n":220,"min":233.3678,"max":296.9373,"jit":[38200,1700,1300,1300,1300,1200,1200,1300,3500,3600],"p75":241.1377,"p99":260.7375,"avg":238.60544227272743,"p995":262.4576,"p999":296.9373}}],"cpu":"Intel(R) Xeon(R) Platinum 8370C CPU @ 2.80GHz","runtime":"deno 1.24.0 (x86_64-unknown-linux-gnu)"}