{"benchmarks":[{"name":"JSON.parse('{\"hello\": \"world\"}')","group":null,"time":500,"warmup":true,"baseline":false,"async":false,"stats":{"n":214,"min":235.99,"max":385.52,"jit":[22600,2300,1400,1200,5100,1401,1199,1200,1901,1900],"p75":250.68,"p99":360.95,"avg":246.61747570093436,"p995":383.22,"p999":385.52}},{"name":"JSON.stringify({hello: \"world\"})","group":null,"time":500,"warmup":true,"baseline":false,"async":false,"stats":{"n":274,"min":176.14,"max":377.22,"jit":[52600,2200,1100,1100,900,1000,1000,1100,4200,3000],"p75":189.88,"p99":289.21,"avg":189.71189781021894,"p995":320.7,"p999":377.22}}],"cpu":"Intel(R) Core(TM) i5-9300HF CPU @ 2.40GHz","runtime":"deno 1.24.0 (x86_64-unknown-linux-gnu)"}