{"benchmarks":[{"name":"parse","group":null,"time":500,"warmup":true,"baseline":false,"async":false,"stats":{"n":164,"min":319.6834,"max":391.5942,"jit":[23800,2999,1599,1499,8200,1800,1400,1400,2400,2600],"p75":329.4336,"p99":369.364,"avg":327.6587323170734,"p995":391.5942,"p999":391.5942}},{"name":"stringify","group":null,"time":500,"warmup":true,"baseline":false,"async":false,"stats":{"n":213,"min":237.9326,"max":277.113,"jit":[66000,1600,1200,1200,1200,1300,1300,1200,4700,4500],"p75":253.0727,"p99":269.5829,"avg":246.2969849765258,"p995":271.1929,"p999":277.113}}],"cpu":"Intel(R) Xeon(R) Platinum 8370C CPU @ 2.80GHz","runtime":"deno 1.24.0 (x86_64-unknown-linux-gnu)"}