{"benchmarks":[{"name":"JSON.parse('{\"hello\": \"world\"}')","group":null,"time":500,"warmup":true,"baseline":false,"async":false,"stats":{"n":153,"min":306.8423,"max":409.3031,"jit":[29600,3500,1900,1800,7100,1901,1600,1501,2700,2800],"p75":369.8228,"p99":406.8631,"avg":349.5219418300655,"p995":409.3031,"p999":409.3031}},{"name":"JSON.stringify({hello: \"world\"})","group":null,"time":500,"warmup":true,"baseline":false,"async":false,"stats":{"n":206,"min":226.6917,"max":297.4923,"jit":[43201,2100,1300,1100,1300,1300,1200,1300,3900,3600],"p75":267.992,"p99":287.7122,"avg":256.05530097087376,"p995":292.5322,"p999":297.4923}}],"cpu":"Intel(R) Xeon(R) Platinum 8171M CPU @ 2.60GHz","runtime":"deno 1.24.0 (x86_64-unknown-linux-gnu)"}