{"benchmarks":[{"name":"parse","group":null,"time":500,"warmup":true,"baseline":false,"async":false,"stats":{"n":163,"min":321.7164,"max":376.4258,"jit":[24100,2900,1700,1600,6300,1900,1400,1500,2400,2499],"p75":332.1463,"p99":364.5759,"avg":329.0747938650305,"p995":376.4258,"p999":376.4258}},{"name":"stringify","group":null,"time":500,"warmup":true,"baseline":false,"async":false,"stats":{"n":218,"min":235.9773,"max":265.267,"jit":[40799,1700,1300,1200,1200,1300,1300,1200,3600,3500],"p75":244.1573,"p99":256.1471,"avg":240.67387201834865,"p995":257.1371,"p999":265.267}}],"cpu":"Intel(R) Xeon(R) Platinum 8370C CPU @ 2.80GHz","runtime":"deno 1.24.0 (x86_64-unknown-linux-gnu)"}