{"benchmarks":[{"name":"parse","group":null,"time":500,"warmup":true,"baseline":false,"async":false,"stats":{"n":141,"min":336.6791,"max":453.1423,"jit":[28701,3300,1800,1600,7101,1900,1600,1700,2500,2800],"p75":389.7606,"p99":413.0312,"avg":383.54133120567366,"p995":453.1423,"p999":453.1423}},{"name":"stringify","group":null,"time":500,"warmup":true,"baseline":false,"async":false,"stats":{"n":183,"min":261.6171,"max":428.8917,"jit":[56502,2300,1400,1400,1300,1300,1300,1200,4400,4201],"p75":292.3879,"p99":413.2612,"avg":290.35438142076504,"p995":428.8917,"p999":428.8917}}],"cpu":"Intel(R) Xeon(R) Platinum 8171M CPU @ 2.60GHz","runtime":"deno 1.24.0 (x86_64-unknown-linux-gnu)"}