{"benchmarks":[{"name":"JSON.parse('{\"hello\": \"world\"}')","group":null,"time":500,"warmup":true,"baseline":false,"async":false,"stats":{"n":164,"min":319.6011,"max":509.8418,"jit":[23900,2800,1700,1600,6600,1800,1400,1400,2400,2600],"p75":326.6506,"p99":379.4714,"avg":327.2743414634148,"p995":509.8418,"p999":509.8418}},{"name":"JSON.stringify({hello: \"world\"})","group":null,"time":500,"warmup":true,"baseline":false,"async":false,"stats":{"n":218,"min":235.9704,"max":261.2104,"jit":[38100,1700,1300,1200,1100,1200,1200,1200,3500,3400],"p75":243.6103,"p99":256.2904,"avg":240.34867798165118,"p995":256.9004,"p999":261.2104}}],"cpu":"Intel(R) Xeon(R) Platinum 8370C CPU @ 2.80GHz","runtime":"deno 1.24.0 (x86_64-unknown-linux-gnu)"}