{"benchmarks":[{"name":"parse","group":null,"time":500,"warmup":true,"baseline":false,"async":false,"stats":{"n":166,"min":316.1043,"max":388.8954,"jit":[20400,2800,1600,1500,6300,1700,1400,1301,2200,2700],"p75":322.4945,"p99":377.3453,"avg":322.42038313253016,"p995":388.8954,"p999":388.8954}},{"name":"stringify","group":null,"time":500,"warmup":true,"baseline":false,"async":false,"stats":{"n":220,"min":234.5432,"max":266.1737,"jit":[52900,1800,1300,1100,1200,1200,1000,1200,3700,3300],"p75":242.5634,"p99":259.4137,"avg":238.82191272727275,"p995":259.4336,"p999":266.1737}}],"cpu":"Intel(R) Xeon(R) Platinum 8272CL CPU @ 2.60GHz","runtime":"deno 1.24.0 (x86_64-unknown-linux-gnu)"}