{"benchmarks":[{"name":"parse","group":null,"time":500,"warmup":true,"baseline":false,"async":false,"stats":{"n":210,"min":236.98,"max":431.23,"jit":[49600,3200,1600,1299,5601,1500,1200,1100,2099,2100],"p75":255.84,"p99":316.55,"avg":250.98243000000005,"p995":320.83,"p999":431.23}},{"name":"stringify","group":null,"time":500,"warmup":true,"baseline":false,"async":false,"stats":{"n":272,"min":176.19,"max":358.35,"jit":[57900,1900,1100,1100,1000,1000,1000,900,4100,3000],"p75":193.02,"p99":312.75,"avg":191.11937573529417,"p995":339.16,"p999":358.35}}],"cpu":"Intel(R) Core(TM) i5-9300HF CPU @ 2.40GHz","runtime":"deno 1.24.0 (x86_64-unknown-linux-gnu)"}