{"benchmarks":[{"name":"parse","group":null,"time":500,"warmup":true,"baseline":false,"async":false,"stats":{"n":166,"min":316.0419,"max":371.5222,"jit":[20500,2800,1800,1600,6500,1800,1400,1400,2300,2400],"p75":318.8119,"p99":351.7421,"avg":321.71192590361454,"p995":371.5222,"p999":371.5222}},{"name":"stringify","group":null,"time":500,"warmup":true,"baseline":false,"async":false,"stats":{"n":222,"min":231.5714,"max":268.9916,"jit":[39500,1600,1300,1200,1200,1200,1200,1100,3400,3800],"p75":239.4415,"p99":257.4815,"avg":236.5362373873874,"p995":259.2916,"p999":268.9916}}],"cpu":"Intel(R) Xeon(R) Platinum 8370C CPU @ 2.80GHz","runtime":"deno 1.24.0 (x86_64-unknown-linux-gnu)"}