{"benchmarks":[{"name":"parse","group":null,"time":500,"warmup":true,"baseline":false,"async":false,"stats":{"n":165,"min":317.6393,"max":393.4991,"jit":[30500,3001,1600,1700,9099,1901,1501,1499,2400,2400],"p75":323.4192,"p99":367.1192,"avg":324.5817436363634,"p995":393.4991,"p999":393.4991}},{"name":"stringify","group":null,"time":500,"warmup":true,"baseline":false,"async":false,"stats":{"n":219,"min":232.0094,"max":272.7594,"jit":[63200,2000,1400,1300,1300,1400,1200,1400,4400,4000],"p75":245.9394,"p99":266.9993,"avg":239.57333561643836,"p995":271.4694,"p999":272.7594}}],"cpu":"Intel(R) Xeon(R) Platinum 8370C CPU @ 2.80GHz","runtime":"deno 1.24.0 (x86_64-unknown-linux-gnu)"}