{"benchmarks":[{"name":"JSON.parse('{\"hello\": \"world\"}')","group":null,"time":500,"warmup":true,"baseline":false,"async":false,"stats":{"n":163,"min":320.9699,"max":424.6299,"jit":[26000,2900,1700,1700,6600,1800,1500,1500,2400,2700],"p75":329.3899,"p99":395.0399,"avg":328.33190613496936,"p995":424.6299,"p999":424.6299}},{"name":"JSON.stringify({hello: \"world\"})","group":null,"time":500,"warmup":true,"baseline":false,"async":false,"stats":{"n":219,"min":234.4599,"max":269.5699,"jit":[55800,1700,1200,1200,1300,1100,1100,1300,4300,3800],"p75":243.79,"p99":257.7299,"avg":240.0876726027397,"p995":266.8099,"p999":269.5699}}],"cpu":"Intel(R) Xeon(R) Platinum 8370C CPU @ 2.80GHz","runtime":"deno 1.24.0 (x86_64-unknown-linux-gnu)"}