{"benchmarks":[{"name":"JSON.parse('{\"hello\": \"world\"}')","group":null,"time":500,"warmup":true,"baseline":false,"async":false,"stats":{"n":153,"min":287.5506,"max":563.6913,"jit":[30000,3700,1400,1401,6699,1600,1301,1200,2199,2301],"p75":366.0609,"p99":563.4413,"avg":350.7295712418302,"p995":563.6913,"p999":563.6913}},{"name":"JSON.stringify({hello: \"world\"})","group":null,"time":500,"warmup":true,"baseline":false,"async":false,"stats":{"n":206,"min":211.7005,"max":362.4408,"jit":[38900,2000,1000,1000,1300,1100,1100,1100,3500,3700],"p75":270.8106,"p99":348.8708,"avg":255.04350485436905,"p995":351.3808,"p999":362.4408}}],"cpu":"Intel(R) Xeon(R) CPU E5-2673 v4 @ 2.30GHz","runtime":"deno 1.24.0 (x86_64-unknown-linux-gnu)"}