{"benchmarks":[{"name":"JSON.parse('{\"hello\": \"world\"}')","group":null,"time":500,"warmup":true,"baseline":false,"async":false,"stats":{"n":155,"min":339.4748,"max":406.0067,"jit":[26000,2801,1600,1500,6700,1600,1300,1300,2200,2200],"p75":349.4857,"p99":382.4763,"avg":346.98602387096764,"p995":406.0067,"p999":406.0067}},{"name":"JSON.stringify({hello: \"world\"})","group":null,"time":500,"warmup":true,"baseline":false,"async":false,"stats":{"n":219,"min":234.7233,"max":276.6439,"jit":[62301,1800,1100,1100,1200,1000,1000,1200,4100,4100],"p75":244.5534,"p99":261.6936,"avg":240.25407534246574,"p995":264.3637,"p999":276.6439}}],"cpu":"Intel(R) Xeon(R) Platinum 8272CL CPU @ 2.60GHz","runtime":"deno 1.24.0 (x86_64-unknown-linux-gnu)"}