{"benchmarks":[{"name":"JSON.parse('{\"hello\": \"world\"}')","group":null,"time":500,"warmup":true,"baseline":false,"async":false,"stats":{"n":155,"min":338.1519,"max":427.555,"jit":[21101,3300,1701,1600,6400,1700,1500,1500,2300,2500],"p75":347.6422,"p99":409.0944,"avg":346.14905225806456,"p995":427.555,"p999":427.555}},{"name":"JSON.stringify({hello: \"world\"})","group":null,"time":500,"warmup":true,"baseline":false,"async":false,"stats":{"n":215,"min":236.8183,"max":273.1796,"jit":[63302,1600,1200,1100,1100,1101,1100,1100,4400,3500],"p75":249.3788,"p99":264.2393,"avg":244.2484367441858,"p995":264.7693,"p999":273.1796}}],"cpu":"Intel(R) Xeon(R) Platinum 8272CL CPU @ 2.60GHz","runtime":"deno 1.24.0 (x86_64-unknown-linux-gnu)"}