{"benchmarks":[{"name":"parse","group":null,"time":500,"warmup":true,"baseline":false,"async":false,"stats":{"n":166,"min":316.5132,"max":377.6461,"jit":[24298,2900,1500,1499,6200,1600,1300,1300,2199,2300],"p75":324.7822,"p99":354.8888,"avg":322.46368433734955,"p995":377.6461,"p999":377.6461}},{"name":"stringify","group":null,"time":500,"warmup":true,"baseline":false,"async":false,"stats":{"n":220,"min":234.2928,"max":264.2493,"jit":[48594,1800,1100,1200,1100,1100,1000,1099,3600,3300],"p75":241.9419,"p99":257.4401,"avg":238.39676181818166,"p995":262.9394,"p999":264.2493}}],"cpu":"Intel(R) Xeon(R) Platinum 8272CL CPU @ 2.60GHz","runtime":"deno 1.24.0 (x86_64-unknown-linux-gnu)"}