{"benchmarks":[{"name":"JSON.parse('{\"hello\": \"world\"}')","group":null,"time":500,"warmup":true,"baseline":false,"async":false,"stats":{"n":162,"min":323.6137,"max":397.0145,"jit":[20000,2700,1700,1600,6800,1800,1500,1500,2501,2600],"p75":332.7138,"p99":371.1342,"avg":330.41847839506175,"p995":397.0145,"p999":397.0145}},{"name":"JSON.stringify({hello: \"world\"})","group":null,"time":500,"warmup":true,"baseline":false,"async":false,"stats":{"n":206,"min":236.7428,"max":1040.602,"jit":[47600,1700,1300,1200,1200,1300,1200,1200,3800,3700],"p75":246.3728,"p99":953.2109,"avg":258.6433572815534,"p995":964.5111,"p999":1040.602}}],"cpu":"Intel(R) Xeon(R) Platinum 8370C CPU @ 2.80GHz","runtime":"deno 1.24.0 (x86_64-unknown-linux-gnu)"}