{"benchmarks":[{"name":"JSON.parse('{\"hello\": \"world\"}')","group":null,"time":500,"warmup":true,"baseline":false,"async":false,"stats":{"n":164,"min":320.5265,"max":388.6578,"jit":[22400,2600,1500,1400,6201,1500,1200,1300,2100,2200],"p75":329.7866,"p99":360.3373,"avg":327.77044146341467,"p995":388.6578,"p999":388.6578}},{"name":"JSON.stringify({hello: \"world\"})","group":null,"time":500,"warmup":true,"baseline":false,"async":false,"stats":{"n":219,"min":235.1348,"max":273.9256,"jit":[51201,2000,1100,1100,1100,1100,1100,1100,3800,3800],"p75":243.0749,"p99":260.6752,"avg":239.5911246575342,"p995":271.4555,"p999":273.9256}}],"cpu":"Intel(R) Xeon(R) Platinum 8272CL CPU @ 2.60GHz","runtime":"deno 1.24.0 (x86_64-unknown-linux-gnu)"}