{"benchmarks":[{"name":"JSON.parse('{\"hello\": \"world\"}')","group":null,"time":500,"warmup":true,"baseline":false,"async":false,"stats":{"n":139,"min":361.1345,"max":458.4711,"jit":[24102,3400,1900,1800,7301,1900,1600,1700,2701,2900],"p75":392.9367,"p99":430.4893,"avg":389.0415258992806,"p995":458.4711,"p999":458.4711}},{"name":"JSON.stringify({hello: \"world\"})","group":null,"time":500,"warmup":true,"baseline":false,"async":false,"stats":{"n":184,"min":276.3788,"max":321.6819,"jit":[57204,2300,1300,1200,1300,1300,1200,1301,4300,3900],"p75":293.93,"p99":314.1113,"avg":288.82833586956514,"p995":321.6819,"p999":321.6819}}],"cpu":"Intel(R) Xeon(R) Platinum 8171M CPU @ 2.60GHz","runtime":"deno 1.24.0 (x86_64-unknown-linux-gnu)"}