{"benchmarks":[{"name":"parse","group":null,"time":500,"warmup":true,"baseline":false,"async":false,"stats":{"n":165,"min":316.8967,"max":387.7482,"jit":[20800,3000,1500,1500,6000,1600,1300,1300,2200,2300],"p75":325.9869,"p99":374.758,"avg":323.56352242424254,"p995":387.7482,"p999":387.7482}},{"name":"stringify","group":null,"time":500,"warmup":true,"baseline":false,"async":false,"stats":{"n":219,"min":234.7549,"max":262.0455,"jit":[39301,1800,1200,1100,1100,1100,1000,1000,3500,3200],"p75":243.1951,"p99":254.9754,"avg":239.54987123287665,"p995":255.8855,"p999":262.0455}}],"cpu":"Intel(R) Xeon(R) Platinum 8272CL CPU @ 2.60GHz","runtime":"deno 1.24.0 (x86_64-unknown-linux-gnu)"}