{"benchmarks":[{"name":"parse","group":null,"time":500,"warmup":true,"baseline":false,"async":false,"stats":{"n":179,"min":239.91,"max":726.61,"jit":[19500,2600,1500,1300,5900,1400,1300,1200,2000,2100],"p75":317.1,"p99":664.5,"avg":294.52798994413405,"p995":726.61,"p999":726.61}},{"name":"stringify","group":null,"time":500,"warmup":true,"baseline":false,"async":false,"stats":{"n":263,"min":175.48,"max":394.2,"jit":[117500,6500,2100,1800,1700,1600,1700,1700,6600,4700],"p75":197.15,"p99":339.65,"avg":197.4772615969582,"p995":343.51,"p999":394.2}}],"cpu":"Intel(R) Core(TM) i5-9300HF CPU @ 2.40GHz","runtime":"deno 1.24.0 (x86_64-unknown-linux-gnu)"}