{"benchmarks":[{"name":"parse","group":null,"time":500,"warmup":true,"baseline":false,"async":false,"stats":{"n":167,"min":313.6982,"max":379.8678,"jit":[26900,2600,1500,1400,6300,1600,1300,1400,2300,2400],"p75":318.5282,"p99":359.978,"avg":319.8707634730537,"p995":379.8678,"p999":379.8678}},{"name":"stringify","group":null,"time":500,"warmup":true,"baseline":false,"async":false,"stats":{"n":220,"min":234.0587,"max":270.1285,"jit":[51800,1900,1200,1200,1200,1100,1100,1100,3900,3300],"p75":241.9886,"p99":257.2285,"avg":238.56169500000004,"p995":260.3485,"p999":270.1285}}],"cpu":"Intel(R) Xeon(R) Platinum 8272CL CPU @ 2.60GHz","runtime":"deno 1.24.0 (x86_64-unknown-linux-gnu)"}