{"benchmarks":[{"name":"parse","group":null,"time":500,"warmup":true,"baseline":false,"async":false,"stats":{"n":164,"min":320.6841,"max":379.0549,"jit":[28400,2800,1700,1600,6500,1800,1500,1500,2400,2400],"p75":329.5542,"p99":363.2446,"avg":327.28208963414613,"p995":379.0549,"p999":379.0549}},{"name":"stringify","group":null,"time":500,"warmup":true,"baseline":false,"async":false,"stats":{"n":216,"min":235.923,"max":303.1238,"jit":[43500,2000,1400,1500,1400,1400,1400,1400,4000,3800],"p75":243.4131,"p99":291.2537,"avg":242.883509722222,"p995":292.2537,"p999":303.1238}}],"cpu":"Intel(R) Xeon(R) Platinum 8370C CPU @ 2.80GHz","runtime":"deno 1.24.0 (x86_64-unknown-linux-gnu)"}