{"benchmarks":[{"name":"parse","group":null,"time":500,"warmup":true,"baseline":false,"async":false,"stats":{"n":165,"min":317.4299,"max":376.2499,"jit":[20000,3400,1700,1600,6700,1700,1400,1500,2500,2500],"p75":320.1799,"p99":354.7398,"avg":323.2764945454545,"p995":376.2499,"p999":376.2499}},{"name":"stringify","group":null,"time":500,"warmup":true,"baseline":false,"async":false,"stats":{"n":222,"min":231.94,"max":262.0499,"jit":[37800,1700,1200,1200,1300,1200,1200,1200,3300,3700],"p75":239.82,"p99":252.9599,"avg":236.52199144144146,"p995":256.5599,"p999":262.0499}}],"cpu":"Intel(R) Xeon(R) Platinum 8370C CPU @ 2.80GHz","runtime":"deno 1.24.0 (x86_64-unknown-linux-gnu)"}