{"benchmarks":[{"name":"parse","group":null,"time":500,"warmup":true,"baseline":false,"async":false,"stats":{"n":172,"min":304.0141,"max":410.1356,"jit":[18800,2200,1100,1000,3600,900,900,901,65500,4501],"p75":312.2842,"p99":354.3448,"avg":311.50789709302336,"p995":410.1356,"p999":410.1356}},{"name":"stringify","group":null,"time":500,"warmup":true,"baseline":false,"async":false,"stats":{"n":211,"min":242.2734,"max":266.2536,"jit":[50800,1900,1000,1000,900,1000,1000,900,3700,3300],"p75":250.7435,"p99":265.2236,"avg":249.8093156398103,"p995":266.0236,"p999":266.2536}}],"cpu":"Intel(R) Xeon(R) Platinum 8272CL CPU @ 2.60GHz","runtime":"node v16.16.0 (x64-linux)"}