{"benchmarks":[{"name":"JSON.parse('{\"hello\": \"world\"}')","group":null,"time":500,"warmup":true,"baseline":false,"async":false,"stats":{"n":165,"min":309.2009,"max":944.0231,"jit":[25800,2700,1100,900,4000,1000,900,900,1800,3100],"p75":327.6615,"p99":409.5843,"avg":324.78746242424234,"p995":944.0231,"p999":944.0231}},{"name":"JSON.stringify({hello: \"world\"})","group":null,"time":500,"warmup":true,"baseline":false,"async":false,"stats":{"n":192,"min":239.9985,"max":1277.2849,"jit":[67102,1600,900,800,1000,800,800,800,3700,3400],"p75":254.3689,"p99":1193.4419,"avg":273.9685208333334,"p995":1277.2849,"p999":1277.2849}}],"cpu":"Intel(R) Xeon(R) Platinum 8272CL CPU @ 2.60GHz","runtime":"node v18.7.0 (x64-linux)"}