{"benchmarks":[{"name":"JSON.parse('{\"hello\": \"world\"}')","group":null,"time":500,"warmup":true,"baseline":false,"async":false,"stats":{"n":175,"min":296.3099,"max":332.85,"jit":[22100,2100,1200,1000,3800,1000,1000,1100,81100,4900],"p75":306.88,"p99":329.9,"avg":304.39994685714277,"p995":332.85,"p999":332.85}},{"name":"JSON.stringify({hello: \"world\"})","group":null,"time":500,"warmup":true,"baseline":false,"async":false,"stats":{"n":205,"min":227.14,"max":1005.9698,"jit":[68100,1500,1000,1000,900,1000,900,1000,4800,3700],"p75":259.3899,"p99":353.8799,"avg":257.0544917073171,"p995":357.4499,"p999":1005.9698}}],"cpu":"Intel(R) Xeon(R) Platinum 8370C CPU @ 2.80GHz","runtime":"node v18.6.0 (x64-linux)"}