{"benchmarks":[{"name":"parse","group":null,"time":500,"warmup":true,"baseline":false,"async":false,"stats":{"n":185,"min":239.75,"max":814.48,"jit":[24000,2100,1000,900,3500,900,800,800,70200,5000],"p75":289.08,"p99":533.71,"avg":287.32805405405395,"p995":814.48,"p999":814.48}},{"name":"stringify","group":null,"time":500,"warmup":true,"baseline":false,"async":false,"stats":{"n":226,"min":181.46,"max":1047.42,"jit":[91000,2500,1400,1300,1300,1400,1300,1300,5400,3600],"p75":233.1,"p99":460.91,"avg":229.99389380530954,"p995":473.15,"p999":1047.42}}],"cpu":"Intel(R) Core(TM) i5-9300HF CPU @ 2.40GHz","runtime":"node v16.16.0 (x64-linux)"}