{"benchmarks":[{"name":"parse","group":null,"time":500,"warmup":true,"baseline":false,"async":false,"stats":{"n":163,"min":320.617,"max":354.5767,"jit":[18600,2200,1100,1100,4000,1100,1000,1000,64499,4800],"p75":328.837,"p99":352.9466,"avg":328.4556858895706,"p995":354.5767,"p999":354.5767}},{"name":"stringify","group":null,"time":500,"warmup":true,"baseline":false,"async":false,"stats":{"n":220,"min":231.0978,"max":328.3669,"jit":[41299,1700,1000,1100,1100,1100,1000,1000,3500,3300],"p75":238.9577,"p99":254.1676,"avg":238.9375277272725,"p995":292.1673,"p999":328.3669}}],"cpu":"Intel(R) Xeon(R) Platinum 8370C CPU @ 2.80GHz","runtime":"node v16.16.0 (x64-linux)"}