{"benchmarks":[{"name":"parse","group":null,"time":500,"warmup":true,"baseline":false,"async":false,"stats":{"n":164,"min":316.6234,"max":364.8139,"jit":[23900,2200,1100,1100,5100,1200,1100,1100,100901,7100],"p75":329.2336,"p99":363.6639,"avg":326.59603536585354,"p995":364.8139,"p999":364.8139}},{"name":"stringify","group":null,"time":500,"warmup":true,"baseline":false,"async":false,"stats":{"n":209,"min":232.4125,"max":1014.081,"jit":[66601,1700,1100,1000,1100,1200,1000,1000,3500,4200],"p75":252.5027,"p99":268.6429,"avg":252.15488229665067,"p995":277.943,"p999":1014.081}}],"cpu":"Intel(R) Xeon(R) Platinum 8370C CPU @ 2.80GHz","runtime":"node v16.16.0 (x64-linux)"}