{"benchmarks":[{"name":"parse","group":null,"time":500,"warmup":true,"baseline":false,"async":false,"stats":{"n":156,"min":315.0401,"max":539.4532,"jit":[24800,3100,1200,1000,3300,1200,1000,1000,70800,5900],"p75":356.8321,"p99":458.7227,"avg":346.2585583333332,"p995":539.4532,"p999":539.4532}},{"name":"stringify","group":null,"time":500,"warmup":true,"baseline":false,"async":false,"stats":{"n":183,"min":258.1216,"max":357.1021,"jit":[44200,2000,1200,1100,1200,1100,1200,1000,4100,3900],"p75":299.6818,"p99":355.4821,"avg":289.36422896174867,"p995":357.1021,"p999":357.1021}}],"cpu":"Intel(R) Xeon(R) CPU E5-2673 v3 @ 2.40GHz","runtime":"node v16.16.0 (x64-linux)"}