{"benchmarks":[{"name":"parse","group":null,"time":500,"warmup":true,"baseline":false,"async":false,"stats":{"n":165,"min":315.5019,"max":381.5123,"jit":[18400,2200,1200,1000,3400,1000,1100,1000,65101,4500],"p75":325.6419,"p99":377.2723,"avg":325.25334,"p995":381.5123,"p999":381.5123}},{"name":"stringify","group":null,"time":500,"warmup":true,"baseline":false,"async":false,"stats":{"n":217,"min":231.4514,"max":674.374,"jit":[47901,1700,1100,1100,1000,1100,1000,1100,4000,3700],"p75":240.7714,"p99":304.1418,"avg":242.31605760368663,"p995":325.002,"p999":674.374}}],"cpu":"Intel(R) Xeon(R) Platinum 8370C CPU @ 2.80GHz","runtime":"node v16.16.0 (x64-linux)"}