{"benchmarks":[{"name":"JSON.parse('{\"hello\": \"world\"}')","group":null,"time":500,"warmup":true,"baseline":false,"async":false,"stats":{"n":146,"min":334.6727,"max":410.2978,"jit":[25502,3300,1100,1000,4200,1100,1100,1000,88006,5200],"p75":373.5654,"p99":406.2876,"avg":369.47728082191765,"p995":410.2978,"p999":410.2978}},{"name":"JSON.stringify({hello: \"world\"})","group":null,"time":500,"warmup":true,"baseline":false,"async":false,"stats":{"n":165,"min":288.2596,"max":1168.0994,"jit":[72905,1800,1100,1000,1000,900,1100,1000,3400,3701],"p75":308.4309,"p99":895.7008,"avg":321.2947296969695,"p995":1168.0994,"p999":1168.0994}}],"cpu":"Intel(R) Xeon(R) Platinum 8171M CPU @ 2.60GHz","runtime":"node v18.7.0 (x64-linux)"}