{"benchmarks":[{"name":"JSON.parse('{\"hello\": \"world\"}')","group":null,"time":500,"warmup":true,"baseline":false,"async":false,"stats":{"n":172,"min":303.3193,"max":346.2091,"jit":[20000,3100,1100,900,3300,1000,900,800,74399,4400],"p75":312.3392,"p99":336.0468,"avg":310.11980348837204,"p995":346.2091,"p999":346.2091}},{"name":"JSON.stringify({hello: \"world\"})","group":null,"time":500,"warmup":true,"baseline":false,"async":false,"stats":{"n":212,"min":239.1748,"max":267.4654,"jit":[55201,1500,900,800,800,800,800,800,2400,2800],"p75":249.685,"p99":264.6953,"avg":248.16777971698122,"p995":264.9154,"p999":267.4654}}],"cpu":"Intel(R) Xeon(R) Platinum 8272CL CPU @ 2.60GHz","runtime":"node v18.7.0 (x64-linux)"}