{"benchmarks":[{"name":"parse","group":null,"time":500,"warmup":true,"baseline":false,"async":false,"stats":{"n":170,"min":307.8299,"max":345.4399,"jit":[18500,2300,1100,1100,3600,1100,1100,1000,66100,4800],"p75":315.0099,"p99":343.3699,"avg":315.1485982352941,"p995":345.4399,"p999":345.4399}},{"name":"stringify","group":null,"time":500,"warmup":true,"baseline":false,"async":false,"stats":{"n":220,"min":231.7899,"max":256.2499,"jit":[44600,1500,1100,1100,1100,1100,1000,1100,3400,3300],"p75":239.0099,"p99":253.9699,"avg":238.31259999999992,"p995":254.32,"p999":256.2499}}],"cpu":"Intel(R) Xeon(R) Platinum 8370C CPU @ 2.80GHz","runtime":"node v16.16.0 (x64-linux)"}