{"benchmarks":[{"name":"parse","group":null,"time":500,"warmup":true,"baseline":false,"async":false,"stats":{"n":168,"min":308.9193,"max":356.7692,"jit":[22800,2100,1200,1000,4600,1100,1100,1000,72300,5800],"p75":320.3393,"p99":354.3092,"avg":318.58665357142866,"p995":356.7692,"p999":356.7692}},{"name":"stringify","group":null,"time":500,"warmup":true,"baseline":false,"async":false,"stats":{"n":217,"min":232.6295,"max":266.4493,"jit":[63499,1800,1200,1100,1100,1000,1100,1000,3800,3700],"p75":244.4195,"p99":262.4194,"avg":242.5359894009217,"p995":263.3694,"p999":266.4493}}],"cpu":"Intel(R) Xeon(R) Platinum 8370C CPU @ 2.80GHz","runtime":"node v16.16.0 (x64-linux)"}