{"benchmarks":[{"name":"JSON.parse('{\"hello\": \"world\"}')","group":null,"time":500,"warmup":true,"baseline":false,"async":false,"stats":{"n":220,"min":231.73,"max":270.9,"jit":[24700,2100,900,800,3200,900,800,700,61400,4500],"p75":242.76,"p99":261.78,"avg":238.74918181818182,"p995":263.05,"p999":270.9}},{"name":"JSON.stringify({hello: \"world\"})","group":null,"time":500,"warmup":true,"baseline":false,"async":false,"stats":{"n":262,"min":181.87,"max":470.88,"jit":[56200,1700,900,900,800,700,800,1000,2800,3400],"p75":196.2,"p99":367.96,"avg":198.8323664122137,"p995":451.15,"p999":470.88}}],"cpu":"Intel(R) Core(TM) i5-9300HF CPU @ 2.40GHz","runtime":"node v16.16.0 (x64-linux)"}