{"benchmarks":[{"name":"parse","group":null,"time":500,"warmup":true,"baseline":false,"async":false,"stats":{"n":168,"min":307.1605,"max":978.2937,"jit":[21901,2600,1300,1200,3700,1100,1100,1100,72703,5000],"p75":315.1209,"p99":341.1617,"avg":317.92961309523804,"p995":978.2937,"p999":978.2937}},{"name":"stringify","group":null,"time":500,"warmup":true,"baseline":false,"async":false,"stats":{"n":211,"min":242.4984,"max":275.7594,"jit":[44502,1700,1000,1000,1000,901,900,900,3100,3100],"p75":250.6287,"p99":266.0291,"avg":249.81244312796193,"p995":266.6991,"p999":275.7594}}],"cpu":"Intel(R) Xeon(R) Platinum 8272CL CPU @ 2.60GHz","runtime":"node v16.16.0 (x64-linux)"}