{"benchmarks":[{"name":"parse","group":null,"time":500,"warmup":true,"baseline":false,"async":false,"stats":{"n":166,"min":313.8206,"max":367.9708,"jit":[18900,2100,1100,1100,3700,1100,1100,1100,63500,5000],"p75":322.9507,"p99":355.8807,"avg":323.0752132530121,"p995":367.9708,"p999":367.9708}},{"name":"stringify","group":null,"time":500,"warmup":true,"baseline":false,"async":false,"stats":{"n":218,"min":230.8229,"max":958.942,"jit":[45701,1800,1100,1100,1200,1100,1200,1100,3400,3500],"p75":238.233,"p99":266.7606,"avg":240.97833119266045,"p995":281.2706,"p999":958.942}}],"cpu":"Intel(R) Xeon(R) Platinum 8370C CPU @ 2.80GHz","runtime":"node v16.16.0 (x64-linux)"}