{"benchmarks":[{"name":"JSON.parse('{\"hello\": \"world\"}')","group":null,"time":500,"warmup":true,"baseline":false,"async":false,"stats":{"n":174,"min":300.8811,"max":338.4512,"jit":[20400,2600,1100,1000,3500,1100,1000,1100,78700,4600],"p75":308.5311,"p99":334.6612,"avg":307.541359770115,"p995":338.4512,"p999":338.4512}},{"name":"JSON.stringify({hello: \"world\"})","group":null,"time":500,"warmup":true,"baseline":false,"async":false,"stats":{"n":226,"min":224.3007,"max":262.4309,"jit":[46300,1600,1100,1000,1100,1000,1000,900,2400,3100],"p75":232.7708,"p99":250.6109,"avg":232.0529774336283,"p995":253.0009,"p999":262.4309}}],"cpu":"Intel(R) Xeon(R) Platinum 8370C CPU @ 2.80GHz","runtime":"node v18.7.0 (x64-linux)"}