{"benchmarks":[{"name":"parse","group":null,"time":500,"warmup":true,"baseline":false,"async":false,"stats":{"n":165,"min":313.7267,"max":973.8806,"jit":[18801,2100,1100,1000,3200,1000,900,900,64302,4500],"p75":321.7668,"p99":345.2973,"avg":324.3239054545455,"p995":973.8806,"p999":973.8806}},{"name":"stringify","group":null,"time":500,"warmup":true,"baseline":false,"async":false,"stats":{"n":207,"min":242.4651,"max":968.4605,"jit":[45901,1600,1000,901,1000,1000,900,900,3400,3200],"p75":250.8853,"p99":266.6757,"avg":253.62213913043485,"p995":274.8958,"p999":968.4605}}],"cpu":"Intel(R) Xeon(R) Platinum 8272CL CPU @ 2.60GHz","runtime":"node v16.16.0 (x64-linux)"}