{"benchmarks":[{"name":"parse","group":null,"time":500,"warmup":true,"baseline":false,"async":false,"stats":{"n":167,"min":312.2665,"max":350.6861,"jit":[18399,2200,1100,1000,3300,1100,1000,1100,65699,4800],"p75":319.9565,"p99":348.9161,"avg":320.1176844311378,"p995":350.6861,"p999":350.6861}},{"name":"stringify","group":null,"time":500,"warmup":true,"baseline":false,"async":false,"stats":{"n":219,"min":232.5174,"max":258.6171,"jit":[42000,1500,1100,1000,1100,1100,1100,1100,3400,3500],"p75":239.9974,"p99":256.7071,"avg":239.40901826484034,"p995":257.1472,"p999":258.6171}}],"cpu":"Intel(R) Xeon(R) Platinum 8370C CPU @ 2.80GHz","runtime":"node v16.16.0 (x64-linux)"}