{"benchmarks":[{"name":"parse","group":null,"time":500,"warmup":true,"baseline":false,"async":false,"stats":{"n":141,"min":355.2997,"max":418.7814,"jit":[21501,2800,1300,1200,3900,1100,1100,1100,74102,5300],"p75":387.3605,"p99":417.6313,"avg":383.8586432624115,"p995":418.7814,"p999":418.7814}},{"name":"stringify","group":null,"time":500,"warmup":true,"baseline":false,"async":false,"stats":{"n":179,"min":259.3671,"max":336.2491,"jit":[67302,2000,1200,1200,1200,1200,1100,1100,3700,4400],"p75":300.7981,"p99":324.4988,"avg":296.49564413407836,"p995":336.2491,"p999":336.2491}}],"cpu":"Intel(R) Xeon(R) Platinum 8171M CPU @ 2.60GHz","runtime":"node v16.16.0 (x64-linux)"}