{"benchmarks":[{"name":"parse","group":null,"time":500,"warmup":true,"baseline":false,"async":false,"stats":{"n":171,"min":306.1183,"max":512.897,"jit":[19000,2300,1100,1000,4200,900,900,900,64000,4600],"p75":314.4782,"p99":372.1878,"avg":315.0765181286549,"p995":512.897,"p999":512.897}},{"name":"stringify","group":null,"time":500,"warmup":true,"baseline":false,"async":false,"stats":{"n":208,"min":241.2286,"max":969.0945,"jit":[56000,1600,900,1000,1100,900,900,1000,4000,3700],"p75":249.7686,"p99":267.4285,"avg":252.42102115384617,"p995":276.0685,"p999":969.0945}}],"cpu":"Intel(R) Xeon(R) Platinum 8272CL CPU @ 2.60GHz","runtime":"node v16.16.0 (x64-linux)"}