{"benchmarks":[{"name":"parse","group":null,"time":500,"warmup":true,"baseline":false,"async":false,"stats":{"n":169,"min":306.9924,"max":356.3328,"jit":[21600,2200,1201,1000,3800,1000,900,900,66600,4700],"p75":323.4726,"p99":355.3729,"avg":317.2661627218937,"p995":356.3328,"p999":356.3328}},{"name":"stringify","group":null,"time":500,"warmup":true,"baseline":false,"async":false,"stats":{"n":207,"min":243.0341,"max":276.3423,"jit":[72801,1800,900,1000,900,900,900,900,4000,4200],"p75":256.1143,"p99":271.8722,"avg":253.9739357487923,"p995":272.5822,"p999":276.3423}}],"cpu":"Intel(R) Xeon(R) Platinum 8272CL CPU @ 2.60GHz","runtime":"node v16.16.0 (x64-linux)"}