{"benchmarks":[{"name":"JSON.parse('{\"hello\": \"world\"}')","group":null,"time":500,"warmup":true,"baseline":false,"async":false,"stats":{"n":155,"min":300.5723,"max":414.1932,"jit":[26700,3300,1300,1100,4100,1100,4200,1100,2400,3400],"p75":368.0628,"p99":412.913,"avg":347.30977032258085,"p995":414.1932,"p999":414.1932}},{"name":"JSON.stringify({hello: \"world\"})","group":null,"time":500,"warmup":true,"baseline":false,"async":false,"stats":{"n":193,"min":232.3018,"max":1056.958,"jit":[59200,1700,1100,901,900,900,800,900,2900,3600],"p75":283.4722,"p99":324.0725,"avg":273.68353471502604,"p995":1056.958,"p999":1056.958}}],"cpu":"Intel(R) Xeon(R) Platinum 8171M CPU @ 2.60GHz","runtime":"node v18.7.0 (x64-linux)"}