{"benchmarks":[{"name":"JSON.parse('{\"hello\": \"world\"}')","group":null,"time":500,"warmup":true,"baseline":false,"async":false,"stats":{"n":163,"min":318.1453,"max":981.6362,"jit":[19500,2200,1000,900,3600,1100,900,900,65201,4500],"p75":327.5254,"p99":353.6259,"avg":329.5912067484664,"p995":981.6362,"p999":981.6362}},{"name":"JSON.stringify({hello: \"world\"})","group":null,"time":500,"warmup":true,"baseline":false,"async":false,"stats":{"n":209,"min":244.064,"max":279.1746,"jit":[57500,1600,900,1000,1000,900,1000,1000,3100,3800],"p75":252.8742,"p99":266.4744,"avg":251.92788995215312,"p995":268.2344,"p999":279.1746}}],"cpu":"Intel(R) Xeon(R) Platinum 8272CL CPU @ 2.60GHz","runtime":"node v16.16.0 (x64-linux)"}