{"benchmarks":[{"name":"parse","group":null,"time":500,"warmup":true,"baseline":false,"async":false,"stats":{"n":215,"min":229.14,"max":341.89,"jit":[29800,3400,1000,800,5500,1000,800,800,82900,4900],"p75":249.94,"p99":313.72,"avg":244.6563255813953,"p995":340.59,"p999":341.89}},{"name":"stringify","group":null,"time":500,"warmup":true,"baseline":false,"async":false,"stats":{"n":258,"min":181.46,"max":749.71,"jit":[52800,1700,800,900,900,800,700,900,2900,3100],"p75":204.02,"p99":268.46,"avg":201.36112403100788,"p995":281.71,"p999":749.71}}],"cpu":"Intel(R) Core(TM) i5-9300HF CPU @ 2.40GHz","runtime":"node v16.16.0 (x64-linux)"}