{"benchmarks":[{"name":"JSON.parse('{\"hello\": \"world\"}')","group":null,"time":500,"warmup":true,"baseline":false,"async":false,"stats":{"n":168,"min":266.2106,"max":453.2711,"jit":[48000,4100,1000,900,3800,1000,900,17300,129800,5700],"p75":336.9508,"p99":451.0011,"avg":321.4512220238095,"p995":453.2711,"p999":453.2711}},{"name":"JSON.stringify({hello: \"world\"})","group":null,"time":500,"warmup":true,"baseline":false,"async":false,"stats":{"n":193,"min":218.2205,"max":445.951,"jit":[53300,1600,900,800,800,800,900,800,2900,3300],"p75":287.6007,"p99":443.391,"avg":273.3458155440412,"p995":445.951,"p999":445.951}}],"cpu":"Intel(R) Xeon(R) CPU E5-2673 v4 @ 2.30GHz","runtime":"node v18.7.0 (x64-linux)"}