{"benchmarks":[{"name":"JSON.parse('{\"hello\": \"world\"}')","group":null,"time":500,"warmup":true,"baseline":false,"async":false,"stats":{"n":163,"min":322.3037,"max":361.7341,"jit":[22400,2700,1200,1000,3800,1000,1000,1000,79501,4800],"p75":330.7738,"p99":356.6641,"avg":329.4253687116564,"p995":361.7341,"p999":361.7341}},{"name":"JSON.stringify({hello: \"world\"})","group":null,"time":500,"warmup":true,"baseline":false,"async":false,"stats":{"n":226,"min":223.6726,"max":252.7229,"jit":[57801,1400,1000,1000,1000,1000,1000,1000,2700,3800],"p75":232.5827,"p99":249.9028,"avg":231.71004601769923,"p995":249.9829,"p999":252.7229}}],"cpu":"Intel(R) Xeon(R) Platinum 8370C CPU @ 2.80GHz","runtime":"node v18.7.0 (x64-linux)"}